nu_cm1,R_clean,R_noisy
400.00000000,0.25276054,0.25276054
401.00000000,0.25283646,0.25283646
402.00000000,0.25284960,0.25284960
403.00000000,0.25279994,0.25279994
404.00000000,0.25268753,0.25268753
405.00000000,0.25251248,0.25251248
406.00000000,0.25227497,0.25227497
407.00000000,0.25197522,0.25197522
408.00000000,0.25161354,0.25161354
409.00000000,0.25119026,0.25119026
410.00000000,0.25070581,0.25070581
411.00000000,0.25016066,0.25016066
412.00000000,0.24955535,0.24955535
413.00000000,0.24889047,0.24889047
414.00000000,0.24816666,0.24816666
415.00000000,0.24738463,0.24738463
416.00000000,0.24654516,0.24654516
417.00000000,0.24564906,0.24564906
418.00000000,0.24469721,0.24469721
419.00000000,0.24369054,0.24369054
420.00000000,0.24263003,0.24263003
421.00000000,0.24151673,0.24151673
422.00000000,0.24035172,0.24035172
423.00000000,0.23913614,0.23913614
424.00000000,0.23787119,0.23787119
425.00000000,0.23655809,0.23655809
426.00000000,0.23519814,0.23519814
427.00000000,0.23379266,0.23379266
428.00000000,0.23234304,0.23234304
429.00000000,0.23085068,0.23085068
430.00000000,0.22931705,0.22931705
431.00000000,0.22774365,0.22774365
432.00000000,0.22613203,0.22613203
433.00000000,0.22448374,0.22448374
434.00000000,0.22280042,0.22280042
435.00000000,0.22108371,0.22108371
436.00000000,0.21933528,0.21933528
437.00000000,0.21755684,0.21755684
438.00000000,0.21575015,0.21575015
439.00000000,0.21391696,0.21391696
440.00000000,0.21205906,0.21205906
441.00000000,0.21017829,0.21017829
442.00000000,0.20827647,0.20827647
443.00000000,0.20635547,0.20635547
444.00000000,0.20441717,0.20441717
445.00000000,0.20246346,0.20246346
446.00000000,0.20049626,0.20049626
447.00000000,0.19851749,0.19851749
448.00000000,0.19652909,0.19652909
449.00000000,0.19453300,0.19453300
450.00000000,0.19253118,0.19253118
451.00000000,0.19052558,0.19052558
452.00000000,0.18851816,0.18851816
453.00000000,0.18651090,0.18651090
454.00000000,0.18450576,0.18450576
455.00000000,0.18250469,0.18250469
456.00000000,0.18050966,0.18050966
457.00000000,0.17852262,0.17852262
458.00000000,0.17654551,0.17654551
459.00000000,0.17458026,0.17458026
460.00000000,0.17262881,0.17262881
461.00000000,0.17069305,0.17069305
462.00000000,0.16877489,0.16877489
463.00000000,0.16687620,0.16687620
464.00000000,0.16499884,0.16499884
465.00000000,0.16314464,0.16314464
466.00000000,0.16131542,0.16131542
467.00000000,0.15951298,0.15951298
468.00000000,0.15773906,0.15773906
469.00000000,0.15599541,0.15599541
470.00000000,0.15428374,0.15428374
471.00000000,0.15260572,0.15260572
472.00000000,0.15096299,0.15096299
473.00000000,0.14935716,0.14935716
474.00000000,0.14778980,0.14778980
475.00000000,0.14626245,0.14626245
476.00000000,0.14477659,0.14477659
477.00000000,0.14333369,0.14333369
478.00000000,0.14193515,0.14193515
479.00000000,0.14058234,0.14058234
480.00000000,0.13927659,0.13927659
481.00000000,0.13801918,0.13801918
482.00000000,0.13681133,0.13681133
483.00000000,0.13565423,0.13565423
484.00000000,0.13454900,0.13454900
485.00000000,0.13349674,0.13349674
486.00000000,0.13249846,0.13249846
487.00000000,0.13155516,0.13155516
488.00000000,0.13066774,0.13066774
489.00000000,0.12983708,0.12983708
490.00000000,0.12906399,0.12906399
491.00000000,0.12834923,0.12834923
492.00000000,0.12769350,0.12769350
493.00000000,0.12709743,0.12709743
494.00000000,0.12656162,0.12656162
495.00000000,0.12608658,0.12608658
496.00000000,0.12567279,0.12567279
497.00000000,0.12532064,0.12532064
498.00000000,0.12503048,0.12503048
499.00000000,0.12480259,0.12480259
500.00000000,0.12463720,0.12463720
501.00000000,0.12453447,0.12453447
502.00000000,0.12449451,0.12449451
503.00000000,0.12451733,0.12451733
504.00000000,0.12460294,0.12460294
505.00000000,0.12475124,0.12475124
506.00000000,0.12496208,0.12496208
507.00000000,0.12523527,0.12523527
508.00000000,0.12557053,0.12557053
509.00000000,0.12596754,0.12596754
510.00000000,0.12642590,0.12642590
511.00000000,0.12694517,0.12694517
512.00000000,0.12752485,0.12752485
513.00000000,0.12816435,0.12816435
514.00000000,0.12886307,0.12886307
515.00000000,0.12962031,0.12962031
516.00000000,0.13043533,0.13043533
517.00000000,0.13130734,0.13130734
518.00000000,0.13223548,0.13223548
519.00000000,0.13321884,0.13321884
520.00000000,0.13425647,0.13425647
521.00000000,0.13534734,0.13534734
522.00000000,0.13649039,0.13649039
523.00000000,0.13768451,0.13768451
524.00000000,0.13892851,0.13892851
525.00000000,0.14022119,0.14022119
526.00000000,0.14156128,0.14156128
527.00000000,0.14294747,0.14294747
528.00000000,0.14437840,0.14437840
529.00000000,0.14585268,0.14585268
530.00000000,0.14736885,0.14736885
531.00000000,0.14892544,0.14892544
532.00000000,0.15052093,0.15052093
533.00000000,0.15215374,0.15215374
534.00000000,0.15382229,0.15382229
535.00000000,0.15552494,0.15552494
536.00000000,0.15726003,0.15726003
537.00000000,0.15902585,0.15902585
538.00000000,0.16082069,0.16082069
539.00000000,0.16264277,0.16264277
540.00000000,0.16449033,0.16449033
541.00000000,0.16636155,0.16636155
542.00000000,0.16825460,0.16825460
543.00000000,0.17016764,0.17016764
544.00000000,0.17209878,0.17209878
545.00000000,0.17404613,0.17404613
546.00000000,0.17600780,0.17600780
547.00000000,0.17798187,0.17798187
548.00000000,0.17996639,0.17996639
549.00000000,0.18195944,0.18195944
550.00000000,0.18395905,0.18395905
551.00000000,0.18596327,0.18596327
552.00000000,0.18797015,0.18797015
553.00000000,0.18997772,0.18997772
554.00000000,0.19198401,0.19198401
555.00000000,0.19398706,0.19398706
556.00000000,0.19598490,0.19598490
557.00000000,0.19797560,0.19797560
558.00000000,0.19995719,0.19995719
559.00000000,0.20192774,0.20192774
560.00000000,0.20388532,0.20388532
561.00000000,0.20582802,0.20582802
562.00000000,0.20775393,0.20775393
563.00000000,0.20966117,0.20966117
564.00000000,0.21154787,0.21154787
565.00000000,0.21341219,0.21341219
566.00000000,0.21525230,0.21525230
567.00000000,0.21706641,0.21706641
568.00000000,0.21885273,0.21885273
569.00000000,0.22060952,0.22060952
570.00000000,0.22233506,0.22233506
571.00000000,0.22402766,0.22402766
572.00000000,0.22568567,0.22568567
573.00000000,0.22730746,0.22730746
574.00000000,0.22889145,0.22889145
575.00000000,0.23043608,0.23043608
576.00000000,0.23193985,0.23193985
577.00000000,0.23340128,0.23340128
578.00000000,0.23481895,0.23481895
579.00000000,0.23619146,0.23619146
580.00000000,0.23751748,0.23751748
581.00000000,0.23879570,0.23879570
582.00000000,0.24002488,0.24002488
583.00000000,0.24120380,0.24120380
584.00000000,0.24233133,0.24233133
585.00000000,0.24340635,0.24340635
586.00000000,0.24442782,0.24442782
587.00000000,0.24539473,0.24539473
588.00000000,0.24630614,0.24630614
589.00000000,0.24716115,0.24716115
590.00000000,0.24795894,0.24795894
591.00000000,0.24869871,0.24869871
592.00000000,0.24937974,0.24937974
593.00000000,0.25000138,0.25000138
594.00000000,0.25056301,0.25056301
595.00000000,0.25106407,0.25106407
596.00000000,0.25150409,0.25150409
597.00000000,0.25188263,0.25188263
598.00000000,0.25219931,0.25219931
599.00000000,0.25245384,0.25245384
600.00000000,0.25264596,0.25264596
601.00000000,0.25277548,0.25277548
602.00000000,0.25284227,0.25284227
603.00000000,0.25284628,0.25284628
604.00000000,0.25278749,0.25278749
605.00000000,0.25266596,0.25266596
606.00000000,0.25248182,0.25248182
607.00000000,0.25223525,0.25223525
608.00000000,0.25192647,0.25192647
609.00000000,0.25155581,0.25155581
610.00000000,0.25112361,0.25112361
611.00000000,0.25063030,0.25063030
612.00000000,0.25007637,0.25007637
613.00000000,0.24946236,0.24946236
614.00000000,0.24878886,0.24878886
615.00000000,0.24805654,0.24805654
616.00000000,0.24726612,0.24726612
617.00000000,0.24641836,0.24641836
618.00000000,0.24551410,0.24551410
619.00000000,0.24455421,0.24455421
620.00000000,0.24353965,0.24353965
621.00000000,0.24247140,0.24247140
622.00000000,0.24135051,0.24135051
623.00000000,0.24017808,0.24017808
624.00000000,0.23895525,0.23895525
625.00000000,0.23768321,0.23768321
626.00000000,0.23636322,0.23636322
627.00000000,0.23499657,0.23499657
628.00000000,0.23358459,0.23358459
629.00000000,0.23212866,0.23212866
630.00000000,0.23063021,0.23063021
631.00000000,0.22909070,0.22909070
632.00000000,0.22751165,0.22751165
633.00000000,0.22589459,0.22589459
634.00000000,0.22424112,0.22424112
635.00000000,0.22255283,0.22255283
636.00000000,0.22083140,0.22083140
637.00000000,0.21907850,0.21907850
638.00000000,0.21729585,0.21729585
639.00000000,0.21548519,0.21548519
640.00000000,0.21364830,0.21364830
641.00000000,0.21178697,0.21178697
642.00000000,0.20990302,0.20990302
643.00000000,0.20799829,0.20799829
644.00000000,0.20607466,0.20607466
645.00000000,0.20413400,0.20413400
646.00000000,0.20217821,0.20217821
647.00000000,0.20020921,0.20020921
648.00000000,0.19822892,0.19822892
649.00000000,0.19623928,0.19623928
650.00000000,0.19424223,0.19424223
651.00000000,0.19223974,0.19223974
652.00000000,0.19023375,0.19023375
653.00000000,0.18822624,0.18822624
654.00000000,0.18621916,0.18621916
655.00000000,0.18421449,0.18421449
656.00000000,0.18221418,0.18221418
657.00000000,0.18022019,0.18022019
658.00000000,0.17823447,0.17823447
659.00000000,0.17625897,0.17625897
660.00000000,0.17429561,0.17429561
661.00000000,0.17234632,0.17234632
662.00000000,0.17041300,0.17041300
663.00000000,0.16849756,0.16849756
664.00000000,0.16660185,0.16660185
665.00000000,0.16472774,0.16472774
666.00000000,0.16287707,0.16287707
667.00000000,0.16105163,0.16105163
668.00000000,0.15925322,0.15925322
669.00000000,0.15748360,0.15748360
670.00000000,0.15574450,0.15574450
671.00000000,0.15403762,0.15403762
672.00000000,0.15236463,0.15236463
673.00000000,0.15072716,0.15072716
674.00000000,0.14912683,0.14912683
675.00000000,0.14756519,0.14756519
676.00000000,0.14604378,0.14604378
677.00000000,0.14456408,0.14456408
678.00000000,0.14312754,0.14312754
679.00000000,0.14173557,0.14173557
680.00000000,0.14038952,0.14038952
681.00000000,0.13909072,0.13909072
682.00000000,0.13784044,0.13784044
683.00000000,0.13663990,0.13663990
684.00000000,0.13549027,0.13549027
685.00000000,0.13439268,0.13439268
686.00000000,0.13334820,0.13334820
687.00000000,0.13235786,0.13235786
688.00000000,0.13142263,0.13142263
689.00000000,0.13054341,0.13054341
690.00000000,0.12972107,0.12972107
691.00000000,0.12895642,0.12895642
692.00000000,0.12825020,0.12825020
693.00000000,0.12760311,0.12760311
694.00000000,0.12701577,0.12701577
695.00000000,0.12648876,0.12648876
696.00000000,0.12602260,0.12602260
697.00000000,0.12561774,0.12561774
698.00000000,0.12527459,0.12527459
699.00000000,0.12499347,0.12499347
700.00000000,0.12477466,0.12477466
701.00000000,0.12461837,0.12461837
702.00000000,0.12452476,0.12452476
703.00000000,0.12449392,0.12449392
704.00000000,0.12452588,0.12452588
705.00000000,0.12462061,0.12462061
706.00000000,0.12477801,0.12477801
707.00000000,0.12499794,0.12499794
708.00000000,0.12528017,0.12528017
709.00000000,0.12562443,0.12562443
710.00000000,0.12603038,0.12603038
711.00000000,0.12649763,0.12649763
712.00000000,0.12702572,0.12702572
713.00000000,0.12761413,0.12761413
714.00000000,0.12826229,0.12826229
715.00000000,0.12896956,0.12896956
716.00000000,0.12973525,0.12973525
717.00000000,0.13055861,0.13055861
718.00000000,0.13143883,0.13143883
719.00000000,0.13237506,0.13237506
720.00000000,0.13336637,0.13336637
721.00000000,0.13441181,0.13441181
722.00000000,0.13551033,0.13551033
723.00000000,0.13666088,0.13666088
724.00000000,0.13786232,0.13786232
725.00000000,0.13911348,0.13911348
726.00000000,0.14041314,0.14041314
727.00000000,0.14176001,0.14176001
728.00000000,0.14315279,0.14315279
729.00000000,0.14459011,0.14459011
730.00000000,0.14607057,0.14607057
731.00000000,0.14759272,0.14759272
732.00000000,0.14915506,0.14915506
733.00000000,0.15075607,0.15075607
734.00000000,0.15239418,0.15239418
735.00000000,0.15406779,0.15406779
736.00000000,0.15577526,0.15577526
737.00000000,0.15751492,0.15751492
738.00000000,0.15928507,0.15928507
739.00000000,0.16108398,0.16108398
740.00000000,0.16290988,0.16290988
741.00000000,0.16476099,0.16476099
742.00000000,0.16663550,0.16663550
743.00000000,0.16853157,0.16853157
744.00000000,0.17044736,0.17044736
745.00000000,0.17238097,0.17238097
746.00000000,0.17433053,0.17433053
747.00000000,0.17629412,0.17629412
748.00000000,0.17826983,0.17826983
749.00000000,0.18025571,0.18025571
750.00000000,0.18224983,0.18224983
751.00000000,0.18425024,0.18425024
752.00000000,0.18625497,0.18625497
753.00000000,0.18826207,0.18826207
754.00000000,0.19026957,0.19026957
755.00000000,0.19227551,0.19227551
756.00000000,0.19427793,0.19427793
757.00000000,0.19627486,0.19627486
758.00000000,0.19826435,0.19826435
759.00000000,0.20024445,0.20024445
760.00000000,0.20221324,0.20221324
761.00000000,0.20416877,0.20416877
762.00000000,0.20610915,0.20610915
763.00000000,0.20803246,0.20803246
764.00000000,0.20993683,0.20993683
765.00000000,0.21182039,0.21182039
766.00000000,0.21368130,0.21368130
767.00000000,0.21551774,0.21551774
768.00000000,0.21732792,0.21732792
769.00000000,0.21911005,0.21911005
770.00000000,0.22086241,0.22086241
771.00000000,0.22258326,0.22258326
772.00000000,0.22427094,0.22427094
773.00000000,0.22592378,0.22592378
774.00000000,0.22754017,0.22754017
775.00000000,0.22911853,0.22911853
776.00000000,0.23065732,0.23065732
777.00000000,0.23215502,0.23215502
778.00000000,0.23361018,0.23361018
779.00000000,0.23502136,0.23502136
780.00000000,0.23638719,0.23638719
781.00000000,0.23770634,0.23770634
782.00000000,0.23897751,0.23897751
783.00000000,0.24019945,0.24019945
784.00000000,0.24137097,0.24137097
785.00000000,0.24249093,0.24249093
786.00000000,0.24355823,0.24355823
787.00000000,0.24457183,0.24457183
788.00000000,0.24553072,0.24553072
789.00000000,0.24643399,0.24643399
790.00000000,0.24728073,0.24728073
791.00000000,0.24807013,0.24807013
792.00000000,0.24880140,0.24880140
793.00000000,0.24947384,0.24947384
794.00000000,0.25008679,0.25008679
795.00000000,0.25063964,0.25063964
796.00000000,0.25113186,0.25113186
797.00000000,0.25156296,0.25156296
798.00000000,0.25193253,0.25193253
799.00000000,0.25224019,0.25224019
800.00000000,0.25248566,0.25248566
801.00000000,0.25266868,0.25266868
802.00000000,0.25278909,0.25278909
803.00000000,0.25284676,0.25284676
804.00000000,0.25284163,0.25284163
805.00000000,0.25277371,0.25277371
806.00000000,0.25264308,0.25264308
807.00000000,0.25244984,0.25244984
808.00000000,0.25219421,0.25219421
809.00000000,0.25187641,0.25187641
810.00000000,0.25149678,0.25149678
811.00000000,0.25105566,0.25105566
812.00000000,0.25055351,0.25055351
813.00000000,0.24999081,0.24999081
814.00000000,0.24936811,0.24936811
815.00000000,0.24868602,0.24868602
816.00000000,0.24794520,0.24794520
817.00000000,0.24714639,0.24714639
818.00000000,0.24629036,0.24629036
819.00000000,0.24537796,0.24537796
820.00000000,0.24441006,0.24441006
821.00000000,0.24338763,0.24338763
822.00000000,0.24231166,0.24231166
823.00000000,0.24118321,0.24118321
824.00000000,0.24000337,0.24000337
825.00000000,0.23877331,0.23877331
826.00000000,0.23749423,0.23749423
827.00000000,0.23616737,0.23616737
828.00000000,0.23479404,0.23479404
829.00000000,0.23337558,0.23337558
830.00000000,0.23191338,0.23191338
831.00000000,0.23040887,0.23040887
832.00000000,0.22886352,0.22886352
833.00000000,0.22727884,0.22727884
834.00000000,0.22565639,0.22565639
835.00000000,0.22399775,0.22399775
836.00000000,0.22230455,0.22230455
837.00000000,0.22057843,0.22057843
838.00000000,0.21882110,0.21882110
839.00000000,0.21703427,0.21703427
840.00000000,0.21521968,0.21521968
841.00000000,0.21337912,0.21337912
842.00000000,0.21151439,0.21151439
843.00000000,0.20962730,0.20962730
844.00000000,0.20771971,0.20771971
845.00000000,0.20579349,0.20579349
846.00000000,0.20385051,0.20385051
847.00000000,0.20189268,0.20189268
848.00000000,0.19992192,0.19992192
849.00000000,0.19794014,0.19794014
850.00000000,0.19594931,0.19594931
851.00000000,0.19395135,0.19395135
852.00000000,0.19194822,0.19194822
853.00000000,0.18994189,0.18994189
854.00000000,0.18793432,0.18793432
855.00000000,0.18592748,0.18592748
856.00000000,0.18392331,0.18392331
857.00000000,0.18192380,0.18192380
858.00000000,0.17993089,0.17993089
859.00000000,0.17794654,0.17794654
860.00000000,0.17597268,0.17597268
861.00000000,0.17401125,0.17401125
862.00000000,0.17206416,0.17206416
863.00000000,0.17013333,0.17013333
864.00000000,0.16822064,0.16822064
865.00000000,0.16632796,0.16632796
866.00000000,0.16445714,0.16445714
867.00000000,0.16261003,0.16261003
868.00000000,0.16078841,0.16078841
869.00000000,0.15899408,0.15899408
870.00000000,0.15722879,0.15722879
871.00000000,0.15549426,0.15549426
872.00000000,0.15379221,0.15379221
873.00000000,0.15212428,0.15212428
874.00000000,0.15049212,0.15049212
875.00000000,0.14889732,0.14889732
876.00000000,0.14734143,0.14734143
877.00000000,0.14582600,0.14582600
878.00000000,0.14435248,0.14435248
879.00000000,0.14292234,0.14292234
880.00000000,0.14153696,0.14153696
881.00000000,0.14019770,0.14019770
882.00000000,0.13890588,0.13890588
883.00000000,0.13766275,0.13766275
884.00000000,0.13646954,0.13646954
885.00000000,0.13532741,0.13532741
886.00000000,0.13423748,0.13423748
887.00000000,0.13320081,0.13320081
888.00000000,0.13221843,0.13221843
889.00000000,0.13129128,0.13129128
890.00000000,0.13042028,0.13042028
891.00000000,0.12960629,0.12960629
892.00000000,0.12885008,0.12885008
893.00000000,0.12815242,0.12815242
894.00000000,0.12751398,0.12751398
895.00000000,0.12693538,0.12693538
896.00000000,0.12641719,0.12641719
897.00000000,0.12595991,0.12595991
898.00000000,0.12556401,0.12556401
899.00000000,0.12522985,0.12522985
900.00000000,0.12495777,0.12495777
901.00000000,0.12474804,0.12474804
902.00000000,0.12460086,0.12460086
903.00000000,0.12451638,0.12451638
904.00000000,0.12449467,0.12449467
905.00000000,0.12453576,0.12453576
906.00000000,0.12463961,0.12463961
907.00000000,0.12480611,0.12480611
908.00000000,0.12503511,0.12503511
909.00000000,0.12532638,0.12532638
910.00000000,0.12567963,0.12567963
911.00000000,0.12609453,0.12609453
912.00000000,0.12657065,0.12657065
913.00000000,0.12710755,0.12710755
914.00000000,0.12770468,0.12770468
915.00000000,0.12836147,0.12836147
916.00000000,0.12907728,0.12907728
917.00000000,0.12985140,0.12985140
918.00000000,0.13068308,0.13068308
919.00000000,0.13157150,0.13157150
920.00000000,0.13251580,0.13251580
921.00000000,0.13351505,0.13351505
922.00000000,0.13456827,0.13456827
923.00000000,0.13567442,0.13567442
924.00000000,0.13683244,0.13683244
925.00000000,0.13804119,0.13804119
926.00000000,0.13929948,0.13929948
927.00000000,0.14060608,0.14060608
928.00000000,0.14195971,0.14195971
929.00000000,0.14335905,0.14335905
930.00000000,0.14480274,0.14480274
931.00000000,0.14628935,0.14628935
932.00000000,0.14781743,0.14781743
933.00000000,0.14938549,0.14938549
934.00000000,0.15099199,0.15099199
935.00000000,0.15263536,0.15263536
936.00000000,0.15431400,0.15431400
937.00000000,0.15602626,0.15602626
938.00000000,0.15777046,0.15777046
939.00000000,0.15954490,0.15954490
940.00000000,0.16134784,0.16134784
941.00000000,0.16317752,0.16317752
942.00000000,0.16503215,0.16503215
943.00000000,0.16690991,0.16690991
944.00000000,0.16880896,0.16880896
945.00000000,0.17072745,0.17072745
946.00000000,0.17266351,0.17266351
947.00000000,0.17461522,0.17461522
948.00000000,0.17658070,0.17658070
949.00000000,0.17855800,0.17855800
950.00000000,0.18054520,0.18054520
951.00000000,0.18254036,0.18254036
952.00000000,0.18454152,0.18454152
953.00000000,0.18654672,0.18654672
954.00000000,0.18855400,0.18855400
955.00000000,0.19056139,0.19056139
956.00000000,0.19256694,0.19256694
957.00000000,0.19456868,0.19456868
958.00000000,0.19656465,0.19656465
959.00000000,0.19855290,0.19855290
960.00000000,0.20053148,0.20053148
961.00000000,0.20249846,0.20249846
962.00000000,0.20445190,0.20445190
963.00000000,0.20638991,0.20638991
964.00000000,0.20831059,0.20831059
965.00000000,0.21021205,0.21021205
966.00000000,0.21209243,0.21209243
967.00000000,0.21394990,0.21394990
968.00000000,0.21578263,0.21578263
969.00000000,0.21758884,0.21758884
970.00000000,0.21936675,0.21936675
971.00000000,0.22111463,0.22111463
972.00000000,0.22283076,0.22283076
973.00000000,0.22451347,0.22451347
974.00000000,0.22616111,0.22616111
975.00000000,0.22777207,0.22777207
976.00000000,0.22934478,0.22934478
977.00000000,0.23087768,0.23087768
978.00000000,0.23236929,0.23236929
979.00000000,0.23381814,0.23381814
980.00000000,0.23522281,0.23522281
981.00000000,0.23658194,0.23658194
982.00000000,0.23789419,0.23789419
983.00000000,0.23915827,0.23915827
984.00000000,0.24037296,0.24037296
985.00000000,0.24153705,0.24153705
986.00000000,0.24264942,0.24264942
987.00000000,0.24370898,0.24370898
988.00000000,0.24471468,0.24471468
989.00000000,0.24566554,0.24566554
990.00000000,0.24656064,0.24656064
991.00000000,0.24739910,0.24739910
992.00000000,0.24818009,0.24818009
993.00000000,0.24890285,0.24890285
994.00000000,0.24956668,0.24956668
995.00000000,0.25017092,0.25017092
996.00000000,0.25071499,0.25071499
997.00000000,0.25119835,0.25119835
998.00000000,0.25162053,0.25162053
999.00000000,0.25198112,0.25198112
1000.00000000,0.25227976,0.25227976
1001.00000000,0.25251616,0.25251616
1002.00000000,0.25269008,0.25269008
1003.00000000,0.25280137,0.25280137
1004.00000000,0.25284991,0.25284991
1005.00000000,0.25283565,0.25283565
1006.00000000,0.25275861,0.25275861
1007.00000000,0.25261886,0.25261886
1008.00000000,0.25241654,0.25241654
1009.00000000,0.25215185,0.25215185
1010.00000000,0.25182505,0.25182505
1011.00000000,0.25143644,0.25143644
1012.00000000,0.25098643,0.25098643
1013.00000000,0.25047544,0.25047544
1014.00000000,0.24990398,0.24990398
1015.00000000,0.24927260,0.24927260
1016.00000000,0.24858193,0.24858193
1017.00000000,0.24783264,0.24783264
1018.00000000,0.24702545,0.24702545
1019.00000000,0.24616118,0.24616118
1020.00000000,0.24524064,0.24524064
1021.00000000,0.24426476,0.24426476
1022.00000000,0.24323448,0.24323448
1023.00000000,0.24215082,0.24215082
1024.00000000,0.24101482,0.24101482
1025.00000000,0.23982761,0.23982761
1026.00000000,0.23859034,0.23859034
1027.00000000,0.23730423,0.23730423
1028.00000000,0.23597054,0.23597054
1029.00000000,0.23459056,0.23459056
1030.00000000,0.23316565,0.23316565
1031.00000000,0.23169721,0.23169721
1032.00000000,0.23018667,0.23018667
1033.00000000,0.22863550,0.22863550
1034.00000000,0.22704524,0.22704524
1035.00000000,0.22541742,0.22541742
1036.00000000,0.22375366,0.22375366
1037.00000000,0.22205556,0.22205556
1038.00000000,0.22032480,0.22032480
1039.00000000,0.21856307,0.21856307
1040.00000000,0.21677210,0.21677210
1041.00000000,0.21495362,0.21495362
1042.00000000,0.21310944,0.21310944
1043.00000000,0.21124134,0.21124134
1044.00000000,0.20935116,0.20935116
1045.00000000,0.20744074,0.20744074
1046.00000000,0.20551196,0.20551196
1047.00000000,0.20356671,0.20356671
1048.00000000,0.20160688,0.20160688
1049.00000000,0.19963439,0.19963439
1050.00000000,0.19765118,0.19765118
1051.00000000,0.19565918,0.19565918
1052.00000000,0.19366035,0.19366035
1053.00000000,0.19165664,0.19165664
1054.00000000,0.18965001,0.18965001
1055.00000000,0.18764242,0.18764242
1056.00000000,0.18563584,0.18563584
1057.00000000,0.18363224,0.18363224
1058.00000000,0.18163356,0.18163356
1059.00000000,0.17964178,0.17964178
1060.00000000,0.17765883,0.17765883
1061.00000000,0.17568666,0.17568666
1062.00000000,0.17372719,0.17372719
1063.00000000,0.17178235,0.17178235
1064.00000000,0.16985404,0.16985404
1065.00000000,0.16794414,0.16794414
1066.00000000,0.16605453,0.16605453
1067.00000000,0.16418705,0.16418705
1068.00000000,0.16234352,0.16234352
1069.00000000,0.16052576,0.16052576
1070.00000000,0.15873555,0.15873555
1071.00000000,0.15697462,0.15697462
1072.00000000,0.15524472,0.15524472
1073.00000000,0.15354752,0.15354752
1074.00000000,0.15188469,0.15188469
1075.00000000,0.15025787,0.15025787
1076.00000000,0.14866863,0.14866863
1077.00000000,0.14711853,0.14711853
1078.00000000,0.14560910,0.14560910
1079.00000000,0.14414180,0.14414180
1080.00000000,0.14271808,0.14271808
1081.00000000,0.14133932,0.14133932
1082.00000000,0.14000689,0.14000689
1083.00000000,0.13872207,0.13872207
1084.00000000,0.13748612,0.13748612
1085.00000000,0.13630027,0.13630027
1086.00000000,0.13516566,0.13516566
1087.00000000,0.13408341,0.13408341
1088.00000000,0.13305457,0.13305457
1089.00000000,0.13208016,0.13208016
1090.00000000,0.13116112,0.13116112
1091.00000000,0.13029836,0.13029836
1092.00000000,0.12949272,0.12949272
1093.00000000,0.12874499,0.12874499
1094.00000000,0.12805589,0.12805589
1095.00000000,0.12742611,0.12742611
1096.00000000,0.12685626,0.12685626
1097.00000000,0.12634690,0.12634690
1098.00000000,0.12589852,0.12589852
1099.00000000,0.12551157,0.12551157
1100.00000000,0.12518642,0.12518642
1101.00000000,0.12492340,0.12492340
1102.00000000,0.12472275,0.12472275
1103.00000000,0.12458468,0.12458468
1104.00000000,0.12450932,0.12450932
1105.00000000,0.12449674,0.12449674
1106.00000000,0.12454696,0.12454696
1107.00000000,0.12465993,0.12465993
1108.00000000,0.12483553,0.12483553
1109.00000000,0.12507360,0.12507360
1110.00000000,0.12537390,0.12537390
1111.00000000,0.12573614,0.12573614
1112.00000000,0.12615997,0.12615997
1113.00000000,0.12664496,0.12664496
1114.00000000,0.12719064,0.12719064
1115.00000000,0.12779649,0.12779649
1116.00000000,0.12846191,0.12846191
1117.00000000,0.12918624,0.12918624
1118.00000000,0.12996878,0.12996878
1119.00000000,0.13080876,0.13080876
1120.00000000,0.13170536,0.13170536
1121.00000000,0.13265771,0.13265771
1122.00000000,0.13366486,0.13366486
1123.00000000,0.13472584,0.13472584
1124.00000000,0.13583961,0.13583961
1125.00000000,0.13700508,0.13700508
1126.00000000,0.13822110,0.13822110
1127.00000000,0.13948649,0.13948649
1128.00000000,0.14080001,0.14080001
1129.00000000,0.14216038,0.14216038
1130.00000000,0.14356625,0.14356625
1131.00000000,0.14501627,0.14501627
1132.00000000,0.14650900,0.14650900
1133.00000000,0.14804299,0.14804299
1134.00000000,0.14961673,0.14961673
1135.00000000,0.15122870,0.15122870
1136.00000000,0.15287730,0.15287730
1137.00000000,0.15456093,0.15456093
1138.00000000,0.15627793,0.15627793
1139.00000000,0.15802664,0.15802664
1140.00000000,0.15980533,0.15980533
1141.00000000,0.16161227,0.16161227
1142.00000000,0.16344569,0.16344569
1143.00000000,0.16530379,0.16530379
1144.00000000,0.16718476,0.16718476
1145.00000000,0.16908676,0.16908676
1146.00000000,0.17100792,0.17100792
1147.00000000,0.17294637,0.17294637
1148.00000000,0.17490021,0.17490021
1149.00000000,0.17686752,0.17686752
1150.00000000,0.17884638,0.17884638
1151.00000000,0.18083486,0.18083486
1152.00000000,0.18283101,0.18283101
1153.00000000,0.18483288,0.18483288
1154.00000000,0.18683850,0.18683850
1155.00000000,0.18884592,0.18884592
1156.00000000,0.19085317,0.19085317
1157.00000000,0.19285829,0.19285829
1158.00000000,0.19485931,0.19485931
1159.00000000,0.19685428,0.19685428
1160.00000000,0.19884124,0.19884124
1161.00000000,0.20081826,0.20081826
1162.00000000,0.20278339,0.20278339
1163.00000000,0.20473471,0.20473471
1164.00000000,0.20667031,0.20667031
1165.00000000,0.20858831,0.20858831
1166.00000000,0.21048682,0.21048682
1167.00000000,0.21236398,0.21236398
1168.00000000,0.21421797,0.21421797
1169.00000000,0.21604695,0.21604695
1170.00000000,0.21784916,0.21784916
1171.00000000,0.21962281,0.21962281
1172.00000000,0.22136618,0.22136618
1173.00000000,0.22307755,0.22307755
1174.00000000,0.22475527,0.22475527
1175.00000000,0.22639768,0.22639768
1176.00000000,0.22800317,0.22800317
1177.00000000,0.22957018,0.22957018
1178.00000000,0.23109717,0.23109717
1179.00000000,0.23258265,0.23258265
1180.00000000,0.23402516,0.23402516
1181.00000000,0.23542330,0.23542330
1182.00000000,0.23677569,0.23677569
1183.00000000,0.23808102,0.23808102
1184.00000000,0.23933799,0.23933799
1185.00000000,0.24054540,0.24054540
1186.00000000,0.24170204,0.24170204
1187.00000000,0.24280680,0.24280680
1188.00000000,0.24385858,0.24385858
1189.00000000,0.24485637,0.24485637
1190.00000000,0.24579918,0.24579918
1191.00000000,0.24668610,0.24668610
1192.00000000,0.24751625,0.24751625
1193.00000000,0.24828882,0.24828882
1194.00000000,0.24900305,0.24900305
1195.00000000,0.24965826,0.24965826
1196.00000000,0.25025379,0.25025379
1197.00000000,0.25078906,0.25078906
1198.00000000,0.25126355,0.25126355
1199.00000000,0.25167680,0.25167680
1200.00000000,0.25202840,0.25202840
1201.00000000,0.25231800,0.25231800
1202.00000000,0.25254533,0.25254533
1203.00000000,0.25271016,0.25271016
1204.00000000,0.25281233,0.25281233
1205.00000000,0.25285174,0.25285174
1206.00000000,0.25282835,0.25282835
1207.00000000,0.25274219,0.25274219
1208.00000000,0.25259333,0.25259333
1209.00000000,0.25238193,0.25238193
1210.00000000,0.25210818,0.25210818
1211.00000000,0.25177237,0.25177237
1212.00000000,0.25137482,0.25137482
1213.00000000,0.25091591,0.25091591
1214.00000000,0.25039609,0.25039609
1215.00000000,0.24981588,0.24981588
1216.00000000,0.24917584,0.24917584
1217.00000000,0.24847660,0.24847660
1218.00000000,0.24771885,0.24771885
1219.00000000,0.24690331,0.24690331
1220.00000000,0.24603080,0.24603080
1221.00000000,0.24510216,0.24510216
1222.00000000,0.24411831,0.24411831
1223.00000000,0.24308020,0.24308020
1224.00000000,0.24198886,0.24198886
1225.00000000,0.24084535,0.24084535
1226.00000000,0.23965078,0.23965078
1227.00000000,0.23840634,0.23840634
1228.00000000,0.23711323,0.23711323
1229.00000000,0.23577272,0.23577272
1230.00000000,0.23438613,0.23438613
1231.00000000,0.23295480,0.23295480
1232.00000000,0.23148015,0.23148015
1233.00000000,0.22996361,0.22996361
1234.00000000,0.22840666,0.22840666
1235.00000000,0.22681084,0.22681084
1236.00000000,0.22517770,0.22517770
1237.00000000,0.22350884,0.22350884
1238.00000000,0.22180589,0.22180589
1239.00000000,0.22007052,0.22007052
1240.00000000,0.21830443,0.21830443
1241.00000000,0.21650935,0.21650935
1242.00000000,0.21468702,0.21468702
1243.00000000,0.21283925,0.21283925
1244.00000000,0.21096782,0.21096782
1245.00000000,0.20907458,0.20907458
1246.00000000,0.20716138,0.20716138
1247.00000000,0.20523009,0.20523009
1248.00000000,0.20328259,0.20328259
1249.00000000,0.20132080,0.20132080
1250.00000000,0.19934664,0.19934664
1251.00000000,0.19736203,0.19736203
1252.00000000,0.19536892,0.19536892
1253.00000000,0.19336926,0.19336926
1254.00000000,0.19136500,0.19136500
1255.00000000,0.18935811,0.18935811
1256.00000000,0.18735054,0.18735054
1257.00000000,0.18534427,0.18534427
1258.00000000,0.18334126,0.18334126
1259.00000000,0.18134347,0.18134347
1260.00000000,0.17935285,0.17935285
1261.00000000,0.17737135,0.17737135
1262.00000000,0.17540090,0.17540090
1263.00000000,0.17344345,0.17344345
1264.00000000,0.17150089,0.17150089
1265.00000000,0.16957514,0.16957514
1266.00000000,0.16766808,0.16766808
1267.00000000,0.16578156,0.16578156
1268.00000000,0.16391745,0.16391745
1269.00000000,0.16207757,0.16207757
1270.00000000,0.16026370,0.16026370
1271.00000000,0.15847764,0.15847764
1272.00000000,0.15672112,0.15672112
1273.00000000,0.15499586,0.15499586
1274.00000000,0.15330356,0.15330356
1275.00000000,0.15164587,0.15164587
1276.00000000,0.15002441,0.15002441
1277.00000000,0.14844076,0.14844076
1278.00000000,0.14689649,0.14689649
1279.00000000,0.14539309,0.14539309
1280.00000000,0.14393204,0.14393204
1281.00000000,0.14251477,0.14251477
1282.00000000,0.14114267,0.14114267
1283.00000000,0.13981708,0.13981708
1284.00000000,0.13853929,0.13853929
1285.00000000,0.13731055,0.13731055
1286.00000000,0.13613208,0.13613208
1287.00000000,0.13500501,0.13500501
1288.00000000,0.13393047,0.13393047
1289.00000000,0.13290948,0.13290948
1290.00000000,0.13194306,0.13194306
1291.00000000,0.13103215,0.13103215
1292.00000000,0.13017765,0.13017765
1293.00000000,0.12938038,0.12938038
1294.00000000,0.12864113,0.12864113
1295.00000000,0.12796062,0.12796062
1296.00000000,0.12733951,0.12733951
1297.00000000,0.12677843,0.12677843
1298.00000000,0.12627790,0.12627790
1299.00000000,0.12583843,0.12583843
1300.00000000,0.12546044,0.12546044
1301.00000000,0.12514431,0.12514431
1302.00000000,0.12489034,0.12489034
1303.00000000,0.12469878,0.12469878
1304.00000000,0.12456982,0.12456982
1305.00000000,0.12450359,0.12450359
1306.00000000,0.12450014,0.12450014
1307.00000000,0.12455949,0.12455949
1308.00000000,0.12468157,0.12468157
1309.00000000,0.12486627,0.12486627
1310.00000000,0.12511341,0.12511341
1311.00000000,0.12542273,0.12542273
1312.00000000,0.12579395,0.12579395
1313.00000000,0.12622670,0.12622670
1314.00000000,0.12672054,0.12672054
1315.00000000,0.12727501,0.12727501
1316.00000000,0.12788956,0.12788956
1317.00000000,0.12856358,0.12856358
1318.00000000,0.12929643,0.12929643
1319.00000000,0.13008737,0.13008737
1320.00000000,0.13093563,0.13093563
1321.00000000,0.13184040,0.13184040
1322.00000000,0.13280077,0.13280077
1323.00000000,0.13381582,0.13381582
1324.00000000,0.13488454,0.13488454
1325.00000000,0.13600589,0.13600589
1326.00000000,0.13717878,0.13717878
1327.00000000,0.13840206,0.13840206
1328.00000000,0.13967453,0.13967453
1329.00000000,0.14099494,0.14099494
1330.00000000,0.14236201,0.14236201
1331.00000000,0.14377439,0.14377439
1332.00000000,0.14523070,0.14523070
1333.00000000,0.14672952,0.14672952
1334.00000000,0.14826939,0.14826939
1335.00000000,0.14984879,0.14984879
1336.00000000,0.15146617,0.15146617
1337.00000000,0.15311997,0.15311997
1338.00000000,0.15480856,0.15480856
1339.00000000,0.15653028,0.15653028
1340.00000000,0.15828345,0.15828345
1341.00000000,0.16006636,0.16006636
1342.00000000,0.16187726,0.16187726
1343.00000000,0.16371438,0.16371438
1344.00000000,0.16557592,0.16557592
1345.00000000,0.16746006,0.16746006
1346.00000000,0.16936496,0.16936496
1347.00000000,0.17128876,0.17128876
1348.00000000,0.17322956,0.17322956
1349.00000000,0.17518548,0.17518548
1350.00000000,0.17715459,0.17715459
1351.00000000,0.17913497,0.17913497
1352.00000000,0.18112469,0.18112469
1353.00000000,0.18312179,0.18312179
1354.00000000,0.18512432,0.18512432
1355.00000000,0.18713033,0.18713033
1356.00000000,0.18913785,0.18913785
1357.00000000,0.19114491,0.19114491
1358.00000000,0.19314955,0.19314955
1359.00000000,0.19514982,0.19514982
1360.00000000,0.19714374,0.19714374
1361.00000000,0.19912938,0.19912938
1362.00000000,0.20110478,0.20110478
1363.00000000,0.20306802,0.20306802
1364.00000000,0.20501718,0.20501718
1365.00000000,0.20695034,0.20695034
1366.00000000,0.20886562,0.20886562
1367.00000000,0.21076114,0.21076114
1368.00000000,0.21263505,0.21263505
1369.00000000,0.21448551,0.21448551
1370.00000000,0.21631071,0.21631071
1371.00000000,0.21810887,0.21810887
1372.00000000,0.21987823,0.21987823
1373.00000000,0.22161705,0.22161705
1374.00000000,0.22332364,0.22332364
1375.00000000,0.22499632,0.22499632
1376.00000000,0.22663346,0.22663346
1377.00000000,0.22823345,0.22823345
1378.00000000,0.22979474,0.22979474
1379.00000000,0.23131578,0.23131578
1380.00000000,0.23279510,0.23279510
1381.00000000,0.23423125,0.23423125
1382.00000000,0.23562282,0.23562282
1383.00000000,0.23696845,0.23696845
1384.00000000,0.23826682,0.23826682
1385.00000000,0.23951667,0.23951667
1386.00000000,0.24071676,0.24071676
1387.00000000,0.24186593,0.24186593
1388.00000000,0.24296305,0.24296305
1389.00000000,0.24400705,0.24400705
1390.00000000,0.24499690,0.24499690
1391.00000000,0.24593164,0.24593164
1392.00000000,0.24681035,0.24681035
1393.00000000,0.24763218,0.24763218
1394.00000000,0.24839631,0.24839631
1395.00000000,0.24910201,0.24910201
1396.00000000,0.24974857,0.24974857
1397.00000000,0.25033538,0.25033538
1398.00000000,0.25086184,0.25086184
1399.00000000,0.25132746,0.25132746
1400.00000000,0.25173176,0.25173176
1401.00000000,0.25207437,0.25207437
1402.00000000,0.25235493,0.25235493
1403.00000000,0.25257319,0.25257319
1404.00000000,0.25272891,0.25272891
1405.00000000,0.25282196,0.25282196
1406.00000000,0.25285224,0.25285224
1407.00000000,0.25281972,0.25281972
1408.00000000,0.25272443,0.25272443
1409.00000000,0.25256647,0.25256647
1410.00000000,0.25234599,0.25234599
1411.00000000,0.25206320,0.25206320
1412.00000000,0.25171839,0.25171839
1413.00000000,0.25131189,0.25131189
1414.00000000,0.25084409,0.25084409
1415.00000000,0.25031546,0.25031546
1416.00000000,0.24972652,0.24972652
1417.00000000,0.24907783,0.24907783
1418.00000000,0.24837004,0.24837004
1419.00000000,0.24760383,0.24760383
1420.00000000,0.24677996,0.24677996
1421.00000000,0.24589923,0.24589923
1422.00000000,0.24496251,0.24496251
1423.00000000,0.24397071,0.24397071
1424.00000000,0.24292480,0.24292480
1425.00000000,0.24182580,0.24182580
1426.00000000,0.24067479,0.24067479
1427.00000000,0.23947290,0.23947290
1428.00000000,0.23822131,0.23822131
1429.00000000,0.23692122,0.23692122
1430.00000000,0.23557393,0.23557393
1431.00000000,0.23418075,0.23418075
1432.00000000,0.23274304,0.23274304
1433.00000000,0.23126220,0.23126220
1434.00000000,0.22973969,0.22973969
1435.00000000,0.22817700,0.22817700
1436.00000000,0.22657565,0.22657565
1437.00000000,0.22493721,0.22493721
1438.00000000,0.22326330,0.22326330
1439.00000000,0.22155553,0.22155553
1440.00000000,0.21981559,0.21981559
1441.00000000,0.21804517,0.21804517
1442.00000000,0.21624602,0.21624602
1443.00000000,0.21441988,0.21441988
1444.00000000,0.21256855,0.21256855
1445.00000000,0.21069384,0.21069384
1446.00000000,0.20879759,0.20879759
1447.00000000,0.20688164,0.20688164
1448.00000000,0.20494787,0.20494787
1449.00000000,0.20299818,0.20299818
1450.00000000,0.20103447,0.20103447
1451.00000000,0.19905867,0.19905867
1452.00000000,0.19707270,0.19707270
1453.00000000,0.19507852,0.19507852
1454.00000000,0.19307806,0.19307806
1455.00000000,0.19107330,0.19107330
1456.00000000,0.18906619,0.18906619
1457.00000000,0.18705869,0.18705869
1458.00000000,0.18505277,0.18505277
1459.00000000,0.18305040,0.18305040
1460.00000000,0.18105353,0.18105353
1461.00000000,0.17906411,0.17906411
1462.00000000,0.17708410,0.17708410
1463.00000000,0.17511542,0.17511542
1464.00000000,0.17316001,0.17316001
1465.00000000,0.17121978,0.17121978
1466.00000000,0.16929663,0.16929663
1467.00000000,0.16739244,0.16739244
1468.00000000,0.16550907,0.16550907
1469.00000000,0.16364837,0.16364837
1470.00000000,0.16181216,0.16181216
1471.00000000,0.16000223,0.16000223
1472.00000000,0.15822035,0.15822035
1473.00000000,0.15646827,0.15646827
1474.00000000,0.15474770,0.15474770
1475.00000000,0.15306033,0.15306033
1476.00000000,0.15140781,0.15140781
1477.00000000,0.14979175,0.14979175
1478.00000000,0.14821373,0.14821373
1479.00000000,0.14667531,0.14667531
1480.00000000,0.14517798,0.14517798
1481.00000000,0.14372321,0.14372321
1482.00000000,0.14231242,0.14231242
1483.00000000,0.14094700,0.14094700
1484.00000000,0.13962828,0.13962828
1485.00000000,0.13835754,0.13835754
1486.00000000,0.13713604,0.13713604
1487.00000000,0.13596497,0.13596497
1488.00000000,0.13484548,0.13484548
1489.00000000,0.13377866,0.13377866
1490.00000000,0.13276554,0.13276554
1491.00000000,0.13180714,0.13180714
1492.00000000,0.13090438,0.13090438
1493.00000000,0.13005814,0.13005814
1494.00000000,0.12926926,0.12926926
1495.00000000,0.12853851,0.12853851
1496.00000000,0.12786660,0.12786660
1497.00000000,0.12725419,0.12725419
1498.00000000,0.12670187,0.12670187
1499.00000000,0.12621020,0.12621020
1500.00000000,0.12577964,0.12577964
1501.00000000,0.12541063,0.12541063
1502.00000000,0.12510351,0.12510351
1503.00000000,0.12485860,0.12485860
1504.00000000,0.12467614,0.12467614
1505.00000000,0.12455629,0.12455629
1506.00000000,0.12449918,0.12449918
1507.00000000,0.12450487,0.12450487
1508.00000000,0.12457335,0.12457335
1509.00000000,0.12470454,0.12470454
1510.00000000,0.12489833,0.12489833
1511.00000000,0.12515453,0.12515453
1512.00000000,0.12547287,0.12547287
1513.00000000,0.12585306,0.12585306
1514.00000000,0.12629472,0.12629472
1515.00000000,0.12679741,0.12679741
1516.00000000,0.12736065,0.12736065
1517.00000000,0.12798389,0.12798389
1518.00000000,0.12866651,0.12866651
1519.00000000,0.12940784,0.12940784
1520.00000000,0.13020717,0.13020717
1521.00000000,0.13106370,0.13106370
1522.00000000,0.13197661,0.13197661
1523.00000000,0.13294499,0.13294499
1524.00000000,0.13396790,0.13396790
1525.00000000,0.13504435,0.13504435
1526.00000000,0.13617326,0.13617326
1527.00000000,0.13735355,0.13735355
1528.00000000,0.13858406,0.13858406
1529.00000000,0.13986358,0.13986358
1530.00000000,0.14119085,0.14119085
1531.00000000,0.14256459,0.14256459
1532.00000000,0.14398345,0.14398345
1533.00000000,0.14544603,0.14544603
1534.00000000,0.14695091,0.14695091
1535.00000000,0.14849662,0.14849662
1536.00000000,0.15008164,0.15008164
1537.00000000,0.15170442,0.15170442
1538.00000000,0.15336338,0.15336338
1539.00000000,0.15505689,0.15505689
1540.00000000,0.15678329,0.15678329
1541.00000000,0.15854089,0.15854089
1542.00000000,0.16032798,0.16032798
1543.00000000,0.16214280,0.16214280
1544.00000000,0.16398358,0.16398358
1545.00000000,0.16584853,0.16584853
1546.00000000,0.16773580,0.16773580
1547.00000000,0.16964357,0.16964357
1548.00000000,0.17156995,0.17156995
1549.00000000,0.17351307,0.17351307
1550.00000000,0.17547102,0.17547102
1551.00000000,0.17744189,0.17744189
1552.00000000,0.17942376,0.17942376
1553.00000000,0.18141467,0.18141467
1554.00000000,0.18341268,0.18341268
1555.00000000,0.18541584,0.18541584
1556.00000000,0.18742219,0.18742219
1557.00000000,0.18942976,0.18942976
1558.00000000,0.19143660,0.19143660
1559.00000000,0.19344072,0.19344072
1560.00000000,0.19544019,0.19544019
1561.00000000,0.19743303,0.19743303
1562.00000000,0.19941730,0.19941730
1563.00000000,0.20139105,0.20139105
1564.00000000,0.20335237,0.20335237
1565.00000000,0.20529931,0.20529931
1566.00000000,0.20722999,0.20722999
1567.00000000,0.20914252,0.20914252
1568.00000000,0.21103501,0.21103501
1569.00000000,0.21290562,0.21290562
1570.00000000,0.21475252,0.21475252
1571.00000000,0.21657390,0.21657390
1572.00000000,0.21836798,0.21836798
1573.00000000,0.22013300,0.22013300
1574.00000000,0.22186724,0.22186724
1575.00000000,0.22356900,0.22356900
1576.00000000,0.22523662,0.22523662
1577.00000000,0.22686845,0.22686845
1578.00000000,0.22846291,0.22846291
1579.00000000,0.23001844,0.23001844
1580.00000000,0.23153351,0.23153351
1581.00000000,0.23300665,0.23300665
1582.00000000,0.23443640,0.23443640
1583.00000000,0.23582137,0.23582137
1584.00000000,0.23716021,0.23716021
1585.00000000,0.23845160,0.23845160
1586.00000000,0.23969429,0.23969429
1587.00000000,0.24088705,0.24088705
1588.00000000,0.24202872,0.24202872
1589.00000000,0.24311818,0.24311818
1590.00000000,0.24415437,0.24415437
1591.00000000,0.24513626,0.24513626
1592.00000000,0.24606291,0.24606291
1593.00000000,0.24693341,0.24693341
1594.00000000,0.24774689,0.24774689
1595.00000000,0.24850257,0.24850257
1596.00000000,0.24919971,0.24919971
1597.00000000,0.24983762,0.24983762
1598.00000000,0.25041569,0.25041569
1599.00000000,0.25093334,0.25093334
1600.00000000,0.25139006,0.25139006
1601.00000000,0.25178542,0.25178542
1602.00000000,0.25211903,0.25211903
1603.00000000,0.25239055,0.25239055
1604.00000000,0.25259972,0.25259972
1605.00000000,0.25274634,0.25274634
1606.00000000,0.25283027,0.25283027
1607.00000000,0.25285142,0.25285142
1608.00000000,0.25280976,0.25280976
1609.00000000,0.25270536,0.25270536
1610.00000000,0.25253829,0.25253829
1611.00000000,0.25230874,0.25230874
1612.00000000,0.25201691,0.25201691
1613.00000000,0.25166311,0.25166311
1614.00000000,0.25124767,0.25124767
1615.00000000,0.25077100,0.25077100
1616.00000000,0.25023356,0.25023356
1617.00000000,0.24963589,0.24963589
1618.00000000,0.24897857,0.24897857
1619.00000000,0.24826224,0.24826224
1620.00000000,0.24748760,0.24748760
1621.00000000,0.24665541,0.24665541
1622.00000000,0.24576649,0.24576649
1623.00000000,0.24482170,0.24482170
1624.00000000,0.24382196,0.24382196
1625.00000000,0.24276827,0.24276827
1626.00000000,0.24166164,0.24166164
1627.00000000,0.24050316,0.24050316
1628.00000000,0.23929397,0.23929397
1629.00000000,0.23803525,0.23803525
1630.00000000,0.23672822,0.23672822
1631.00000000,0.23537417,0.23537417
1632.00000000,0.23397443,0.23397443
1633.00000000,0.23253036,0.23253036
1634.00000000,0.23104337,0.23104337
1635.00000000,0.22951493,0.22951493
1636.00000000,0.22794652,0.22794652
1637.00000000,0.22633968,0.22633968
1638.00000000,0.22469598,0.22469598
1639.00000000,0.22301704,0.22301704
1640.00000000,0.22130449,0.22130449
1641.00000000,0.21956001,0.21956001
1642.00000000,0.21778531,0.21778531
1643.00000000,0.21598212,0.21598212
1644.00000000,0.21415221,0.21415221
1645.00000000,0.21229737,0.21229737
1646.00000000,0.21041941,0.21041941
1647.00000000,0.20852017,0.20852017
1648.00000000,0.20660152,0.20660152
1649.00000000,0.20466532,0.20466532
1650.00000000,0.20271347,0.20271347
1651.00000000,0.20074788,0.20074788
1652.00000000,0.19877048,0.19877048
1653.00000000,0.19678320,0.19678320
1654.00000000,0.19478798,0.19478798
1655.00000000,0.19278678,0.19278678
1656.00000000,0.19078155,0.19078155
1657.00000000,0.18877426,0.18877426
1658.00000000,0.18676687,0.18676687
1659.00000000,0.18476135,0.18476135
1660.00000000,0.18275965,0.18275965
1661.00000000,0.18076374,0.18076374
1662.00000000,0.17877557,0.17877557
1663.00000000,0.17679709,0.17679709
1664.00000000,0.17483022,0.17483022
1665.00000000,0.17287690,0.17287690
1666.00000000,0.17093904,0.17093904
1667.00000000,0.16901853,0.16901853
1668.00000000,0.16711725,0.16711725
1669.00000000,0.16523706,0.16523706
1670.00000000,0.16337981,0.16337981
1671.00000000,0.16154731,0.16154731
1672.00000000,0.15974134,0.15974134
1673.00000000,0.15796369,0.15796369
1674.00000000,0.15621609,0.15621609
1675.00000000,0.15450025,0.15450025
1676.00000000,0.15281784,0.15281784
1677.00000000,0.15117052,0.15117052
1678.00000000,0.14955989,0.14955989
1679.00000000,0.14798754,0.14798754
1680.00000000,0.14645500,0.14645500
1681.00000000,0.14496377,0.14496377
1682.00000000,0.14351530,0.14351530
1683.00000000,0.14211103,0.14211103
1684.00000000,0.14075231,0.14075231
1685.00000000,0.13944049,0.13944049
1686.00000000,0.13817684,0.13817684
1687.00000000,0.13696260,0.13696260
1688.00000000,0.13579896,0.13579896
1689.00000000,0.13468706,0.13468706
1690.00000000,0.13362798,0.13362798
1691.00000000,0.13262276,0.13262276
1692.00000000,0.13167239,0.13167239
1693.00000000,0.13077780,0.13077780
1694.00000000,0.12993985,0.12993985
1695.00000000,0.12915938,0.12915938
1696.00000000,0.12843714,0.12843714
1697.00000000,0.12777384,0.12777384
1698.00000000,0.12717013,0.12717013
1699.00000000,0.12662660,0.12662660
1700.00000000,0.12614378,0.12614378
1701.00000000,0.12572215,0.12572215
1702.00000000,0.12536212,0.12536212
1703.00000000,0.12506403,0.12506403
1704.00000000,0.12482819,0.12482819
1705.00000000,0.12465482,0.12465482
1706.00000000,0.12454409,0.12454409
1707.00000000,0.12449611,0.12449611
1708.00000000,0.12451093,0.12451093
1709.00000000,0.12458853,0.12458853
1710.00000000,0.12472884,0.12472884
1711.00000000,0.12493171,0.12493171
1712.00000000,0.12519696,0.12519696
1713.00000000,0.12552432,0.12552432
1714.00000000,0.12591347,0.12591347
1715.00000000,0.12636403,0.12636403
1716.00000000,0.12687556,0.12687556
1717.00000000,0.12744756,0.12744756
1718.00000000,0.12807947,0.12807947
1719.00000000,0.12877067,0.12877067
1720.00000000,0.12952048,0.12952048
1721.00000000,0.13032818,0.13032818
1722.00000000,0.13119296,0.13119296
1723.00000000,0.13211399,0.13211399
1724.00000000,0.13309037,0.13309037
1725.00000000,0.13412113,0.13412113
1726.00000000,0.13520526,0.13520526
1727.00000000,0.13634172,0.13634172
1728.00000000,0.13752939,0.13752939
1729.00000000,0.13876709,0.13876709
1730.00000000,0.14005363,0.14005363
1731.00000000,0.14138775,0.14138775
1732.00000000,0.14276813,0.14276813
1733.00000000,0.14419343,0.14419343
1734.00000000,0.14566226,0.14566226
1735.00000000,0.14717317,0.14717317
1736.00000000,0.14872469,0.14872469
1737.00000000,0.15031530,0.15031530
1738.00000000,0.15194344,0.15194344
1739.00000000,0.15360752,0.15360752
1740.00000000,0.15530591,0.15530591
1741.00000000,0.15703695,0.15703695
1742.00000000,0.15879895,0.15879895
1743.00000000,0.16059018,0.16059018
1744.00000000,0.16240889,0.16240889
1745.00000000,0.16425330,0.16425330
1746.00000000,0.16612161,0.16612161
1747.00000000,0.16801198,0.16801198
1748.00000000,0.16992256,0.16992256
1749.00000000,0.17185150,0.17185150
1750.00000000,0.17379689,0.17379689
1751.00000000,0.17575684,0.17575684
1752.00000000,0.17772943,0.17772943
1753.00000000,0.17971273,0.17971273
1754.00000000,0.18170480,0.18170480
1755.00000000,0.18370368,0.18370368
1756.00000000,0.18570743,0.18570743
1757.00000000,0.18771408,0.18771408
1758.00000000,0.18972166,0.18972166
1759.00000000,0.19172822,0.19172822
1760.00000000,0.19373180,0.19373180
1761.00000000,0.19573042,0.19573042
1762.00000000,0.19772213,0.19772213
1763.00000000,0.19970499,0.19970499
1764.00000000,0.20167706,0.20167706
1765.00000000,0.20363640,0.20363640
1766.00000000,0.20558110,0.20558110
1767.00000000,0.20750926,0.20750926
1768.00000000,0.20941898,0.20941898
1769.00000000,0.21130841,0.21130841
1770.00000000,0.21317569,0.21317569
1771.00000000,0.21501899,0.21501899
1772.00000000,0.21683651,0.21683651
1773.00000000,0.21862647,0.21862647
1774.00000000,0.22038713,0.22038713
1775.00000000,0.22211675,0.22211675
1776.00000000,0.22381364,0.22381364
1777.00000000,0.22547616,0.22547616
1778.00000000,0.22710266,0.22710266
1779.00000000,0.22869155,0.22869155
1780.00000000,0.23024129,0.23024129
1781.00000000,0.23175036,0.23175036
1782.00000000,0.23321727,0.23321727
1783.00000000,0.23464060,0.23464060
1784.00000000,0.23601894,0.23601894
1785.00000000,0.23735096,0.23735096
1786.00000000,0.23863535,0.23863535
1787.00000000,0.23987085,0.23987085
1788.00000000,0.24105626,0.24105626
1789.00000000,0.24219040,0.24219040
1790.00000000,0.24327218,0.24327218
1791.00000000,0.24430054,0.24430054
1792.00000000,0.24527446,0.24527446
1793.00000000,0.24619300,0.24619300
1794.00000000,0.24705525,0.24705525
1795.00000000,0.24786038,0.24786038
1796.00000000,0.24860760,0.24860760
1797.00000000,0.24929616,0.24929616
1798.00000000,0.24992541,0.24992541
1799.00000000,0.25049472,0.25049472
1800.00000000,0.25100354,0.25100354
1801.00000000,0.25145137,0.25145137
1802.00000000,0.25183778,0.25183778
1803.00000000,0.25216237,0.25216237
1804.00000000,0.25242484,0.25242484
1805.00000000,0.25262493,0.25262493
1806.00000000,0.25276244,0.25276244
1807.00000000,0.25283724,0.25283724
1808.00000000,0.25284926,0.25284926
1809.00000000,0.25279848,0.25279848
1810.00000000,0.25268495,0.25268495
1811.00000000,0.25250879,0.25250879
1812.00000000,0.25227017,0.25227017
1813.00000000,0.25196931,0.25196931
1814.00000000,0.25160652,0.25160652
1815.00000000,0.25118215,0.25118215
1816.00000000,0.25069661,0.25069661
1817.00000000,0.25015039,0.25015039
1818.00000000,0.24954401,0.24954401
1819.00000000,0.24887806,0.24887806
1820.00000000,0.24815321,0.24815321
1821.00000000,0.24737015,0.24737015
1822.00000000,0.24652966,0.24652966
1823.00000000,0.24563256,0.24563256
1824.00000000,0.24467972,0.24467972
1825.00000000,0.24367208,0.24367208
1826.00000000,0.24261062,0.24261062
1827.00000000,0.24149639,0.24149639
1828.00000000,0.24033046,0.24033046
1829.00000000,0.23911399,0.23911399
1830.00000000,0.23784817,0.23784817
1831.00000000,0.23653422,0.23653422
1832.00000000,0.23517345,0.23517345
1833.00000000,0.23376717,0.23376717
1834.00000000,0.23231677,0.23231677
1835.00000000,0.23082367,0.23082367
1836.00000000,0.22928931,0.22928931
1837.00000000,0.22771522,0.22771522
1838.00000000,0.22610292,0.22610292
1839.00000000,0.22445400,0.22445400
1840.00000000,0.22277007,0.22277007
1841.00000000,0.22105277,0.22105277
1842.00000000,0.21930379,0.21930379
1843.00000000,0.21752484,0.21752484
1844.00000000,0.21571766,0.21571766
1845.00000000,0.21388401,0.21388401
1846.00000000,0.21202569,0.21202569
1847.00000000,0.21014453,0.21014453
1848.00000000,0.20824235,0.20824235
1849.00000000,0.20632103,0.20632103
1850.00000000,0.20438243,0.20438243
1851.00000000,0.20242847,0.20242847
1852.00000000,0.20046104,0.20046104
1853.00000000,0.19848208,0.19848208
1854.00000000,0.19649353,0.19649353
1855.00000000,0.19449732,0.19449732
1856.00000000,0.19249541,0.19249541
1857.00000000,0.19048976,0.19048976
1858.00000000,0.18848233,0.18848233
1859.00000000,0.18647509,0.18647509
1860.00000000,0.18447000,0.18447000
1861.00000000,0.18246903,0.18246903
1862.00000000,0.18047412,0.18047412
1863.00000000,0.17848724,0.17848724
1864.00000000,0.17651032,0.17651032
1865.00000000,0.17454531,0.17454531
1866.00000000,0.17259412,0.17259412
1867.00000000,0.17065866,0.17065866
1868.00000000,0.16874083,0.16874083
1869.00000000,0.16684250,0.16684250
1870.00000000,0.16496554,0.16496554
1871.00000000,0.16311177,0.16311177
1872.00000000,0.16128302,0.16128302
1873.00000000,0.15948106,0.15948106
1874.00000000,0.15770767,0.15770767
1875.00000000,0.15596458,0.15596458
1876.00000000,0.15425350,0.15425350
1877.00000000,0.15257609,0.15257609
1878.00000000,0.15093400,0.15093400
1879.00000000,0.14932885,0.14932885
1880.00000000,0.14776219,0.14776219
1881.00000000,0.14623556,0.14623556
1882.00000000,0.14475046,0.14475046
1883.00000000,0.14330833,0.14330833
1884.00000000,0.14191060,0.14191060
1885.00000000,0.14055862,0.14055862
1886.00000000,0.13925372,0.13925372
1887.00000000,0.13799718,0.13799718
1888.00000000,0.13679023,0.13679023
1889.00000000,0.13563404,0.13563404
1890.00000000,0.13452975,0.13452975
1891.00000000,0.13347844,0.13347844
1892.00000000,0.13248114,0.13248114
1893.00000000,0.13153883,0.13153883
1894.00000000,0.13065242,0.13065242
1895.00000000,0.12982278,0.12982278
1896.00000000,0.12905072,0.12905072
1897.00000000,0.12833701,0.12833701
1898.00000000,0.12768234,0.12768234
1899.00000000,0.12708734,0.12708734
1900.00000000,0.12655261,0.12655261
1901.00000000,0.12607866,0.12607866
1902.00000000,0.12566596,0.12566596
1903.00000000,0.12531492,0.12531492
1904.00000000,0.12502586,0.12502586
1905.00000000,0.12479909,0.12479909
1906.00000000,0.12463482,0.12463482
1907.00000000,0.12453321,0.12453321
1908.00000000,0.12449436,0.12449436
1909.00000000,0.12451831,0.12451831
1910.00000000,0.12460504,0.12460504
1911.00000000,0.12475445,0.12475445
1912.00000000,0.12496641,0.12496641
1913.00000000,0.12524071,0.12524071
1914.00000000,0.12557708,0.12557708
1915.00000000,0.12597518,0.12597518
1916.00000000,0.12643464,0.12643464
1917.00000000,0.12695499,0.12695499
1918.00000000,0.12753574,0.12753574
1919.00000000,0.12817631,0.12817631
1920.00000000,0.12887607,0.12887607
1921.00000000,0.12963435,0.12963435
1922.00000000,0.13045040,0.13045040
1923.00000000,0.13132341,0.13132341
1924.00000000,0.13225255,0.13225255
1925.00000000,0.13323689,0.13323689
1926.00000000,0.13427547,0.13427547
1927.00000000,0.13536729,0.13536729
1928.00000000,0.13651126,0.13651126
1929.00000000,0.13770628,0.13770628
1930.00000000,0.13895116,0.13895116
1931.00000000,0.14024470,0.14024470
1932.00000000,0.14158562,0.14158562
1933.00000000,0.14297262,0.14297262
1934.00000000,0.14440434,0.14440434
1935.00000000,0.14587938,0.14587938
1936.00000000,0.14739628,0.14739628
1937.00000000,0.14895358,0.14895358
1938.00000000,0.15054974,0.15054974
1939.00000000,0.15218321,0.15218321
1940.00000000,0.15385238,0.15385238
1941.00000000,0.15555563,0.15555563
1942.00000000,0.15729128,0.15729128
1943.00000000,0.15905764,0.15905764
1944.00000000,0.16085297,0.16085297
1945.00000000,0.16267553,0.16267553
1946.00000000,0.16452352,0.16452352
1947.00000000,0.16639515,0.16639515
1948.00000000,0.16828858,0.16828858
1949.00000000,0.17020195,0.17020195
1950.00000000,0.17213339,0.17213339
1951.00000000,0.17408102,0.17408102
1952.00000000,0.17604293,0.17604293
1953.00000000,0.17801720,0.17801720
1954.00000000,0.18000189,0.18000189
1955.00000000,0.18199507,0.18199507
1956.00000000,0.18399478,0.18399478
1957.00000000,0.18599907,0.18599907
1958.00000000,0.18800598,0.18800598
1959.00000000,0.19001354,0.19001354
1960.00000000,0.19201979,0.19201979
1961.00000000,0.19402276,0.19402276
1962.00000000,0.19602050,0.19602050
1963.00000000,0.19801105,0.19801105
1964.00000000,0.19999246,0.19999246
1965.00000000,0.20196280,0.20196280
1966.00000000,0.20392013,0.20392013
1967.00000000,0.20586254,0.20586254
1968.00000000,0.20778814,0.20778814
1969.00000000,0.20969503,0.20969503
1970.00000000,0.21158134,0.21158134
1971.00000000,0.21344525,0.21344525
1972.00000000,0.21528491,0.21528491
1973.00000000,0.21709854,0.21709854
1974.00000000,0.21888434,0.21888434
1975.00000000,0.22064059,0.22064059
1976.00000000,0.22236556,0.22236556
1977.00000000,0.22405756,0.22405756
1978.00000000,0.22571494,0.22571494
1979.00000000,0.22733607,0.22733607
1980.00000000,0.22891937,0.22891937
1981.00000000,0.23046328,0.23046328
1982.00000000,0.23196631,0.23196631
1983.00000000,0.23342697,0.23342697
1984.00000000,0.23484385,0.23484385
1985.00000000,0.23621554,0.23621554
1986.00000000,0.23754071,0.23754071
1987.00000000,0.23881807,0.23881807
1988.00000000,0.24004636,0.24004636
1989.00000000,0.24122438,0.24122438
1990.00000000,0.24235098,0.24235098
1991.00000000,0.24342506,0.24342506
1992.00000000,0.24444556,0.24444556
1993.00000000,0.24541148,0.24541148
1994.00000000,0.24632189,0.24632189
1995.00000000,0.24717589,0.24717589
1996.00000000,0.24797265,0.24797265
1997.00000000,0.24871138,0.24871138
1998.00000000,0.24939136,0.24939136
1999.00000000,0.25001193,0.25001193
2000.00000000,0.25057248,0.25057248
2001.00000000,0.25111520,0.25111520
2002.00000000,0.25158461,0.25158461
2003.00000000,0.25198023,0.25198023
2004.00000000,0.25230165,0.25230165
2005.00000000,0.25254856,0.25254856
2006.00000000,0.25272071,0.25272071
2007.00000000,0.25281799,0.25281799
2008.00000000,0.25284031,0.25284031
2009.00000000,0.25278773,0.25278773
2010.00000000,0.25266037,0.25266037
2011.00000000,0.25245842,0.25245842
2012.00000000,0.25218218,0.25218218
2013.00000000,0.25183203,0.25183203
2014.00000000,0.25140845,0.25140845
2015.00000000,0.25091198,0.25091198
2016.00000000,0.25034326,0.25034326
2017.00000000,0.24970301,0.24970301
2018.00000000,0.24899204,0.24899204
2019.00000000,0.24821123,0.24821123
2020.00000000,0.24736154,0.24736154
2021.00000000,0.24644402,0.24644402
2022.00000000,0.24545981,0.24545981
2023.00000000,0.24441009,0.24441009
2024.00000000,0.24329615,0.24329615
2025.00000000,0.24211933,0.24211933
2026.00000000,0.24088107,0.24088107
2027.00000000,0.23958285,0.23958285
2028.00000000,0.23822624,0.23822624
2029.00000000,0.23681287,0.23681287
2030.00000000,0.23534443,0.23534443
2031.00000000,0.23382269,0.23382269
2032.00000000,0.23224946,0.23224946
2033.00000000,0.23062662,0.23062662
2034.00000000,0.22895610,0.22895610
2035.00000000,0.22723990,0.22723990
2036.00000000,0.22548005,0.22548005
2037.00000000,0.22367864,0.22367864
2038.00000000,0.22183782,0.22183782
2039.00000000,0.21995976,0.21995976
2040.00000000,0.21804669,0.21804669
2041.00000000,0.21610087,0.21610087
2042.00000000,0.21412461,0.21412461
2043.00000000,0.21212022,0.21212022
2044.00000000,0.21009009,0.21009009
2045.00000000,0.20803660,0.20803660
2046.00000000,0.20596217,0.20596217
2047.00000000,0.20386925,0.20386925
2048.00000000,0.20176029,0.20176029
2049.00000000,0.19963778,0.19963778
2050.00000000,0.19750420,0.19750420
2051.00000000,0.19536207,0.19536207
2052.00000000,0.19321389,0.19321389
2053.00000000,0.19106219,0.19106219
2054.00000000,0.18890948,0.18890948
2055.00000000,0.18675829,0.18675829
2056.00000000,0.18461112,0.18461112
2057.00000000,0.18247050,0.18247050
2058.00000000,0.18033892,0.18033892
2059.00000000,0.17821888,0.17821888
2060.00000000,0.17611284,0.17611284
2061.00000000,0.17402326,0.17402326
2062.00000000,0.17195258,0.17195258
2063.00000000,0.16990321,0.16990321
2064.00000000,0.16787754,0.16787754
2065.00000000,0.16587793,0.16587793
2066.00000000,0.16390669,0.16390669
2067.00000000,0.16196612,0.16196612
2068.00000000,0.16005848,0.16005848
2069.00000000,0.15818597,0.15818597
2070.00000000,0.15635078,0.15635078
2071.00000000,0.15455501,0.15455501
2072.00000000,0.15280077,0.15280077
2073.00000000,0.15109007,0.15109007
2074.00000000,0.14942490,0.14942490
2075.00000000,0.14780717,0.14780717
2076.00000000,0.14623876,0.14623876
2077.00000000,0.14472149,0.14472149
2078.00000000,0.14325708,0.14325708
2079.00000000,0.14184724,0.14184724
2080.00000000,0.14049359,0.14049359
2081.00000000,0.13919768,0.13919768
2082.00000000,0.13796100,0.13796100
2083.00000000,0.13678497,0.13678497
2084.00000000,0.13567093,0.13567093
2085.00000000,0.13462017,0.13462017
2086.00000000,0.13363387,0.13363387
2087.00000000,0.13271317,0.13271317
2088.00000000,0.13185912,0.13185912
2089.00000000,0.13107267,0.13107267
2090.00000000,0.13035474,0.13035474
2091.00000000,0.12970611,0.12970611
2092.00000000,0.12912754,0.12912754
2093.00000000,0.12861965,0.12861965
2094.00000000,0.12818303,0.12818303
2095.00000000,0.12781815,0.12781815
2096.00000000,0.12752541,0.12752541
2097.00000000,0.12730513,0.12730513
2098.00000000,0.12715753,0.12715753
2099.00000000,0.12708278,0.12708278
2100.00000000,0.12708092,0.12708092
2101.00000000,0.12715194,0.12715194
2102.00000000,0.12729573,0.12729573
2103.00000000,0.12751210,0.12751210
2104.00000000,0.12780077,0.12780077
2105.00000000,0.12816138,0.12816138
2106.00000000,0.12859351,0.12859351
2107.00000000,0.12909661,0.12909661
2108.00000000,0.12967008,0.12967008
2109.00000000,0.13031324,0.13031324
2110.00000000,0.13102532,0.13102532
2111.00000000,0.13180547,0.13180547
2112.00000000,0.13265277,0.13265277
2113.00000000,0.13356621,0.13356621
2114.00000000,0.13454471,0.13454471
2115.00000000,0.13558713,0.13558713
2116.00000000,0.13669223,0.13669223
2117.00000000,0.13785871,0.13785871
2118.00000000,0.13908522,0.13908522
2119.00000000,0.14037030,0.14037030
2120.00000000,0.14171245,0.14171245
2121.00000000,0.14311011,0.14311011
2122.00000000,0.14456164,0.14456164
2123.00000000,0.14606535,0.14606535
2124.00000000,0.14761948,0.14761948
2125.00000000,0.14922222,0.14922222
2126.00000000,0.15087170,0.15087170
2127.00000000,0.15256601,0.15256601
2128.00000000,0.15430318,0.15430318
2129.00000000,0.15608118,0.15608118
2130.00000000,0.15789795,0.15789795
2131.00000000,0.15975138,0.15975138
2132.00000000,0.16163932,0.16163932
2133.00000000,0.16355959,0.16355959
2134.00000000,0.16550996,0.16550996
2135.00000000,0.16748816,0.16748816
2136.00000000,0.16949192,0.16949192
2137.00000000,0.17151891,0.17151891
2138.00000000,0.17356679,0.17356679
2139.00000000,0.17563320,0.17563320
2140.00000000,0.17771574,0.17771574
2141.00000000,0.17981202,0.17981202
2142.00000000,0.18191962,0.18191962
2143.00000000,0.18403610,0.18403610
2144.00000000,0.18615903,0.18615903
2145.00000000,0.18828597,0.18828597
2146.00000000,0.19041447,0.19041447
2147.00000000,0.19254207,0.19254207
2148.00000000,0.19466633,0.19466633
2149.00000000,0.19678482,0.19678482
2150.00000000,0.19889509,0.19889509
2151.00000000,0.20099474,0.20099474
2152.00000000,0.20308133,0.20308133
2153.00000000,0.20515250,0.20515250
2154.00000000,0.20720586,0.20720586
2155.00000000,0.20923906,0.20923906
2156.00000000,0.21124978,0.21124978
2157.00000000,0.21323571,0.21323571
2158.00000000,0.21519459,0.21519459
2159.00000000,0.21712418,0.21712418
2160.00000000,0.21902227,0.21902227
2161.00000000,0.22088671,0.22088671
2162.00000000,0.22271537,0.22271537
2163.00000000,0.22450617,0.22450617
2164.00000000,0.22625707,0.22625707
2165.00000000,0.22796607,0.22796607
2166.00000000,0.22963125,0.22963125
2167.00000000,0.23125070,0.23125070
2168.00000000,0.23282260,0.23282260
2169.00000000,0.23434517,0.23434517
2170.00000000,0.23581668,0.23581668
2171.00000000,0.23723547,0.23723547
2172.00000000,0.23859994,0.23859994
2173.00000000,0.23990855,0.23990855
2174.00000000,0.24115984,0.24115984
2175.00000000,0.24235240,0.24235240
2176.00000000,0.24348489,0.24348489
2177.00000000,0.24455605,0.24455605
2178.00000000,0.24556468,0.24556468
2179.00000000,0.24650966,0.24650966
2180.00000000,0.24738994,0.24738994
2181.00000000,0.24820455,0.24820455
2182.00000000,0.24895258,0.24895258
2183.00000000,0.24963323,0.24963323
2184.00000000,0.25024575,0.25024575
2185.00000000,0.25078948,0.25078948
2186.00000000,0.25126383,0.25126383
2187.00000000,0.25166830,0.25166830
2188.00000000,0.25200247,0.25200247
2189.00000000,0.25226600,0.25226600
2190.00000000,0.25245863,0.25245863
2191.00000000,0.25258017,0.25258017
2192.00000000,0.25263055,0.25263055
2193.00000000,0.25260973,0.25260973
2194.00000000,0.25251779,0.25251779
2195.00000000,0.25235488,0.25235488
2196.00000000,0.25212123,0.25212123
2197.00000000,0.25181716,0.25181716
2198.00000000,0.25144305,0.25144305
2199.00000000,0.25099939,0.25099939
2200.00000000,0.25048672,0.25048672
2201.00000000,0.24990568,0.24990568
2202.00000000,0.24925698,0.24925698
2203.00000000,0.24854142,0.24854142
2204.00000000,0.24775984,0.24775984
2205.00000000,0.24691321,0.24691321
2206.00000000,0.24600253,0.24600253
2207.00000000,0.24502889,0.24502889
2208.00000000,0.24399345,0.24399345
2209.00000000,0.24289744,0.24289744
2210.00000000,0.24174217,0.24174217
2211.00000000,0.24052899,0.24052899
2212.00000000,0.23925935,0.23925935
2213.00000000,0.23793474,0.23793474
2214.00000000,0.23655673,0.23655673
2215.00000000,0.23512692,0.23512692
2216.00000000,0.23364700,0.23364700
2217.00000000,0.23211871,0.23211871
2218.00000000,0.23054384,0.23054384
2219.00000000,0.22892423,0.22892423
2220.00000000,0.22726178,0.22726178
2221.00000000,0.22555842,0.22555842
2222.00000000,0.22381615,0.22381615
2223.00000000,0.22203700,0.22203700
2224.00000000,0.22022304,0.22022304
2225.00000000,0.21837638,0.21837638
2226.00000000,0.21649918,0.21649918
2227.00000000,0.21459361,0.21459361
2228.00000000,0.21266189,0.21266189
2229.00000000,0.21070626,0.21070626
2230.00000000,0.20872899,0.20872899
2231.00000000,0.20673238,0.20673238
2232.00000000,0.20471874,0.20471874
2233.00000000,0.20269040,0.20269040
2234.00000000,0.20064972,0.20064972
2235.00000000,0.19859904,0.19859904
2236.00000000,0.19654075,0.19654075
2237.00000000,0.19447722,0.19447722
2238.00000000,0.19241084,0.19241084
2239.00000000,0.19034399,0.19034399
2240.00000000,0.18827906,0.18827906
2241.00000000,0.18621844,0.18621844
2242.00000000,0.18416449,0.18416449
2243.00000000,0.18211958,0.18211958
2244.00000000,0.18008607,0.18008607
2245.00000000,0.17806631,0.17806631
2246.00000000,0.17606261,0.17606261
2247.00000000,0.17407728,0.17407728
2248.00000000,0.17211260,0.17211260
2249.00000000,0.17017084,0.17017084
2250.00000000,0.16825421,0.16825421
2251.00000000,0.16636493,0.16636493
2252.00000000,0.16450516,0.16450516
2253.00000000,0.16267702,0.16267702
2254.00000000,0.16088263,0.16088263
2255.00000000,0.15912403,0.15912403
2256.00000000,0.15740324,0.15740324
2257.00000000,0.15572222,0.15572222
2258.00000000,0.15408291,0.15408291
2259.00000000,0.15248717,0.15248717
2260.00000000,0.15093683,0.15093683
2261.00000000,0.14943365,0.14943365
2262.00000000,0.14797936,0.14797936
2263.00000000,0.14657561,0.14657561
2264.00000000,0.14522400,0.14522400
2265.00000000,0.14392607,0.14392607
2266.00000000,0.14268330,0.14268330
2267.00000000,0.14149710,0.14149710
2268.00000000,0.14036881,0.14036881
2269.00000000,0.13929972,0.13929972
2270.00000000,0.13829105,0.13829105
2271.00000000,0.13734392,0.13734392
2272.00000000,0.13645941,0.13645941
2273.00000000,0.13563853,0.13563853
2274.00000000,0.13488219,0.13488219
2275.00000000,0.13419125,0.13419125
2276.00000000,0.13356648,0.13356648
2277.00000000,0.13300858,0.13300858
2278.00000000,0.13251818,0.13251818
2279.00000000,0.13209581,0.13209581
2280.00000000,0.13174195,0.13174195
2281.00000000,0.13145698,0.13145698
2282.00000000,0.13124121,0.13124121
2283.00000000,0.13109487,0.13109487
2284.00000000,0.13101812,0.13101812
2285.00000000,0.13101101,0.13101101
2286.00000000,0.13107353,0.13107353
2287.00000000,0.13120561,0.13120561
2288.00000000,0.13140707,0.13140707
2289.00000000,0.13167766,0.13167766
2290.00000000,0.13201705,0.13201705
2291.00000000,0.13242484,0.13242484
2292.00000000,0.13290055,0.13290055
2293.00000000,0.13344360,0.13344360
2294.00000000,0.13405336,0.13405336
2295.00000000,0.13472912,0.13472912
2296.00000000,0.13547008,0.13547008
2297.00000000,0.13627539,0.13627539
2298.00000000,0.13714410,0.13714410
2299.00000000,0.13807520,0.13807520
2300.00000000,0.13906762,0.13906762
2301.00000000,0.14012019,0.14012019
2302.00000000,0.14123171,0.14123171
2303.00000000,0.14240089,0.14240089
2304.00000000,0.14362637,0.14362637
2305.00000000,0.14490675,0.14490675
2306.00000000,0.14624053,0.14624053
2307.00000000,0.14762620,0.14762620
2308.00000000,0.14906214,0.14906214
2309.00000000,0.15054671,0.15054671
2310.00000000,0.15207820,0.15207820
2311.00000000,0.15365485,0.15365485
2312.00000000,0.15527484,0.15527484
2313.00000000,0.15693632,0.15693632
2314.00000000,0.15863738,0.15863738
2315.00000000,0.16037606,0.16037606
2316.00000000,0.16215038,0.16215038
2317.00000000,0.16395830,0.16395830
2318.00000000,0.16579775,0.16579775
2319.00000000,0.16766662,0.16766662
2320.00000000,0.16956277,0.16956277
2321.00000000,0.17148404,0.17148404
2322.00000000,0.17342823,0.17342823
2323.00000000,0.17539311,0.17539311
2324.00000000,0.17737645,0.17737645
2325.00000000,0.17937597,0.17937597
2326.00000000,0.18138940,0.18138940
2327.00000000,0.18341443,0.18341443
2328.00000000,0.18544876,0.18544876
2329.00000000,0.18749007,0.18749007
2330.00000000,0.18953603,0.18953603
2331.00000000,0.19158431,0.19158431
2332.00000000,0.19363259,0.19363259
2333.00000000,0.19567852,0.19567852
2334.00000000,0.19771978,0.19771978
2335.00000000,0.19975406,0.19975406
2336.00000000,0.20177903,0.20177903
2337.00000000,0.20379240,0.20379240
2338.00000000,0.20579188,0.20579188
2339.00000000,0.20777521,0.20777521
2340.00000000,0.20974013,0.20974013
2341.00000000,0.21168441,0.21168441
2342.00000000,0.21360586,0.21360586
2343.00000000,0.21550229,0.21550229
2344.00000000,0.21737156,0.21737156
2345.00000000,0.21921156,0.21921156
2346.00000000,0.22102020,0.22102020
2347.00000000,0.22279544,0.22279544
2348.00000000,0.22453527,0.22453527
2349.00000000,0.22623773,0.22623773
2350.00000000,0.22790091,0.22790091
2351.00000000,0.22952292,0.22952292
2352.00000000,0.23110194,0.23110194
2353.00000000,0.23263620,0.23263620
2354.00000000,0.23412396,0.23412396
2355.00000000,0.23556356,0.23556356
2356.00000000,0.23695338,0.23695338
2357.00000000,0.23829186,0.23829186
2358.00000000,0.23957750,0.23957750
2359.00000000,0.24080888,0.24080888
2360.00000000,0.24198460,0.24198460
2361.00000000,0.24310336,0.24310336
2362.00000000,0.24416391,0.24416391
2363.00000000,0.24516508,0.24516508
2364.00000000,0.24610575,0.24610575
2365.00000000,0.24698488,0.24698488
2366.00000000,0.24780150,0.24780150
2367.00000000,0.24855471,0.24855471
2368.00000000,0.24924369,0.24924369
2369.00000000,0.24986769,0.24986769
2370.00000000,0.25042601,0.25042601
2371.00000000,0.25091807,0.25091807
2372.00000000,0.25134333,0.25134333
2373.00000000,0.25170134,0.25170134
2374.00000000,0.25199173,0.25199173
2375.00000000,0.25221420,0.25221420
2376.00000000,0.25236853,0.25236853
2377.00000000,0.25245458,0.25245458
2378.00000000,0.25247228,0.25247228
2379.00000000,0.25242165,0.25242165
2380.00000000,0.25230279,0.25230279
2381.00000000,0.25211585,0.25211585
2382.00000000,0.25186110,0.25186110
2383.00000000,0.25153884,0.25153884
2384.00000000,0.25114949,0.25114949
2385.00000000,0.25069351,0.25069351
2386.00000000,0.25017147,0.25017147
2387.00000000,0.24958399,0.24958399
2388.00000000,0.24893177,0.24893177
2389.00000000,0.24821559,0.24821559
2390.00000000,0.24743630,0.24743630
2391.00000000,0.24659481,0.24659481
2392.00000000,0.24569212,0.24569212
2393.00000000,0.24472928,0.24472928
2394.00000000,0.24370742,0.24370742
2395.00000000,0.24262775,0.24262775
2396.00000000,0.24149151,0.24149151
2397.00000000,0.24030003,0.24030003
2398.00000000,0.23905469,0.23905469
2399.00000000,0.23775695,0.23775695
2400.00000000,0.23640830,0.23640830
2401.00000000,0.23501032,0.23501032
2402.00000000,0.23356461,0.23356461
2403.00000000,0.23207286,0.23207286
2404.00000000,0.23053678,0.23053678
2405.00000000,0.22895814,0.22895814
2406.00000000,0.22733878,0.22733878
2407.00000000,0.22568056,0.22568056
2408.00000000,0.22398538,0.22398538
2409.00000000,0.22225520,0.22225520
2410.00000000,0.22049200,0.22049200
2411.00000000,0.21869783,0.21869783
2412.00000000,0.21687473,0.21687473
2413.00000000,0.21502481,0.21502481
2414.00000000,0.21315018,0.21315018
2415.00000000,0.21125299,0.21125299
2416.00000000,0.20933543,0.20933543
2417.00000000,0.20739969,0.20739969
2418.00000000,0.20544799,0.20544799
2419.00000000,0.20348255,0.20348255
2420.00000000,0.20150565,0.20150565
2421.00000000,0.19951952,0.19951952
2422.00000000,0.19752645,0.19752645
2423.00000000,0.19552871,0.19552871
2424.00000000,0.19352860,0.19352860
2425.00000000,0.19152838,0.19152838
2426.00000000,0.18953035,0.18953035
2427.00000000,0.18753678,0.18753678
2428.00000000,0.18554995,0.18554995
2429.00000000,0.18357213,0.18357213
2430.00000000,0.18160557,0.18160557
2431.00000000,0.17965251,0.17965251
2432.00000000,0.17771517,0.17771517
2433.00000000,0.17579577,0.17579577
2434.00000000,0.17389649,0.17389649
2435.00000000,0.17201948,0.17201948
2436.00000000,0.17016689,0.17016689
2437.00000000,0.16834082,0.16834082
2438.00000000,0.16654334,0.16654334
2439.00000000,0.16477650,0.16477650
2440.00000000,0.16304230,0.16304230
2441.00000000,0.16134271,0.16134271
2442.00000000,0.15967966,0.15967966
2443.00000000,0.15805504,0.15805504
2444.00000000,0.15647069,0.15647069
2445.00000000,0.15492840,0.15492840
2446.00000000,0.15342992,0.15342992
2447.00000000,0.15197695,0.15197695
2448.00000000,0.15057113,0.15057113
2449.00000000,0.14921405,0.14921405
2450.00000000,0.14790724,0.14790724
2451.00000000,0.14665218,0.14665218
2452.00000000,0.14545029,0.14545029
2453.00000000,0.14430292,0.14430292
2454.00000000,0.14321137,0.14321137
2455.00000000,0.14217687,0.14217687
2456.00000000,0.14120057,0.14120057
2457.00000000,0.14028358,0.14028358
2458.00000000,0.13942693,0.13942693
2459.00000000,0.13863158,0.13863158
2460.00000000,0.13789842,0.13789842
2461.00000000,0.13722827,0.13722827
2462.00000000,0.13662187,0.13662187
2463.00000000,0.13607991,0.13607991
2464.00000000,0.13560299,0.13560299
2465.00000000,0.13519163,0.13519163
2466.00000000,0.13484629,0.13484629
2467.00000000,0.13456734,0.13456734
2468.00000000,0.13435509,0.13435509
2469.00000000,0.13420977,0.13420977
2470.00000000,0.13413153,0.13413153
2471.00000000,0.13412043,0.13412043
2472.00000000,0.13417649,0.13417649
2473.00000000,0.13429962,0.13429962
2474.00000000,0.13448967,0.13448967
2475.00000000,0.13474641,0.13474641
2476.00000000,0.13506953,0.13506953
2477.00000000,0.13545865,0.13545865
2478.00000000,0.13591333,0.13591333
2479.00000000,0.13643302,0.13643302
2480.00000000,0.13701713,0.13701713
2481.00000000,0.13766498,0.13766498
2482.00000000,0.13837583,0.13837583
2483.00000000,0.13914885,0.13914885
2484.00000000,0.13998315,0.13998315
2485.00000000,0.14087778,0.14087778
2486.00000000,0.14183171,0.14183171
2487.00000000,0.14284384,0.14284384
2488.00000000,0.14391302,0.14391302
2489.00000000,0.14503803,0.14503803
2490.00000000,0.14621757,0.14621757
2491.00000000,0.14745031,0.14745031
2492.00000000,0.14873483,0.14873483
2493.00000000,0.15006966,0.15006966
2494.00000000,0.15145329,0.15145329
2495.00000000,0.15288414,0.15288414
2496.00000000,0.15436058,0.15436058
2497.00000000,0.15588093,0.15588093
2498.00000000,0.15744346,0.15744346
2499.00000000,0.15904638,0.15904638
2500.00000000,0.16068789,0.16068789
2501.00000000,0.16236611,0.16236611
2502.00000000,0.16407913,0.16407913
2503.00000000,0.16582502,0.16582502
2504.00000000,0.16760178,0.16760178
2505.00000000,0.16940741,0.16940741
2506.00000000,0.17123986,0.17123986
2507.00000000,0.17309704,0.17309704
2508.00000000,0.17497686,0.17497686
2509.00000000,0.17687717,0.17687717
2510.00000000,0.17879584,0.17879584
2511.00000000,0.18073069,0.18073069
2512.00000000,0.18267953,0.18267953
2513.00000000,0.18464015,0.18464015
2514.00000000,0.18661033,0.18661033
2515.00000000,0.18858786,0.18858786
2516.00000000,0.19057048,0.19057048
2517.00000000,0.19255597,0.19255597
2518.00000000,0.19454208,0.19454208
2519.00000000,0.19652657,0.19652657
2520.00000000,0.19850720,0.19850720
2521.00000000,0.20048172,0.20048172
2522.00000000,0.20244793,0.20244793
2523.00000000,0.20440359,0.20440359
2524.00000000,0.20634651,0.20634651
2525.00000000,0.20827449,0.20827449
2526.00000000,0.21018537,0.21018537
2527.00000000,0.21207699,0.21207699
2528.00000000,0.21394723,0.21394723
2529.00000000,0.21579398,0.21579398
2530.00000000,0.21761516,0.21761516
2531.00000000,0.21940873,0.21940873
2532.00000000,0.22117267,0.22117267
2533.00000000,0.22290500,0.22290500
2534.00000000,0.22460379,0.22460379
2535.00000000,0.22626711,0.22626711
2536.00000000,0.22789312,0.22789312
2537.00000000,0.22947998,0.22947998
2538.00000000,0.23102592,0.23102592
2539.00000000,0.23252921,0.23252921
2540.00000000,0.23398817,0.23398817
2541.00000000,0.23540117,0.23540117
2542.00000000,0.23676662,0.23676662
2543.00000000,0.23808302,0.23808302
2544.00000000,0.23934888,0.23934888
2545.00000000,0.24056280,0.24056280
2546.00000000,0.24172344,0.24172344
2547.00000000,0.24282949,0.24282949
2548.00000000,0.24387973,0.24387973
2549.00000000,0.24487300,0.24487300
2550.00000000,0.24580820,0.24580820
2551.00000000,0.24668429,0.24668429
2552.00000000,0.24750032,0.24750032
2553.00000000,0.24825537,0.24825537
2554.00000000,0.24894863,0.24894863
2555.00000000,0.24957933,0.24957933
2556.00000000,0.25014678,0.25014678
2557.00000000,0.25065038,0.25065038
2558.00000000,0.25108958,0.25108958
2559.00000000,0.25146390,0.25146390
2560.00000000,0.25177296,0.25177296
2561.00000000,0.25201643,0.25201643
2562.00000000,0.25219405,0.25219405
2563.00000000,0.25230566,0.25230566
2564.00000000,0.25235116,0.25235116
2565.00000000,0.25233052,0.25233052
2566.00000000,0.25224379,0.25224379
2567.00000000,0.25209110,0.25209110
2568.00000000,0.25187264,0.25187264
2569.00000000,0.25158870,0.25158870
2570.00000000,0.25123961,0.25123961
2571.00000000,0.25082581,0.25082581
2572.00000000,0.25034777,0.25034777
2573.00000000,0.24980608,0.24980608
2574.00000000,0.24920136,0.24920136
2575.00000000,0.24853433,0.24853433
2576.00000000,0.24780576,0.24780576
2577.00000000,0.24701652,0.24701652
2578.00000000,0.24616750,0.24616750
2579.00000000,0.24525970,0.24525970
2580.00000000,0.24429417,0.24429417
2581.00000000,0.24327201,0.24327201
2582.00000000,0.24219442,0.24219442
2583.00000000,0.24106263,0.24106263
2584.00000000,0.23987795,0.23987795
2585.00000000,0.23864172,0.23864172
2586.00000000,0.23735538,0.23735538
2587.00000000,0.23602040,0.23602040
2588.00000000,0.23463831,0.23463831
2589.00000000,0.23321069,0.23321069
2590.00000000,0.23173917,0.23173917
2591.00000000,0.23022543,0.23022543
2592.00000000,0.22867121,0.22867121
2593.00000000,0.22707828,0.22707828
2594.00000000,0.22544845,0.22544845
2595.00000000,0.22378359,0.22378359
2596.00000000,0.22208559,0.22208559
2597.00000000,0.22035639,0.22035639
2598.00000000,0.21859795,0.21859795
2599.00000000,0.21681228,0.21681228
2600.00000000,0.21500141,0.21500141
2601.00000000,0.21316739,0.21316739
2602.00000000,0.21131232,0.21131232
2603.00000000,0.20943829,0.20943829
2604.00000000,0.20754745,0.20754745
2605.00000000,0.20564193,0.20564193
2606.00000000,0.20372389,0.20372389
2607.00000000,0.20179552,0.20179552
2608.00000000,0.19985900,0.19985900
2609.00000000,0.19791653,0.19791653
2610.00000000,0.19597030,0.19597030
2611.00000000,0.19402253,0.19402253
2612.00000000,0.19207541,0.19207541
2613.00000000,0.19013116,0.19013116
2614.00000000,0.18819196,0.18819196
2615.00000000,0.18626003,0.18626003
2616.00000000,0.18433754,0.18433754
2617.00000000,0.18242667,0.18242667
2618.00000000,0.18052957,0.18052957
2619.00000000,0.17864840,0.17864840
2620.00000000,0.17678527,0.17678527
2621.00000000,0.17494229,0.17494229
2622.00000000,0.17312155,0.17312155
2623.00000000,0.17132509,0.17132509
2624.00000000,0.16955494,0.16955494
2625.00000000,0.16781311,0.16781311
2626.00000000,0.16610154,0.16610154
2627.00000000,0.16442219,0.16442219
2628.00000000,0.16277693,0.16277693
2629.00000000,0.16116762,0.16116762
2630.00000000,0.15959607,0.15959607
2631.00000000,0.15806405,0.15806405
2632.00000000,0.15657329,0.15657329
2633.00000000,0.15512545,0.15512545
2634.00000000,0.15372218,0.15372218
2635.00000000,0.15236505,0.15236505
2636.00000000,0.15105558,0.15105558
2637.00000000,0.14979524,0.14979524
2638.00000000,0.14858544,0.14858544
2639.00000000,0.14742755,0.14742755
2640.00000000,0.14632287,0.14632287
2641.00000000,0.14527262,0.14527262
2642.00000000,0.14427799,0.14427799
2643.00000000,0.14334009,0.14334009
2644.00000000,0.14245996,0.14245996
2645.00000000,0.14163860,0.14163860
2646.00000000,0.14087691,0.14087691
2647.00000000,0.14017575,0.14017575
2648.00000000,0.13953590,0.13953590
2649.00000000,0.13895807,0.13895807
2650.00000000,0.13844289,0.13844289
2651.00000000,0.13799095,0.13799095
2652.00000000,0.13760274,0.13760274
2653.00000000,0.13727868,0.13727868
2654.00000000,0.13701913,0.13701913
2655.00000000,0.13682437,0.13682437
2656.00000000,0.13669462,0.13669462
2657.00000000,0.13663000,0.13663000
2658.00000000,0.13663058,0.13663058
2659.00000000,0.13669634,0.13669634
2660.00000000,0.13682721,0.13682721
2661.00000000,0.13702302,0.13702302
2662.00000000,0.13728354,0.13728354
2663.00000000,0.13760847,0.13760847
2664.00000000,0.13799742,0.13799742
2665.00000000,0.13844996,0.13844996
2666.00000000,0.13896556,0.13896556
2667.00000000,0.13954362,0.13954362
2668.00000000,0.14018350,0.14018350
2669.00000000,0.14088445,0.14088445
2670.00000000,0.14164568,0.14164568
2671.00000000,0.14246632,0.14246632
2672.00000000,0.14334544,0.14334544
2673.00000000,0.14428203,0.14428203
2674.00000000,0.14527504,0.14527504
2675.00000000,0.14632333,0.14632333
2676.00000000,0.14742572,0.14742572
2677.00000000,0.14858096,0.14858096
2678.00000000,0.14978774,0.14978774
2679.00000000,0.15104469,0.15104469
2680.00000000,0.15235039,0.15235039
2681.00000000,0.15370337,0.15370337
2682.00000000,0.15510208,0.15510208
2683.00000000,0.15654497,0.15654497
2684.00000000,0.15803038,0.15803038
2685.00000000,0.15955665,0.15955665
2686.00000000,0.16112206,0.16112206
2687.00000000,0.16272483,0.16272483
2688.00000000,0.16436316,0.16436316
2689.00000000,0.16603520,0.16603520
2690.00000000,0.16773906,0.16773906
2691.00000000,0.16947284,0.16947284
2692.00000000,0.17123456,0.17123456
2693.00000000,0.17302225,0.17302225
2694.00000000,0.17483390,0.17483390
2695.00000000,0.17666747,0.17666747
2696.00000000,0.17852089,0.17852089
2697.00000000,0.18039207,0.18039207
2698.00000000,0.18227892,0.18227892
2699.00000000,0.18417931,0.18417931
2700.00000000,0.18609111,0.18609111
2701.00000000,0.18801217,0.18801217
2702.00000000,0.18994032,0.18994032
2703.00000000,0.19187341,0.19187341
2704.00000000,0.19380926,0.19380926
2705.00000000,0.19574570,0.19574570
2706.00000000,0.19768056,0.19768056
2707.00000000,0.19961167,0.19961167
2708.00000000,0.20153686,0.20153686
2709.00000000,0.20345397,0.20345397
2710.00000000,0.20536086,0.20536086
2711.00000000,0.20725538,0.20725538
2712.00000000,0.20913542,0.20913542
2713.00000000,0.21099887,0.21099887
2714.00000000,0.21284364,0.21284364
2715.00000000,0.21466768,0.21466768
2716.00000000,0.21646893,0.21646893
2717.00000000,0.21824539,0.21824539
2718.00000000,0.21999506,0.21999506
2719.00000000,0.22171601,0.22171601
2720.00000000,0.22340629,0.22340629
2721.00000000,0.22506402,0.22506402
2722.00000000,0.22668737,0.22668737
2723.00000000,0.22827450,0.22827450
2724.00000000,0.22982366,0.22982366
2725.00000000,0.23133311,0.23133311
2726.00000000,0.23280118,0.23280118
2727.00000000,0.23422624,0.23422624
2728.00000000,0.23560668,0.23560668
2729.00000000,0.23694099,0.23694099
2730.00000000,0.23822767,0.23822767
2731.00000000,0.23946531,0.23946531
2732.00000000,0.24065252,0.24065252
2733.00000000,0.24178799,0.24178799
2734.00000000,0.24287046,0.24287046
2735.00000000,0.24389873,0.24389873
2736.00000000,0.24487167,0.24487167
2737.00000000,0.24578820,0.24578820
2738.00000000,0.24664732,0.24664732
2739.00000000,0.24744807,0.24744807
2740.00000000,0.24818959,0.24818959
2741.00000000,0.24887104,0.24887104
2742.00000000,0.24949170,0.24949170
2743.00000000,0.25005087,0.25005087
2744.00000000,0.25054797,0.25054797
2745.00000000,0.25098244,0.25098244
2746.00000000,0.25135382,0.25135382
2747.00000000,0.25166172,0.25166172
2748.00000000,0.25190580,0.25190580
2749.00000000,0.25208583,0.25208583
2750.00000000,0.25220161,0.25220161
2751.00000000,0.25225304,0.25225304
2752.00000000,0.25224008,0.25224008
2753.00000000,0.25216277,0.25216277
2754.00000000,0.25202122,0.25202122
2755.00000000,0.25181560,0.25181560
2756.00000000,0.25154618,0.25154618
2757.00000000,0.25121327,0.25121327
2758.00000000,0.25081726,0.25081726
2759.00000000,0.25035863,0.25035863
2760.00000000,0.24983792,0.24983792
2761.00000000,0.24925572,0.24925572
2762.00000000,0.24861271,0.24861271
2763.00000000,0.24790964,0.24790964
2764.00000000,0.24714731,0.24714731
2765.00000000,0.24632660,0.24632660
2766.00000000,0.24544845,0.24544845
2767.00000000,0.24451388,0.24451388
2768.00000000,0.24352394,0.24352394
2769.00000000,0.24247977,0.24247977
2770.00000000,0.24138256,0.24138256
2771.00000000,0.24023356,0.24023356
2772.00000000,0.23903408,0.23903408
2773.00000000,0.23778548,0.23778548
2774.00000000,0.23648918,0.23648918
2775.00000000,0.23514667,0.23514667
2776.00000000,0.23375945,0.23375945
2777.00000000,0.23232911,0.23232911
2778.00000000,0.23085726,0.23085726
2779.00000000,0.22934558,0.22934558
2780.00000000,0.22779577,0.22779577
2781.00000000,0.22620960,0.22620960
2782.00000000,0.22458885,0.22458885
2783.00000000,0.22293536,0.22293536
2784.00000000,0.22125101,0.22125101
2785.00000000,0.21953768,0.21953768
2786.00000000,0.21779733,0.21779733
2787.00000000,0.21603191,0.21603191
2788.00000000,0.21424342,0.21424342
2789.00000000,0.21243387,0.21243387
2790.00000000,0.21060532,0.21060532
2791.00000000,0.20875981,0.20875981
2792.00000000,0.20689944,0.20689944
2793.00000000,0.20502629,0.20502629
2794.00000000,0.20314249,0.20314249
2795.00000000,0.20125015,0.20125015
2796.00000000,0.19935140,0.19935140
2797.00000000,0.19744838,0.19744838
2798.00000000,0.19554323,0.19554323
2799.00000000,0.19363810,0.19363810
2800.00000000,0.19173514,0.19173514
2801.00000000,0.18983647,0.18983647
2802.00000000,0.18794424,0.18794424
2803.00000000,0.18606057,0.18606057
2804.00000000,0.18418758,0.18418758
2805.00000000,0.18232738,0.18232738
2806.00000000,0.18048205,0.18048205
2807.00000000,0.17865366,0.17865366
2808.00000000,0.17684428,0.17684428
2809.00000000,0.17505592,0.17505592
2810.00000000,0.17329061,0.17329061
2811.00000000,0.17155031,0.17155031
2812.00000000,0.16983698,0.16983698
2813.00000000,0.16815254,0.16815254
2814.00000000,0.16649888,0.16649888
2815.00000000,0.16487785,0.16487785
2816.00000000,0.16329127,0.16329127
2817.00000000,0.16174091,0.16174091
2818.00000000,0.16022852,0.16022852
2819.00000000,0.15875578,0.15875578
2820.00000000,0.15732434,0.15732434
2821.00000000,0.15593581,0.15593581
2822.00000000,0.15459174,0.15459174
2823.00000000,0.15329362,0.15329362
2824.00000000,0.15204291,0.15204291
2825.00000000,0.15084101,0.15084101
2826.00000000,0.14968926,0.14968926
2827.00000000,0.14858894,0.14858894
2828.00000000,0.14754129,0.14754129
2829.00000000,0.14654747,0.14654747
2830.00000000,0.14560858,0.14560858
2831.00000000,0.14472568,0.14472568
2832.00000000,0.14389974,0.14389974
2833.00000000,0.14313169,0.14313169
2834.00000000,0.14242238,0.14242238
2835.00000000,0.14177259,0.14177259
2836.00000000,0.14118305,0.14118305
2837.00000000,0.14065440,0.14065440
2838.00000000,0.14018724,0.14018724
2839.00000000,0.13978208,0.13978208
2840.00000000,0.13943936,0.13943936
2841.00000000,0.13915946,0.13915946
2842.00000000,0.13894268,0.13894268
2843.00000000,0.13878927,0.13878927
2844.00000000,0.13869937,0.13869937
2845.00000000,0.13867309,0.13867309
2846.00000000,0.13871044,0.13871044
2847.00000000,0.13881138,0.13881138
2848.00000000,0.13897578,0.13897578
2849.00000000,0.13920345,0.13920345
2850.00000000,0.13949412,0.13949412
2851.00000000,0.13984746,0.13984746
2852.00000000,0.14026307,0.14026307
2853.00000000,0.14074048,0.14074048
2854.00000000,0.14127913,0.14127913
2855.00000000,0.14187841,0.14187841
2856.00000000,0.14253766,0.14253766
2857.00000000,0.14325612,0.14325612
2858.00000000,0.14403297,0.14403297
2859.00000000,0.14486735,0.14486735
2860.00000000,0.14575830,0.14575830
2861.00000000,0.14670483,0.14670483
2862.00000000,0.14770586,0.14770586
2863.00000000,0.14876027,0.14876027
2864.00000000,0.14986688,0.14986688
2865.00000000,0.15102442,0.15102442
2866.00000000,0.15223161,0.15223161
2867.00000000,0.15348709,0.15348709
2868.00000000,0.15478943,0.15478943
2869.00000000,0.15613719,0.15613719
2870.00000000,0.15752884,0.15752884
2871.00000000,0.15896282,0.15896282
2872.00000000,0.16043753,0.16043753
2873.00000000,0.16195130,0.16195130
2874.00000000,0.16350245,0.16350245
2875.00000000,0.16508922,0.16508922
2876.00000000,0.16670984,0.16670984
2877.00000000,0.16836249,0.16836249
2878.00000000,0.17004533,0.17004533
2879.00000000,0.17175645,0.17175645
2880.00000000,0.17349396,0.17349396
2881.00000000,0.17525590,0.17525590
2882.00000000,0.17704029,0.17704029
2883.00000000,0.17884515,0.17884515
2884.00000000,0.18066845,0.18066845
2885.00000000,0.18250815,0.18250815
2886.00000000,0.18436219,0.18436219
2887.00000000,0.18622850,0.18622850
2888.00000000,0.18810500,0.18810500
2889.00000000,0.18998958,0.18998958
2890.00000000,0.19188014,0.19188014
2891.00000000,0.19377456,0.19377456
2892.00000000,0.19567074,0.19567074
2893.00000000,0.19756655,0.19756655
2894.00000000,0.19945987,0.19945987
2895.00000000,0.20134860,0.20134860
2896.00000000,0.20323062,0.20323062
2897.00000000,0.20510383,0.20510383
2898.00000000,0.20696615,0.20696615
2899.00000000,0.20881549,0.20881549
2900.00000000,0.21064980,0.21064980
2901.00000000,0.21246704,0.21246704
2902.00000000,0.21426516,0.21426516
2903.00000000,0.21604218,0.21604218
2904.00000000,0.21779612,0.21779612
2905.00000000,0.21952501,0.21952501
2906.00000000,0.22122695,0.22122695
2907.00000000,0.22290002,0.22290002
2908.00000000,0.22454238,0.22454238
2909.00000000,0.22615219,0.22615219
2910.00000000,0.22772767,0.22772767
2911.00000000,0.22926706,0.22926706
2912.00000000,0.23076866,0.23076866
2913.00000000,0.23223080,0.23223080
2914.00000000,0.23365185,0.23365185
2915.00000000,0.23503025,0.23503025
2916.00000000,0.23636446,0.23636446
2917.00000000,0.23765300,0.23765300
2918.00000000,0.23889444,0.23889444
2919.00000000,0.24008742,0.24008742
2920.00000000,0.24123061,0.24123061
2921.00000000,0.24232275,0.24232275
2922.00000000,0.24336263,0.24336263
2923.00000000,0.24434911,0.24434911
2924.00000000,0.24528110,0.24528110
2925.00000000,0.24615757,0.24615757
2926.00000000,0.24697756,0.24697756
2927.00000000,0.24774016,0.24774016
2928.00000000,0.24844455,0.24844455
2929.00000000,0.24908995,0.24908995
2930.00000000,0.24967565,0.24967565
2931.00000000,0.25020102,0.25020102
2932.00000000,0.25066549,0.25066549
2933.00000000,0.25106855,0.25106855
2934.00000000,0.25140978,0.25140978
2935.00000000,0.25168880,0.25168880
2936.00000000,0.25190533,0.25190533
2937.00000000,0.25205913,0.25205913
2938.00000000,0.25215006,0.25215006
2939.00000000,0.25217804,0.25217804
2940.00000000,0.25214303,0.25214303
2941.00000000,0.25204512,0.25204512
2942.00000000,0.25188441,0.25188441
2943.00000000,0.25166111,0.25166111
2944.00000000,0.25137549,0.25137549
2945.00000000,0.25102788,0.25102788
2946.00000000,0.25061868,0.25061868
2947.00000000,0.25014838,0.25014838
2948.00000000,0.24961752,0.24961752
2949.00000000,0.24902670,0.24902670
2950.00000000,0.24837660,0.24837660
2951.00000000,0.24766797,0.24766797
2952.00000000,0.24690162,0.24690162
2953.00000000,0.24607841,0.24607841
2954.00000000,0.24519929,0.24519929
2955.00000000,0.24426525,0.24426525
2956.00000000,0.24327736,0.24327736
2957.00000000,0.24223672,0.24223672
2958.00000000,0.24114453,0.24114453
2959.00000000,0.24000201,0.24000201
2960.00000000,0.23881046,0.23881046
2961.00000000,0.23757123,0.23757123
2962.00000000,0.23628571,0.23628571
2963.00000000,0.23495535,0.23495535
2964.00000000,0.23358166,0.23358166
2965.00000000,0.23216617,0.23216617
2966.00000000,0.23071050,0.23071050
2967.00000000,0.22921627,0.22921627
2968.00000000,0.22768517,0.22768517
2969.00000000,0.22611892,0.22611892
2970.00000000,0.22451928,0.22451928
2971.00000000,0.22288806,0.22288806
2972.00000000,0.22122707,0.22122707
2973.00000000,0.21953820,0.21953820
2974.00000000,0.21782334,0.21782334
2975.00000000,0.21608441,0.21608441
2976.00000000,0.21432336,0.21432336
2977.00000000,0.21254218,0.21254218
2978.00000000,0.21074286,0.21074286
2979.00000000,0.20892741,0.20892741
2980.00000000,0.20709788,0.20709788
2981.00000000,0.20525632,0.20525632
2982.00000000,0.20340478,0.20340478
2983.00000000,0.20154535,0.20154535
2984.00000000,0.19968010,0.19968010
2985.00000000,0.19781113,0.19781113
2986.00000000,0.19594053,0.19594053
2987.00000000,0.19407039,0.19407039
2988.00000000,0.19220281,0.19220281
2989.00000000,0.19033988,0.19033988
2990.00000000,0.18848367,0.18848367
2991.00000000,0.18663627,0.18663627
2992.00000000,0.18479975,0.18479975
2993.00000000,0.18297615,0.18297615
2994.00000000,0.18116752,0.18116752
2995.00000000,0.17937587,0.17937587
2996.00000000,0.17760321,0.17760321
2997.00000000,0.17585152,0.17585152
2998.00000000,0.17412276,0.17412276
2999.00000000,0.17241885,0.17241885
3000.00000000,0.17074169,0.17074169
3001.00000000,0.16909317,0.16909317
3002.00000000,0.16747512,0.16747512
3003.00000000,0.16588934,0.16588934
3004.00000000,0.16433761,0.16433761
3005.00000000,0.16282165,0.16282165
3006.00000000,0.16134316,0.16134316
3007.00000000,0.15990378,0.15990378
3008.00000000,0.15850511,0.15850511
3009.00000000,0.15714872,0.15714872
3010.00000000,0.15583612,0.15583612
3011.00000000,0.15456876,0.15456876
3012.00000000,0.15334806,0.15334806
3013.00000000,0.15217537,0.15217537
3014.00000000,0.15105201,0.15105201
3015.00000000,0.14997921,0.14997921
3016.00000000,0.14895818,0.14895818
3017.00000000,0.14799004,0.14799004
3018.00000000,0.14707588,0.14707588
3019.00000000,0.14621670,0.14621670
3020.00000000,0.14541346,0.14541346
3021.00000000,0.14466705,0.14466705
3022.00000000,0.14397829,0.14397829
3023.00000000,0.14334795,0.14334795
3024.00000000,0.14277673,0.14277673
3025.00000000,0.14226526,0.14226526
3026.00000000,0.14181409,0.14181409
3027.00000000,0.14142373,0.14142373
3028.00000000,0.14109461,0.14109461
3029.00000000,0.14082708,0.14082708
3030.00000000,0.14062145,0.14062145
3031.00000000,0.14047792,0.14047792
3032.00000000,0.14039665,0.14039665
3033.00000000,0.14037773,0.14037773
3034.00000000,0.14042117,0.14042117
3035.00000000,0.14052692,0.14052692
3036.00000000,0.14069484,0.14069484
3037.00000000,0.14092475,0.14092475
3038.00000000,0.14121639,0.14121639
3039.00000000,0.14156941,0.14156941
3040.00000000,0.14198342,0.14198342
3041.00000000,0.14245795,0.14245795
3042.00000000,0.14299246,0.14299246
3043.00000000,0.14358636,0.14358636
3044.00000000,0.14423896,0.14423896
3045.00000000,0.14494955,0.14494955
3046.00000000,0.14571731,0.14571731
3047.00000000,0.14654139,0.14654139
3048.00000000,0.14742086,0.14742086
3049.00000000,0.14835473,0.14835473
3050.00000000,0.14934196,0.14934196
3051.00000000,0.15038144,0.15038144
3052.00000000,0.15147200,0.15147200
3053.00000000,0.15261243,0.15261243
3054.00000000,0.15380145,0.15380145
3055.00000000,0.15503772,0.15503772
3056.00000000,0.15631987,0.15631987
3057.00000000,0.15764646,0.15764646
3058.00000000,0.15901600,0.15901600
3059.00000000,0.16042698,0.16042698
3060.00000000,0.16187780,0.16187780
3061.00000000,0.16336685,0.16336685
3062.00000000,0.16489246,0.16489246
3063.00000000,0.16645294,0.16645294
3064.00000000,0.16804654,0.16804654
3065.00000000,0.16967148,0.16967148
3066.00000000,0.17132595,0.17132595
3067.00000000,0.17300810,0.17300810
3068.00000000,0.17471605,0.17471605
3069.00000000,0.17644791,0.17644791
3070.00000000,0.17820174,0.17820174
3071.00000000,0.17997559,0.17997559
3072.00000000,0.18176747,0.18176747
3073.00000000,0.18357540,0.18357540
3074.00000000,0.18539735,0.18539735
3075.00000000,0.18723130,0.18723130
3076.00000000,0.18907521,0.18907521
3077.00000000,0.19092702,0.19092702
3078.00000000,0.19278467,0.19278467
3079.00000000,0.19464610,0.19464610
3080.00000000,0.19650923,0.19650923
3081.00000000,0.19837199,0.19837199
3082.00000000,0.20023230,0.20023230
3083.00000000,0.20208811,0.20208811
3084.00000000,0.20393733,0.20393733
3085.00000000,0.20577793,0.20577793
3086.00000000,0.20760785,0.20760785
3087.00000000,0.20942507,0.20942507
3088.00000000,0.21122755,0.21122755
3089.00000000,0.21301330,0.21301330
3090.00000000,0.21478034,0.21478034
3091.00000000,0.21652670,0.21652670
3092.00000000,0.21825045,0.21825045
3093.00000000,0.21994967,0.21994967
3094.00000000,0.22162248,0.22162248
3095.00000000,0.22326702,0.22326702
3096.00000000,0.22488147,0.22488147
3097.00000000,0.22646404,0.22646404
3098.00000000,0.22801298,0.22801298
3099.00000000,0.22952656,0.22952656
3100.00000000,0.23100312,0.23100312
3101.00000000,0.23244102,0.23244102
3102.00000000,0.23383866,0.23383866
3103.00000000,0.23519451,0.23519451
3104.00000000,0.23650706,0.23650706
3105.00000000,0.23777486,0.23777486
3106.00000000,0.23899651,0.23899651
3107.00000000,0.24017066,0.24017066
3108.00000000,0.24129602,0.24129602
3109.00000000,0.24237134,0.24237134
3110.00000000,0.24339544,0.24339544
3111.00000000,0.24436720,0.24436720
3112.00000000,0.24528554,0.24528554
3113.00000000,0.24614945,0.24614945
3114.00000000,0.24695798,0.24695798
3115.00000000,0.24771025,0.24771025
3116.00000000,0.24840544,0.24840544
3117.00000000,0.24904278,0.24904278
3118.00000000,0.24962157,0.24962157
3119.00000000,0.25014119,0.25014119
3120.00000000,0.25060107,0.25060107
3121.00000000,0.25100072,0.25100072
3122.00000000,0.25133969,0.25133969
3123.00000000,0.25161764,0.25161764
3124.00000000,0.25183426,0.25183426
3125.00000000,0.25198933,0.25198933
3126.00000000,0.25208269,0.25208269
3127.00000000,0.25211425,0.25211425
3128.00000000,0.25208400,0.25208400
3129.00000000,0.25199196,0.25199196
3130.00000000,0.25183828,0.25183828
3131.00000000,0.25162312,0.25162312
3132.00000000,0.25134676,0.25134676
3133.00000000,0.25100949,0.25100949
3134.00000000,0.25061173,0.25061173
3135.00000000,0.25015392,0.25015392
3136.00000000,0.24963659,0.24963659
3137.00000000,0.24906033,0.24906033
3138.00000000,0.24842579,0.24842579
3139.00000000,0.24773370,0.24773370
3140.00000000,0.24698484,0.24698484
3141.00000000,0.24618005,0.24618005
3142.00000000,0.24532025,0.24532025
3143.00000000,0.24440641,0.24440641
3144.00000000,0.24343955,0.24343955
3145.00000000,0.24242078,0.24242078
3146.00000000,0.24135122,0.24135122
3147.00000000,0.24023209,0.24023209
3148.00000000,0.23906465,0.23906465
3149.00000000,0.23785021,0.23785021
3150.00000000,0.23659012,0.23659012
3151.00000000,0.23528581,0.23528581
3152.00000000,0.23393874,0.23393874
3153.00000000,0.23255042,0.23255042
3154.00000000,0.23112241,0.23112241
3155.00000000,0.22965630,0.22965630
3156.00000000,0.22815374,0.22815374
3157.00000000,0.22661641,0.22661641
3158.00000000,0.22504603,0.22504603
3159.00000000,0.22344436,0.22344436
3160.00000000,0.22181319,0.22181319
3161.00000000,0.22015435,0.22015435
3162.00000000,0.21846968,0.21846968
3163.00000000,0.21676109,0.21676109
3164.00000000,0.21503046,0.21503046
3165.00000000,0.21327974,0.21327974
3166.00000000,0.21151089,0.21151089
3167.00000000,0.20972587,0.20972587
3168.00000000,0.20792668,0.20792668
3169.00000000,0.20611533,0.20611533
3170.00000000,0.20429385,0.20429385
3171.00000000,0.20246426,0.20246426
3172.00000000,0.20062860,0.20062860
3173.00000000,0.19878893,0.19878893
3174.00000000,0.19694729,0.19694729
3175.00000000,0.19510574,0.19510574
3176.00000000,0.19326634,0.19326634
3177.00000000,0.19143112,0.19143112
3178.00000000,0.18960214,0.18960214
3179.00000000,0.18778144,0.18778144
3180.00000000,0.18597104,0.18597104
3181.00000000,0.18417296,0.18417296
3182.00000000,0.18238920,0.18238920
3183.00000000,0.18062175,0.18062175
3184.00000000,0.17887258,0.17887258
3185.00000000,0.17714363,0.17714363
3186.00000000,0.17543682,0.17543682
3187.00000000,0.17375407,0.17375407
3188.00000000,0.17209723,0.17209723
3189.00000000,0.17046816,0.17046816
3190.00000000,0.16886866,0.16886866
3191.00000000,0.16730051,0.16730051
3192.00000000,0.16576545,0.16576545
3193.00000000,0.16426520,0.16426520
3194.00000000,0.16280142,0.16280142
3195.00000000,0.16137573,0.16137573
3196.00000000,0.15998972,0.15998972
3197.00000000,0.15864492,0.15864492
3198.00000000,0.15734284,0.15734284
3199.00000000,0.15608491,0.15608491
3200.00000000,0.15487254,0.15487254
3201.00000000,0.15370706,0.15370706
3202.00000000,0.15258977,0.15258977
3203.00000000,0.15152191,0.15152191
3204.00000000,0.15050466,0.15050466
3205.00000000,0.14953915,0.14953915
3206.00000000,0.14862645,0.14862645
3207.00000000,0.14776757,0.14776757
3208.00000000,0.14696346,0.14696346
3209.00000000,0.14621500,0.14621500
3210.00000000,0.14552304,0.14552304
3211.00000000,0.14488832,0.14488832
3212.00000000,0.14431155,0.14431155
3213.00000000,0.14379337,0.14379337
3214.00000000,0.14333435,0.14333435
3215.00000000,0.14293499,0.14293499
3216.00000000,0.14259573,0.14259573
3217.00000000,0.14231695,0.14231695
3218.00000000,0.14209894,0.14209894
3219.00000000,0.14194195,0.14194195
3220.00000000,0.14184613,0.14184613
3221.00000000,0.14181160,0.14181160
3222.00000000,0.14183839,0.14183839
3223.00000000,0.14192645,0.14192645
3224.00000000,0.14207569,0.14207569
3225.00000000,0.14228594,0.14228594
3226.00000000,0.14255695,0.14255695
3227.00000000,0.14288841,0.14288841
3228.00000000,0.14327996,0.14327996
3229.00000000,0.14373115,0.14373115
3230.00000000,0.14424148,0.14424148
3231.00000000,0.14481037,0.14481037
3232.00000000,0.14543718,0.14543718
3233.00000000,0.14612122,0.14612122
3234.00000000,0.14686171,0.14686171
3235.00000000,0.14765783,0.14765783
3236.00000000,0.14850869,0.14850869
3237.00000000,0.14941333,0.14941333
3238.00000000,0.15037076,0.15037076
3239.00000000,0.15137989,0.15137989
3240.00000000,0.15243960,0.15243960
3241.00000000,0.15354872,0.15354872
3242.00000000,0.15470600,0.15470600
3243.00000000,0.15591015,0.15591015
3244.00000000,0.15715984,0.15715984
3245.00000000,0.15845366,0.15845366
3246.00000000,0.15979019,0.15979019
3247.00000000,0.16116792,0.16116792
3248.00000000,0.16258533,0.16258533
3249.00000000,0.16404083,0.16404083
3250.00000000,0.16553282,0.16553282
3251.00000000,0.16705962,0.16705962
3252.00000000,0.16861955,0.16861955
3253.00000000,0.17021086,0.17021086
3254.00000000,0.17183178,0.17183178
3255.00000000,0.17348051,0.17348051
3256.00000000,0.17515523,0.17515523
3257.00000000,0.17685407,0.17685407
3258.00000000,0.17857513,0.17857513
3259.00000000,0.18031652,0.18031652
3260.00000000,0.18207629,0.18207629
3261.00000000,0.18385248,0.18385248
3262.00000000,0.18564314,0.18564314
3263.00000000,0.18744626,0.18744626
3264.00000000,0.18925985,0.18925985
3265.00000000,0.19108189,0.19108189
3266.00000000,0.19291037,0.19291037
3267.00000000,0.19474324,0.19474324
3268.00000000,0.19657849,0.19657849
3269.00000000,0.19841407,0.19841407
3270.00000000,0.20024794,0.20024794
3271.00000000,0.20207808,0.20207808
3272.00000000,0.20390246,0.20390246
3273.00000000,0.20571904,0.20571904
3274.00000000,0.20752583,0.20752583
3275.00000000,0.20932081,0.20932081
3276.00000000,0.21110199,0.21110199
3277.00000000,0.21286741,0.21286741
3278.00000000,0.21461511,0.21461511
3279.00000000,0.21634316,0.21634316
3280.00000000,0.21804963,0.21804963
3281.00000000,0.21973265,0.21973265
3282.00000000,0.22139034,0.22139034
3283.00000000,0.22302088,0.22302088
3284.00000000,0.22462246,0.22462246
3285.00000000,0.22619332,0.22619332
3286.00000000,0.22773170,0.22773170
3287.00000000,0.22923592,0.22923592
3288.00000000,0.23070431,0.23070431
3289.00000000,0.23213525,0.23213525
3290.00000000,0.23352715,0.23352715
3291.00000000,0.23487849,0.23487849
3292.00000000,0.23618777,0.23618777
3293.00000000,0.23745354,0.23745354
3294.00000000,0.23867441,0.23867441
3295.00000000,0.23984904,0.23984904
3296.00000000,0.24097613,0.24097613
3297.00000000,0.24205444,0.24205444
3298.00000000,0.24308278,0.24308278
3299.00000000,0.24406001,0.24406001
3300.00000000,0.24498508,0.24498508
3301.00000000,0.24585696,0.24585696
3302.00000000,0.24667469,0.24667469
3303.00000000,0.24743737,0.24743737
3304.00000000,0.24814418,0.24814418
3305.00000000,0.24879434,0.24879434
3306.00000000,0.24938713,0.24938713
3307.00000000,0.24992191,0.24992191
3308.00000000,0.25039811,0.25039811
3309.00000000,0.25081520,0.25081520
3310.00000000,0.25117273,0.25117273
3311.00000000,0.25147031,0.25147031
3312.00000000,0.25170764,0.25170764
3313.00000000,0.25188445,0.25188445
3314.00000000,0.25200057,0.25200057
3315.00000000,0.25205587,0.25205587
3316.00000000,0.25205031,0.25205031
3317.00000000,0.25198391,0.25198391
3318.00000000,0.25185674,0.25185674
3319.00000000,0.25166898,0.25166898
3320.00000000,0.25142083,0.25142083
3321.00000000,0.25111258,0.25111258
3322.00000000,0.25074459,0.25074459
3323.00000000,0.25031729,0.25031729
3324.00000000,0.24983114,0.24983114
3325.00000000,0.24928671,0.24928671
3326.00000000,0.24868462,0.24868462
3327.00000000,0.24802554,0.24802554
3328.00000000,0.24731021,0.24731021
3329.00000000,0.24653945,0.24653945
3330.00000000,0.24571412,0.24571412
3331.00000000,0.24483514,0.24483514
3332.00000000,0.24390350,0.24390350
3333.00000000,0.24292026,0.24292026
3334.00000000,0.24188650,0.24188650
3335.00000000,0.24080339,0.24080339
3336.00000000,0.23967214,0.23967214
3337.00000000,0.23849402,0.23849402
3338.00000000,0.23727035,0.23727035
3339.00000000,0.23600248,0.23600248
3340.00000000,0.23469185,0.23469185
3341.00000000,0.23333991,0.23333991
3342.00000000,0.23194817,0.23194817
3343.00000000,0.23051819,0.23051819
3344.00000000,0.22905156,0.22905156
3345.00000000,0.22754993,0.22754993
3346.00000000,0.22601495,0.22601495
3347.00000000,0.22444836,0.22444836
3348.00000000,0.22285188,0.22285188
3349.00000000,0.22122731,0.22122731
3350.00000000,0.21957645,0.21957645
3351.00000000,0.21790113,0.21790113
3352.00000000,0.21620324,0.21620324
3353.00000000,0.21448465,0.21448465
3354.00000000,0.21274729,0.21274729
3355.00000000,0.21099308,0.21099308
3356.00000000,0.20922397,0.20922397
3357.00000000,0.20744194,0.20744194
3358.00000000,0.20564897,0.20564897
3359.00000000,0.20384705,0.20384705
3360.00000000,0.20203819,0.20203819
3361.00000000,0.20022440,0.20022440
3362.00000000,0.19840769,0.19840769
3363.00000000,0.19659009,0.19659009
3364.00000000,0.19477361,0.19477361
3365.00000000,0.19296027,0.19296027
3366.00000000,0.19115209,0.19115209
3367.00000000,0.18935107,0.18935107
3368.00000000,0.18755923,0.18755923
3369.00000000,0.18577854,0.18577854
3370.00000000,0.18401098,0.18401098
3371.00000000,0.18225852,0.18225852
3372.00000000,0.18052311,0.18052311
3373.00000000,0.17880666,0.17880666
3374.00000000,0.17711109,0.17711109
3375.00000000,0.17543827,0.17543827
3376.00000000,0.17379006,0.17379006
3377.00000000,0.17216829,0.17216829
3378.00000000,0.17057476,0.17057476
3379.00000000,0.16901123,0.16901123
3380.00000000,0.16747945,0.16747945
3381.00000000,0.16598109,0.16598109
3382.00000000,0.16451784,0.16451784
3383.00000000,0.16309131,0.16309131
3384.00000000,0.16170307,0.16170307
3385.00000000,0.16035468,0.16035468
3386.00000000,0.15904761,0.15904761
3387.00000000,0.15778333,0.15778333
3388.00000000,0.15656322,0.15656322
3389.00000000,0.15538864,0.15538864
3390.00000000,0.15426089,0.15426089
3391.00000000,0.15318122,0.15318122
3392.00000000,0.15215081,0.15215081
3393.00000000,0.15117082,0.15117082
3394.00000000,0.15024232,0.15024232
3395.00000000,0.14936634,0.14936634
3396.00000000,0.14854385,0.14854385
3397.00000000,0.14777575,0.14777575
3398.00000000,0.14706290,0.14706290
3399.00000000,0.14640608,0.14640608
3400.00000000,0.14580601,0.14580601
3401.00000000,0.14526335,0.14526335
3402.00000000,0.14477870,0.14477870
3403.00000000,0.14435260,0.14435260
3404.00000000,0.14398552,0.14398552
3405.00000000,0.14367785,0.14367785
3406.00000000,0.14342992,0.14342992
3407.00000000,0.14324202,0.14324202
3408.00000000,0.14311435,0.14311435
3409.00000000,0.14304704,0.14304704
3410.00000000,0.14304016,0.14304016
3411.00000000,0.14309371,0.14309371
3412.00000000,0.14320763,0.14320763
3413.00000000,0.14338179,0.14338179
3414.00000000,0.14361599,0.14361599
3415.00000000,0.14390997,0.14390997
3416.00000000,0.14426339,0.14426339
3417.00000000,0.14467587,0.14467587
3418.00000000,0.14514692,0.14514692
3419.00000000,0.14567604,0.14567604
3420.00000000,0.14626263,0.14626263
3421.00000000,0.14690603,0.14690603
3422.00000000,0.14760553,0.14760553
3423.00000000,0.14836034,0.14836034
3424.00000000,0.14916963,0.14916963
3425.00000000,0.15003250,0.15003250
3426.00000000,0.15094797,0.15094797
3427.00000000,0.15191504,0.15191504
3428.00000000,0.15293263,0.15293263
3429.00000000,0.15399961,0.15399961
3430.00000000,0.15511479,0.15511479
3431.00000000,0.15627693,0.15627693
3432.00000000,0.15748474,0.15748474
3433.00000000,0.15873688,0.15873688
3434.00000000,0.16003196,0.16003196
3435.00000000,0.16136854,0.16136854
3436.00000000,0.16274513,0.16274513
3437.00000000,0.16416021,0.16416021
3438.00000000,0.16561221,0.16561221
3439.00000000,0.16709951,0.16709951
3440.00000000,0.16862047,0.16862047
3441.00000000,0.17017340,0.17017340
3442.00000000,0.17175657,0.17175657
3443.00000000,0.17336824,0.17336824
3444.00000000,0.17500661,0.17500661
3445.00000000,0.17666986,0.17666986
3446.00000000,0.17835616,0.17835616
3447.00000000,0.18006364,0.18006364
3448.00000000,0.18179039,0.18179039
3449.00000000,0.18353452,0.18353452
3450.00000000,0.18529408,0.18529408
3451.00000000,0.18706713,0.18706713
3452.00000000,0.18885171,0.18885171
3453.00000000,0.19064583,0.19064583
3454.00000000,0.19244752,0.19244752
3455.00000000,0.19425477,0.19425477
3456.00000000,0.19606559,0.19606559
3457.00000000,0.19787797,0.19787797
3458.00000000,0.19968991,0.19968991
3459.00000000,0.20149940,0.20149940
3460.00000000,0.20330444,0.20330444
3461.00000000,0.20510303,0.20510303
3462.00000000,0.20689319,0.20689319
3463.00000000,0.20867293,0.20867293
3464.00000000,0.21044029,0.21044029
3465.00000000,0.21219331,0.21219331
3466.00000000,0.21393006,0.21393006
3467.00000000,0.21564861,0.21564861
3468.00000000,0.21734707,0.21734707
3469.00000000,0.21902356,0.21902356
3470.00000000,0.22067623,0.22067623
3471.00000000,0.22230325,0.22230325
3472.00000000,0.22390283,0.22390283
3473.00000000,0.22547320,0.22547320
3474.00000000,0.22701263,0.22701263
3475.00000000,0.22851941,0.22851941
3476.00000000,0.22999190,0.22999190
3477.00000000,0.23142846,0.23142846
3478.00000000,0.23282750,0.23282750
3479.00000000,0.23418749,0.23418749
3480.00000000,0.23550694,0.23550694
3481.00000000,0.23678437,0.23678437
3482.00000000,0.23801839,0.23801839
3483.00000000,0.23920764,0.23920764
3484.00000000,0.24035081,0.24035081
3485.00000000,0.24144665,0.24144665
3486.00000000,0.24249393,0.24249393
3487.00000000,0.24349153,0.24349153
3488.00000000,0.24443834,0.24443834
3489.00000000,0.24533331,0.24533331
3490.00000000,0.24617548,0.24617548
3491.00000000,0.24696391,0.24696391
3492.00000000,0.24769774,0.24769774
3493.00000000,0.24837617,0.24837617
3494.00000000,0.24899845,0.24899845
3495.00000000,0.24956392,0.24956392
3496.00000000,0.25007194,0.25007194
3497.00000000,0.25052198,0.25052198
3498.00000000,0.25091353,0.25091353
3499.00000000,0.25124619,0.25124619
3500.00000000,0.25151958,0.25151958
3501.00000000,0.25173342,0.25173342
3502.00000000,0.25188747,0.25188747
3503.00000000,0.25198159,0.25198159
3504.00000000,0.25201568,0.25201568
3505.00000000,0.25198970,0.25198970
3506.00000000,0.25190370,0.25190370
3507.00000000,0.25175778,0.25175778
3508.00000000,0.25155212,0.25155212
3509.00000000,0.25128696,0.25128696
3510.00000000,0.25096259,0.25096259
3511.00000000,0.25057939,0.25057939
3512.00000000,0.25013779,0.25013779
3513.00000000,0.24963829,0.24963829
3514.00000000,0.24908145,0.24908145
3515.00000000,0.24846791,0.24846791
3516.00000000,0.24779835,0.24779835
3517.00000000,0.24707352,0.24707352
3518.00000000,0.24629424,0.24629424
3519.00000000,0.24546137,0.24546137
3520.00000000,0.24457585,0.24457585
3521.00000000,0.24363867,0.24363867
3522.00000000,0.24265087,0.24265087
3523.00000000,0.24161357,0.24161357
3524.00000000,0.24052791,0.24052791
3525.00000000,0.23939511,0.23939511
3526.00000000,0.23821643,0.23821643
3527.00000000,0.23699319,0.23699319
3528.00000000,0.23572674,0.23572674
3529.00000000,0.23441850,0.23441850
3530.00000000,0.23306993,0.23306993
3531.00000000,0.23168252,0.23168252
3532.00000000,0.23025783,0.23025783
3533.00000000,0.22879743,0.22879743
3534.00000000,0.22730294,0.22730294
3535.00000000,0.22577604,0.22577604
3536.00000000,0.22421842,0.22421842
3537.00000000,0.22263180,0.22263180
3538.00000000,0.22101796,0.22101796
3539.00000000,0.21937869,0.21937869
3540.00000000,0.21771580,0.21771580
3541.00000000,0.21603115,0.21603115
3542.00000000,0.21432660,0.21432660
3543.00000000,0.21260405,0.21260405
3544.00000000,0.21086541,0.21086541
3545.00000000,0.20911260,0.20911260
3546.00000000,0.20734758,0.20734758
3547.00000000,0.20557231,0.20557231
3548.00000000,0.20378874,0.20378874
3549.00000000,0.20199887,0.20199887
3550.00000000,0.20020467,0.20020467
3551.00000000,0.19840814,0.19840814
3552.00000000,0.19661126,0.19661126
3553.00000000,0.19481604,0.19481604
3554.00000000,0.19302445,0.19302445
3555.00000000,0.19123849,0.19123849
3556.00000000,0.18946014,0.18946014
3557.00000000,0.18769136,0.18769136
3558.00000000,0.18593411,0.18593411
3559.00000000,0.18419035,0.18419035
3560.00000000,0.18246200,0.18246200
3561.00000000,0.18075098,0.18075098
3562.00000000,0.17905918,0.17905918
3563.00000000,0.17738847,0.17738847
3564.00000000,0.17574071,0.17574071
3565.00000000,0.17411772,0.17411772
3566.00000000,0.17252130,0.17252130
3567.00000000,0.17095320,0.17095320
3568.00000000,0.16941518,0.16941518
3569.00000000,0.16790893,0.16790893
3570.00000000,0.16643611,0.16643611
3571.00000000,0.16499835,0.16499835
3572.00000000,0.16359725,0.16359725
3573.00000000,0.16223435,0.16223435
3574.00000000,0.16091117,0.16091117
3575.00000000,0.15962916,0.15962916
3576.00000000,0.15838973,0.15838973
3577.00000000,0.15719427,0.15719427
3578.00000000,0.15604409,0.15604409
3579.00000000,0.15494046,0.15494046
3580.00000000,0.15388460,0.15388460
3581.00000000,0.15287768,0.15287768
3582.00000000,0.15192080,0.15192080
3583.00000000,0.15101502,0.15101502
3584.00000000,0.15016135,0.15016135
3585.00000000,0.14936072,0.14936072
3586.00000000,0.14861402,0.14861402
3587.00000000,0.14792207,0.14792207
3588.00000000,0.14728563,0.14728563
3589.00000000,0.14670540,0.14670540
3590.00000000,0.14618202,0.14618202
3591.00000000,0.14571607,0.14571607
3592.00000000,0.14530805,0.14530805
3593.00000000,0.14495842,0.14495842
3594.00000000,0.14466756,0.14466756
3595.00000000,0.14443578,0.14443578
3596.00000000,0.14426334,0.14426334
3597.00000000,0.14415043,0.14415043
3598.00000000,0.14409716,0.14409716
3599.00000000,0.14410360,0.14410360
3600.00000000,0.14416972,0.14416972
3601.00000000,0.14429546,0.14429546
3602.00000000,0.14448066,0.14448066
3603.00000000,0.14472513,0.14472513
3604.00000000,0.14502858,0.14502858
3605.00000000,0.14539067,0.14539067
3606.00000000,0.14581101,0.14581101
3607.00000000,0.14628912,0.14628912
3608.00000000,0.14682447,0.14682447
3609.00000000,0.14741646,0.14741646
3610.00000000,0.14806443,0.14806443
3611.00000000,0.14876767,0.14876767
3612.00000000,0.14952539,0.14952539
3613.00000000,0.15033676,0.15033676
3614.00000000,0.15120086,0.15120086
3615.00000000,0.15211674,0.15211674
3616.00000000,0.15308338,0.15308338
3617.00000000,0.15409972,0.15409972
3618.00000000,0.15516462,0.15516462
3619.00000000,0.15627690,0.15627690
3620.00000000,0.15743534,0.15743534
3621.00000000,0.15863863,0.15863863
3622.00000000,0.15988547,0.15988547
3623.00000000,0.16117445,0.16117445
3624.00000000,0.16250415,0.16250415
3625.00000000,0.16387310,0.16387310
3626.00000000,0.16527979,0.16527979
3627.00000000,0.16672265,0.16672265
3628.00000000,0.16820010,0.16820010
3629.00000000,0.16971048,0.16971048
3630.00000000,0.17125214,0.17125214
3631.00000000,0.17282336,0.17282336
3632.00000000,0.17442241,0.17442241
3633.00000000,0.17604751,0.17604751
3634.00000000,0.17769687,0.17769687
3635.00000000,0.17936867,0.17936867
3636.00000000,0.18106106,0.18106106
3637.00000000,0.18277215,0.18277215
3638.00000000,0.18450007,0.18450007
3639.00000000,0.18624291,0.18624291
3640.00000000,0.18799872,0.18799872
3641.00000000,0.18976558,0.18976558
3642.00000000,0.19154154,0.19154154
3643.00000000,0.19332462,0.19332462
3644.00000000,0.19511285,0.19511285
3645.00000000,0.19690428,0.19690428
3646.00000000,0.19869690,0.19869690
3647.00000000,0.20048875,0.20048875
3648.00000000,0.20227784,0.20227784
3649.00000000,0.20406220,0.20406220
3650.00000000,0.20583986,0.20583986
3651.00000000,0.20760886,0.20760886
3652.00000000,0.20936723,0.20936723
3653.00000000,0.21111305,0.21111305
3654.00000000,0.21284439,0.21284439
3655.00000000,0.21455933,0.21455933
3656.00000000,0.21625598,0.21625598
3657.00000000,0.21793247,0.21793247
3658.00000000,0.21958696,0.21958696
3659.00000000,0.22121761,0.22121761
3660.00000000,0.22282263,0.22282263
3661.00000000,0.22440025,0.22440025
3662.00000000,0.22594873,0.22594873
3663.00000000,0.22746637,0.22746637
3664.00000000,0.22895148,0.22895148
3665.00000000,0.23040244,0.23040244
3666.00000000,0.23181765,0.23181765
3667.00000000,0.23319555,0.23319555
3668.00000000,0.23453462,0.23453462
3669.00000000,0.23583339,0.23583339
3670.00000000,0.23709043,0.23709043
3671.00000000,0.23830436,0.23830436
3672.00000000,0.23947383,0.23947383
3673.00000000,0.24059757,0.24059757
3674.00000000,0.24167435,0.24167435
3675.00000000,0.24270297,0.24270297
3676.00000000,0.24368231,0.24368231
3677.00000000,0.24461129,0.24461129
3678.00000000,0.24548889,0.24548889
3679.00000000,0.24631416,0.24631416
3680.00000000,0.24708619,0.24708619
3681.00000000,0.24780413,0.24780413
3682.00000000,0.24846719,0.24846719
3683.00000000,0.24907466,0.24907466
3684.00000000,0.24962587,0.24962587
3685.00000000,0.25012022,0.25012022
3686.00000000,0.25055717,0.25055717
3687.00000000,0.25093625,0.25093625
3688.00000000,0.25125704,0.25125704
3689.00000000,0.25151920,0.25151920
3690.00000000,0.25172246,0.25172246
3691.00000000,0.25186658,0.25186658
3692.00000000,0.25195144,0.25195144
3693.00000000,0.25197693,0.25197693
3694.00000000,0.25194304,0.25194304
3695.00000000,0.25184981,0.25184981
3696.00000000,0.25169737,0.25169737
3697.00000000,0.25148588,0.25148588
3698.00000000,0.25121559,0.25121559
3699.00000000,0.25088680,0.25088680
3700.00000000,0.25049989,0.25049989
3701.00000000,0.25005530,0.25005530
3702.00000000,0.24955352,0.24955352
3703.00000000,0.24899512,0.24899512
3704.00000000,0.24838073,0.24838073
3705.00000000,0.24771103,0.24771103
3706.00000000,0.24698677,0.24698677
3707.00000000,0.24620875,0.24620875
3708.00000000,0.24537786,0.24537786
3709.00000000,0.24449501,0.24449501
3710.00000000,0.24356119,0.24356119
3711.00000000,0.24257744,0.24257744
3712.00000000,0.24154486,0.24154486
3713.00000000,0.24046458,0.24046458
3714.00000000,0.23933783,0.23933783
3715.00000000,0.23816584,0.23816584
3716.00000000,0.23694992,0.23694992
3717.00000000,0.23569142,0.23569142
3718.00000000,0.23439175,0.23439175
3719.00000000,0.23305234,0.23305234
3720.00000000,0.23167468,0.23167468
3721.00000000,0.23026030,0.23026030
3722.00000000,0.22881077,0.22881077
3723.00000000,0.22732769,0.22732769
3724.00000000,0.22581272,0.22581272
3725.00000000,0.22426754,0.22426754
3726.00000000,0.22269385,0.22269385
3727.00000000,0.22109341,0.22109341
3728.00000000,0.21946798,0.21946798
3729.00000000,0.21781937,0.21781937
3730.00000000,0.21614941,0.21614941
3731.00000000,0.21445994,0.21445994
3732.00000000,0.21275284,0.21275284
3733.00000000,0.21103000,0.21103000
3734.00000000,0.20929332,0.20929332
3735.00000000,0.20754474,0.20754474
3736.00000000,0.20578618,0.20578618
3737.00000000,0.20401960,0.20401960
3738.00000000,0.20224694,0.20224694
3739.00000000,0.20047018,0.20047018
3740.00000000,0.19869127,0.19869127
3741.00000000,0.19691219,0.19691219
3742.00000000,0.19513491,0.19513491
3743.00000000,0.19336139,0.19336139
3744.00000000,0.19159359,0.19159359
3745.00000000,0.18983347,0.18983347
3746.00000000,0.18808298,0.18808298
3747.00000000,0.18634405,0.18634405
3748.00000000,0.18461860,0.18461860
3749.00000000,0.18290855,0.18290855
3750.00000000,0.18121578,0.18121578
3751.00000000,0.17954216,0.17954216
3752.00000000,0.17788955,0.17788955
3753.00000000,0.17625977,0.17625977
3754.00000000,0.17465463,0.17465463
3755.00000000,0.17307589,0.17307589
3756.00000000,0.17152529,0.17152529
3757.00000000,0.17000457,0.17000457
3758.00000000,0.16851538,0.16851538
3759.00000000,0.16705939,0.16705939
3760.00000000,0.16563818,0.16563818
3761.00000000,0.16425335,0.16425335
3762.00000000,0.16290641,0.16290641
3763.00000000,0.16159885,0.16159885
3764.00000000,0.16033211,0.16033211
3765.00000000,0.15910759,0.15910759
3766.00000000,0.15792665,0.15792665
3767.00000000,0.15679058,0.15679058
3768.00000000,0.15570065,0.15570065
3769.00000000,0.15465804,0.15465804
3770.00000000,0.15366392,0.15366392
3771.00000000,0.15271937,0.15271937
3772.00000000,0.15182544,0.15182544
3773.00000000,0.15098311,0.15098311
3774.00000000,0.15019331,0.15019331
3775.00000000,0.14945692,0.14945692
3776.00000000,0.14877473,0.14877473
3777.00000000,0.14814751,0.14814751
3778.00000000,0.14757594,0.14757594
3779.00000000,0.14706065,0.14706065
3780.00000000,0.14660220,0.14660220
3781.00000000,0.14620110,0.14620110
3782.00000000,0.14585780,0.14585780
3783.00000000,0.14557265,0.14557265
3784.00000000,0.14534599,0.14534599
3785.00000000,0.14517804,0.14517804
3786.00000000,0.14506901,0.14506901
3787.00000000,0.14501899,0.14501899
3788.00000000,0.14502805,0.14502805
3789.00000000,0.14509617,0.14509617
3790.00000000,0.14522327,0.14522327
3791.00000000,0.14540921,0.14540921
3792.00000000,0.14565378,0.14565378
3793.00000000,0.14595671,0.14595671
3794.00000000,0.14631765,0.14631765
3795.00000000,0.14673621,0.14673621
3796.00000000,0.14721192,0.14721192
3797.00000000,0.14774425,0.14774425
3798.00000000,0.14833261,0.14833261
3799.00000000,0.14897635,0.14897635
3800.00000000,0.14967475,0.14967475
3801.00000000,0.15042704,0.15042704
3802.00000000,0.15123238,0.15123238
3803.00000000,0.15208988,0.15208988
3804.00000000,0.15299860,0.15299860
3805.00000000,0.15395752,0.15395752
3806.00000000,0.15496558,0.15496558
3807.00000000,0.15602167,0.15602167
3808.00000000,0.15712462,0.15712462
3809.00000000,0.15827321,0.15827321
3810.00000000,0.15946617,0.15946617
3811.00000000,0.16070217,0.16070217
3812.00000000,0.16197986,0.16197986
3813.00000000,0.16329781,0.16329781
3814.00000000,0.16465457,0.16465457
3815.00000000,0.16604865,0.16604865
3816.00000000,0.16747849,0.16747849
3817.00000000,0.16894252,0.16894252
3818.00000000,0.17043913,0.17043913
3819.00000000,0.17196665,0.17196665
3820.00000000,0.17352340,0.17352340
3821.00000000,0.17510766,0.17510766
3822.00000000,0.17671768,0.17671768
3823.00000000,0.17835168,0.17835168
3824.00000000,0.18000785,0.18000785
3825.00000000,0.18168438,0.18168438
3826.00000000,0.18337940,0.18337940
3827.00000000,0.18509105,0.18509105
3828.00000000,0.18681743,0.18681743
3829.00000000,0.18855664,0.18855664
3830.00000000,0.19030676,0.19030676
3831.00000000,0.19206586,0.19206586
3832.00000000,0.19383200,0.19383200
3833.00000000,0.19560322,0.19560322
3834.00000000,0.19737758,0.19737758
3835.00000000,0.19915312,0.19915312
3836.00000000,0.20092787,0.20092787
3837.00000000,0.20269989,0.20269989
3838.00000000,0.20446721,0.20446721
3839.00000000,0.20622789,0.20622789
3840.00000000,0.20797998,0.20797998
3841.00000000,0.20972156,0.20972156
3842.00000000,0.21145071,0.21145071
3843.00000000,0.21316551,0.21316551
3844.00000000,0.21486408,0.21486408
3845.00000000,0.21654455,0.21654455
3846.00000000,0.21820506,0.21820506
3847.00000000,0.21984379,0.21984379
3848.00000000,0.22145893,0.22145893
3849.00000000,0.22304870,0.22304870
3850.00000000,0.22461135,0.22461135
3851.00000000,0.22614516,0.22614516
3852.00000000,0.22764845,0.22764845
3853.00000000,0.22911955,0.22911955
3854.00000000,0.23055684,0.23055684
3855.00000000,0.23195876,0.23195876
3856.00000000,0.23332375,0.23332375
3857.00000000,0.23465031,0.23465031
3858.00000000,0.23593698,0.23593698
3859.00000000,0.23718236,0.23718236
3860.00000000,0.23838506,0.23838506
3861.00000000,0.23954378,0.23954378
3862.00000000,0.24065723,0.24065723
3863.00000000,0.24172419,0.24172419
3864.00000000,0.24274350,0.24274350
3865.00000000,0.24371403,0.24371403
3866.00000000,0.24463471,0.24463471
3867.00000000,0.24550455,0.24550455
3868.00000000,0.24632258,0.24632258
3869.00000000,0.24708791,0.24708791
3870.00000000,0.24779970,0.24779970
3871.00000000,0.24845718,0.24845718
3872.00000000,0.24905962,0.24905962
3873.00000000,0.24960637,0.24960637
3874.00000000,0.25009683,0.25009683
3875.00000000,0.25053046,0.25053046
3876.00000000,0.25090681,0.25090681
3877.00000000,0.25122545,0.25122545
3878.00000000,0.25148604,0.25148604
3879.00000000,0.25168831,0.25168831
3880.00000000,0.25183204,0.25183204
3881.00000000,0.25191708,0.25191708
3882.00000000,0.25194333,0.25194333
3883.00000000,0.25191079,0.25191079
3884.00000000,0.25181949,0.25181949
3885.00000000,0.25166955,0.25166955
3886.00000000,0.25146113,0.25146113
3887.00000000,0.25119448,0.25119448
3888.00000000,0.25086989,0.25086989
3889.00000000,0.25048773,0.25048773
3890.00000000,0.25004843,0.25004843
3891.00000000,0.24955249,0.24955249
3892.00000000,0.24900046,0.24900046
3893.00000000,0.24839296,0.24839296
3894.00000000,0.24773065,0.24773065
3895.00000000,0.24701429,0.24701429
3896.00000000,0.24624468,0.24624468
3897.00000000,0.24542265,0.24542265
3898.00000000,0.24454915,0.24454915
3899.00000000,0.24362512,0.24362512
3900.00000000,0.24265160,0.24265160
3901.00000000,0.24162968,0.24162968
3902.00000000,0.24056048,0.24056048
3903.00000000,0.23944520,0.23944520
3904.00000000,0.23828507,0.23828507
3905.00000000,0.23708137,0.23708137
3906.00000000,0.23583545,0.23583545
3907.00000000,0.23454868,0.23454868
3908.00000000,0.23322250,0.23322250
3909.00000000,0.23185836,0.23185836
3910.00000000,0.23045779,0.23045779
3911.00000000,0.22902233,0.22902233
3912.00000000,0.22755357,0.22755357
3913.00000000,0.22605315,0.22605315
3914.00000000,0.22452272,0.22452272
3915.00000000,0.22296397,0.22296397
3916.00000000,0.22137863,0.22137863
3917.00000000,0.21976846,0.21976846
3918.00000000,0.21813524,0.21813524
3919.00000000,0.21648077,0.21648077
3920.00000000,0.21480688,0.21480688
3921.00000000,0.21311543,0.21311543
3922.00000000,0.21140829,0.21140829
3923.00000000,0.20968735,0.20968735
3924.00000000,0.20795450,0.20795450
3925.00000000,0.20621166,0.20621166
3926.00000000,0.20446077,0.20446077
3927.00000000,0.20270375,0.20270375
3928.00000000,0.20094255,0.20094255
3929.00000000,0.19917912,0.19917912
3930.00000000,0.19741540,0.19741540
3931.00000000,0.19565334,0.19565334
3932.00000000,0.19389489,0.19389489
3933.00000000,0.19214199,0.19214199
3934.00000000,0.19039658,0.19039658
3935.00000000,0.18866058,0.18866058
3936.00000000,0.18693592,0.18693592
3937.00000000,0.18522449,0.18522449
3938.00000000,0.18352820,0.18352820
3939.00000000,0.18184890,0.18184890
3940.00000000,0.18018846,0.18018846
3941.00000000,0.17854870,0.17854870
3942.00000000,0.17693144,0.17693144
3943.00000000,0.17533847,0.17533847
3944.00000000,0.17377153,0.17377153
3945.00000000,0.17223237,0.17223237
3946.00000000,0.17072267,0.17072267
3947.00000000,0.16924411,0.16924411
3948.00000000,0.16779831,0.16779831
3949.00000000,0.16638687,0.16638687
3950.00000000,0.16501135,0.16501135
3951.00000000,0.16367326,0.16367326
3952.00000000,0.16237408,0.16237408
3953.00000000,0.16111524,0.16111524
3954.00000000,0.15989813,0.15989813
3955.00000000,0.15872409,0.15872409
3956.00000000,0.15759441,0.15759441
3957.00000000,0.15651035,0.15651035
3958.00000000,0.15547308,0.15547308
3959.00000000,0.15448377,0.15448377
3960.00000000,0.15354349,0.15354349
3961.00000000,0.15265328,0.15265328
3962.00000000,0.15181412,0.15181412
3963.00000000,0.15102694,0.15102694
3964.00000000,0.15029260,0.15029260
3965.00000000,0.14961191,0.14961191
3966.00000000,0.14898562,0.14898562
3967.00000000,0.14841441,0.14841441
3968.00000000,0.14789892,0.14789892
3969.00000000,0.14743970,0.14743970
3970.00000000,0.14703727,0.14703727
3971.00000000,0.14669207,0.14669207
3972.00000000,0.14640447,0.14640447
3973.00000000,0.14617478,0.14617478
3974.00000000,0.14600327,0.14600327
3975.00000000,0.14589011,0.14589011
3976.00000000,0.14583542,0.14583542
3977.00000000,0.14583927,0.14583927
3978.00000000,0.14590165,0.14590165
3979.00000000,0.14602248,0.14602248
3980.00000000,0.14620163,0.14620163
3981.00000000,0.14643889,0.14643889
3982.00000000,0.14673401,0.14673401
3983.00000000,0.14708666,0.14708666
3984.00000000,0.14749643,0.14749643
3985.00000000,0.14796289,0.14796289
3986.00000000,0.14848550,0.14848550
3987.00000000,0.14906369,0.14906369
3988.00000000,0.14969683,0.14969683
3989.00000000,0.15038420,0.15038420
3990.00000000,0.15112505,0.15112505
3991.00000000,0.15191856,0.15191856
3992.00000000,0.15276385,0.15276385
3993.00000000,0.15365998,0.15365998
3994.00000000,0.15460597,0.15460597
3995.00000000,0.15560077,0.15560077
3996.00000000,0.15664327,0.15664327
3997.00000000,0.15773234,0.15773234
3998.00000000,0.15886675,0.15886675
3999.00000000,0.16004526,0.16004526
4000.00000000,0.16126658,0.16126658
