nu_cm1,R_obs,R_model_best,weight
399.67470000,0.00000000,0.25059464,1.00000000
400.15690000,0.36336681,0.25061030,1.00000000
400.63900000,0.35752088,0.25062971,1.00000000
401.12110000,0.35171912,0.25064961,1.00000000
401.60320000,0.34669149,0.25066998,1.00000000
402.08530000,0.34163955,0.25069085,1.00000000
402.56740000,0.33664415,0.25071221,1.00000000
403.04960000,0.33186897,0.25073408,1.00000000
403.53170000,0.32758161,0.25075644,1.00000000
404.01380000,0.32345778,0.25077932,1.00000000
404.49590000,0.31961621,0.25080271,1.00000000
404.97800000,0.31633959,0.25082662,1.00000000
405.46010000,0.31371904,0.25085105,1.00000000
405.94230000,0.31177606,0.25087602,1.00000000
406.42440000,0.31021143,0.25090152,1.00000000
406.90650000,0.30921060,0.25092756,1.00000000
407.38860000,0.30863202,0.25095415,1.00000000
407.87070000,0.30848388,0.25098128,1.00000000
408.35280000,0.30837838,0.25100898,1.00000000
408.83500000,0.30804094,0.25103723,1.00000000
409.31710000,0.30796474,0.25106605,1.00000000
409.79920000,0.30756984,0.25109544,1.00000000
410.28130000,0.30658509,0.25112541,1.00000000
410.76340000,0.30551575,0.25115595,1.00000000
411.24550000,0.30408723,0.25118709,1.00000000
411.72770000,0.30209164,0.25121881,1.00000000
412.20980000,0.29960942,0.25125113,1.00000000
412.69190000,0.29695206,0.25128405,1.00000000
413.17400000,0.29398791,0.25131757,1.00000000
413.65610000,0.29104396,0.25135170,1.00000000
414.13820000,0.28764498,0.25138645,1.00000000
414.62040000,0.28474329,0.25142182,1.00000000
415.10250000,0.28189566,0.25145781,1.00000000
415.58460000,0.27909351,0.25149443,1.00000000
416.06670000,0.27623435,0.25153168,1.00000000
416.54880000,0.27369893,0.25156956,1.00000000
417.03090000,0.27171107,0.25160810,1.00000000
417.51310000,0.26974438,0.25164730,1.00000000
417.99520000,0.26813785,0.25168715,1.00000000
418.47730000,0.26732675,0.25172768,1.00000000
418.95940000,0.26639144,0.25176889,1.00000000
419.44150000,0.26571571,0.25181078,1.00000000
419.92360000,0.26569086,0.25185335,1.00000000
420.40580000,0.26508353,0.25189664,1.00000000
420.88790000,0.26449248,0.25194061,1.00000000
421.37000000,0.26419165,0.25198529,1.00000000
421.85210000,0.26346350,0.25203069,1.00000000
422.33420000,0.26294148,0.25207681,1.00000000
422.81630000,0.26185365,0.25212365,1.00000000
423.29850000,0.26126926,0.25217124,1.00000000
423.78060000,0.26022886,0.25221955,1.00000000
424.26270000,0.25912628,0.25226861,1.00000000
424.74480000,0.25810353,0.25231842,1.00000000
425.22690000,0.25694375,0.25236899,1.00000000
425.70900000,0.25559931,0.25242033,1.00000000
426.19120000,0.25440247,0.25247244,1.00000000
426.67330000,0.25329375,0.25252533,1.00000000
427.15540000,0.25216604,0.25257899,1.00000000
427.63750000,0.25131357,0.25263345,1.00000000
428.11960000,0.25024216,0.25268870,1.00000000
428.60170000,0.24959367,0.25274476,1.00000000
429.08390000,0.24891512,0.25280163,1.00000000
429.56600000,0.24831756,0.25285931,1.00000000
430.04810000,0.24795120,0.25291782,1.00000000
430.53020000,0.24727691,0.25297715,1.00000000
431.01230000,0.24643192,0.25303732,1.00000000
431.49440000,0.24550992,0.25309833,1.00000000
431.97660000,0.24435628,0.25316020,1.00000000
432.45870000,0.24309623,0.25322292,1.00000000
432.94080000,0.24170204,0.25328649,1.00000000
433.42290000,0.24010926,0.25335094,1.00000000
433.90500000,0.23861149,0.25341626,1.00000000
434.38710000,0.23702205,0.25348246,1.00000000
434.86930000,0.23598987,0.25354957,1.00000000
435.35140000,0.23493583,0.25361756,1.00000000
435.83350000,0.23408315,0.25368645,1.00000000
436.31560000,0.23356683,0.25375626,1.00000000
436.79770000,0.23394234,0.25382698,1.00000000
437.27980000,0.23395168,0.25389863,1.00000000
437.76200000,0.23438769,0.25397123,1.00000000
438.24410000,0.23483163,0.25404476,1.00000000
438.72620000,0.23537307,0.25411924,1.00000000
439.20830000,0.23586371,0.25419467,1.00000000
439.69040000,0.23643439,0.25427106,1.00000000
440.17250000,0.23689161,0.25434842,1.00000000
440.65470000,0.23740196,0.25442678,1.00000000
441.13680000,0.23800865,0.25450611,1.00000000
441.61890000,0.23849793,0.25458642,1.00000000
442.10100000,0.23891359,0.25466774,1.00000000
442.58310000,0.23984595,0.25475006,1.00000000
443.06520000,0.24064661,0.25483340,1.00000000
443.54740000,0.24124788,0.25491778,1.00000000
444.02950000,0.24248869,0.25500317,1.00000000
444.51160000,0.24332605,0.25508959,1.00000000
444.99370000,0.24371263,0.25517706,1.00000000
445.47580000,0.24425868,0.25526558,1.00000000
445.95790000,0.24497523,0.25535516,1.00000000
446.44010000,0.24524198,0.25544582,1.00000000
446.92220000,0.24565944,0.25553754,1.00000000
447.40430000,0.24604014,0.25563034,1.00000000
447.88640000,0.24612957,0.25572422,1.00000000
448.36850000,0.24649329,0.25581921,1.00000000
448.85060000,0.24657456,0.25591529,1.00000000
449.33280000,0.24701393,0.25601251,1.00000000
449.81490000,0.24718321,0.25611083,1.00000000
450.29700000,0.24733277,0.25621027,1.00000000
450.77910000,0.24769345,0.25631085,1.00000000
451.26120000,0.24787482,0.25641256,1.00000000
451.74330000,0.24824502,0.25651543,1.00000000
452.22550000,0.24866102,0.25661947,1.00000000
452.70760000,0.24939256,0.25672466,1.00000000
453.18970000,0.25013463,0.25683101,1.00000000
453.67180000,0.25067462,0.25693855,1.00000000
454.15390000,0.25141855,0.25704727,1.00000000
454.63600000,0.25210406,0.25715719,1.00000000
455.11820000,0.25306256,0.25726833,1.00000000
455.60030000,0.25387789,0.25738066,1.00000000
456.08240000,0.25448127,0.25749422,1.00000000
456.56450000,0.25545244,0.25760901,1.00000000
457.04660000,0.25623675,0.25772504,1.00000000
457.52870000,0.25717418,0.25784232,1.00000000
458.01090000,0.25815185,0.25796088,1.00000000
458.49300000,0.25900947,0.25808068,1.00000000
458.97510000,0.26001217,0.25820175,1.00000000
459.45720000,0.26105024,0.25832411,1.00000000
459.93930000,0.26228325,0.25844775,1.00000000
460.42140000,0.26344345,0.25857270,1.00000000
460.90360000,0.26461811,0.25869897,1.00000000
461.38570000,0.26561643,0.25882654,1.00000000
461.86780000,0.26658228,0.25895543,1.00000000
462.34990000,0.26770203,0.25908566,1.00000000
462.83200000,0.26838103,0.25921723,1.00000000
463.31410000,0.26933692,0.25935014,1.00000000
463.79630000,0.26995033,0.25948444,1.00000000
464.27840000,0.27062399,0.25962009,1.00000000
464.76050000,0.27111464,0.25975710,1.00000000
465.24260000,0.27157996,0.25989550,1.00000000
465.72470000,0.27216108,0.26003530,1.00000000
466.20680000,0.27246732,0.26017649,1.00000000
466.68900000,0.27292398,0.26031912,1.00000000
467.17110000,0.27324966,0.26046314,1.00000000
467.65320000,0.27361100,0.26060859,1.00000000
468.13530000,0.27394610,0.26075547,1.00000000
468.61740000,0.27432765,0.26090380,1.00000000
469.09950000,0.27486454,0.26105358,1.00000000
469.58170000,0.27552407,0.26120484,1.00000000
470.06380000,0.27631798,0.26135755,1.00000000
470.54590000,0.27745426,0.26151173,1.00000000
471.02800000,0.27902217,0.26166740,1.00000000
471.51010000,0.28106446,0.26182456,1.00000000
471.99220000,0.28343863,0.26198322,1.00000000
472.47440000,0.28608162,0.26214343,1.00000000
472.95650000,0.28894291,0.26230512,1.00000000
473.43860000,0.29174143,0.26246834,1.00000000
473.92070000,0.29441182,0.26263310,1.00000000
474.40280000,0.29677049,0.26279939,1.00000000
474.88490000,0.29877797,0.26296724,1.00000000
475.36710000,0.30042339,0.26313669,1.00000000
475.84920000,0.30175587,0.26330767,1.00000000
476.33130000,0.30307379,0.26348022,1.00000000
476.81340000,0.30400480,0.26365437,1.00000000
477.29550000,0.30483073,0.26383011,1.00000000
477.77760000,0.30561777,0.26400747,1.00000000
478.25980000,0.30633842,0.26418649,1.00000000
478.74190000,0.30728784,0.26436710,1.00000000
479.22400000,0.30797343,0.26454935,1.00000000
479.70610000,0.30928636,0.26473326,1.00000000
480.18820000,0.31019080,0.26491882,1.00000000
480.67030000,0.31121722,0.26510605,1.00000000
481.15250000,0.31232898,0.26529500,1.00000000
481.63460000,0.31376763,0.26548561,1.00000000
482.11670000,0.31485238,0.26567791,1.00000000
482.59880000,0.31607180,0.26587191,1.00000000
483.08090000,0.31703121,0.26606764,1.00000000
483.56300000,0.31838687,0.26626510,1.00000000
484.04520000,0.31965886,0.26646433,1.00000000
484.52730000,0.32043893,0.26666526,1.00000000
485.00940000,0.32158364,0.26686796,1.00000000
485.49150000,0.32290722,0.26707242,1.00000000
485.97360000,0.32388361,0.26727865,1.00000000
486.45570000,0.32508945,0.26748667,1.00000000
486.93790000,0.32615261,0.26769652,1.00000000
487.42000000,0.32730978,0.26790814,1.00000000
487.90210000,0.32851088,0.26812156,1.00000000
488.38420000,0.33003453,0.26833681,1.00000000
488.86630000,0.33130963,0.26855389,1.00000000
489.34840000,0.33254039,0.26877281,1.00000000
489.83060000,0.33401398,0.26899362,1.00000000
490.31270000,0.33519736,0.26921625,1.00000000
490.79480000,0.33657377,0.26944074,1.00000000
491.27690000,0.33796749,0.26966711,1.00000000
491.75900000,0.33884999,0.26989536,1.00000000
492.24110000,0.33985243,0.27012551,1.00000000
492.72330000,0.34075354,0.27035761,1.00000000
493.20540000,0.34158135,0.27059158,1.00000000
493.68750000,0.34227344,0.27082746,1.00000000
494.16960000,0.34298007,0.27106527,1.00000000
494.65170000,0.34368510,0.27130503,1.00000000
495.13390000,0.34468060,0.27154677,1.00000000
495.61600000,0.34575908,0.27179043,1.00000000
496.09810000,0.34658082,0.27203604,1.00000000
496.58020000,0.34784568,0.27228363,1.00000000
497.06230000,0.34905300,0.27253320,1.00000000
497.54440000,0.35004269,0.27278476,1.00000000
498.02660000,0.35109329,0.27303837,1.00000000
498.50870000,0.35223548,0.27329392,1.00000000
498.99080000,0.35310111,0.27355150,1.00000000
499.47290000,0.35420773,0.27381109,1.00000000
499.95500000,0.35488015,0.27407271,1.00000000
500.43710000,0.35579795,0.27433637,1.00000000
500.91930000,0.35627688,0.27460214,1.00000000
501.40140000,0.35713763,0.27486993,1.00000000
501.88350000,0.35727073,0.27513979,1.00000000
502.36560000,0.35798058,0.27541175,1.00000000
502.84770000,0.35819721,0.27568580,1.00000000
503.32980000,0.35882113,0.27596197,1.00000000
503.81200000,0.35903315,0.27624031,1.00000000
504.29410000,0.35963673,0.27652073,1.00000000
504.77620000,0.35975780,0.27680329,1.00000000
505.25830000,0.36027169,0.27708800,1.00000000
505.74040000,0.36054664,0.27737487,1.00000000
506.22250000,0.36133011,0.27766392,1.00000000
506.70470000,0.36177548,0.27795521,1.00000000
507.18680000,0.36249136,0.27824863,1.00000000
507.66890000,0.36299094,0.27854426,1.00000000
508.15100000,0.36375552,0.27884210,1.00000000
508.63310000,0.36452056,0.27914216,1.00000000
509.11520000,0.36531749,0.27944445,1.00000000
509.59740000,0.36556978,0.27974905,1.00000000
510.07950000,0.36616468,0.28005584,1.00000000
510.56160000,0.36639242,0.28036489,1.00000000
511.04370000,0.36665183,0.28067621,1.00000000
511.52580000,0.36681232,0.28098981,1.00000000
512.00790000,0.36713415,0.28130570,1.00000000
512.49010000,0.36711458,0.28162395,1.00000000
512.97220000,0.36711944,0.28194445,1.00000000
513.45430000,0.36715605,0.28226726,1.00000000
513.93640000,0.36708307,0.28259239,1.00000000
514.41850000,0.36718429,0.28291986,1.00000000
514.90060000,0.36733890,0.28324967,1.00000000
515.38280000,0.36728737,0.28358190,1.00000000
515.86490000,0.36755041,0.28391642,1.00000000
516.34700000,0.36773205,0.28425330,1.00000000
516.82910000,0.36783516,0.28459256,1.00000000
517.31120000,0.36823127,0.28493421,1.00000000
517.79330000,0.36861659,0.28527824,1.00000000
518.27550000,0.36860942,0.28562474,1.00000000
518.75760000,0.36886587,0.28597357,1.00000000
519.23970000,0.36875143,0.28632482,1.00000000
519.72180000,0.36898145,0.28667849,1.00000000
520.20390000,0.36875394,0.28703458,1.00000000
520.68600000,0.36860077,0.28739311,1.00000000
521.16820000,0.36854208,0.28775415,1.00000000
521.65030000,0.36840204,0.28811756,1.00000000
522.13240000,0.36845054,0.28848342,1.00000000
522.61450000,0.36838517,0.28885175,1.00000000
523.09660000,0.36845159,0.28922254,1.00000000
523.57870000,0.36870339,0.28959579,1.00000000
524.06090000,0.36864724,0.28997161,1.00000000
524.54300000,0.36875697,0.29034982,1.00000000
525.02510000,0.36879677,0.29073053,1.00000000
525.50720000,0.36846292,0.29111372,1.00000000
525.98930000,0.36850181,0.29149941,1.00000000
526.47140000,0.36819608,0.29188760,1.00000000
526.95360000,0.36800099,0.29227839,1.00000000
527.43570000,0.36758697,0.29267162,1.00000000
527.91780000,0.36727617,0.29306739,1.00000000
528.39990000,0.36696703,0.29346571,1.00000000
528.88200000,0.36650208,0.29386658,1.00000000
529.36410000,0.36617332,0.29427002,1.00000000
529.84630000,0.36571667,0.29467612,1.00000000
530.32840000,0.36509069,0.29508472,1.00000000
530.81050000,0.36455012,0.29549592,1.00000000
531.29260000,0.36417333,0.29590973,1.00000000
531.77470000,0.36361806,0.29632615,1.00000000
532.25680000,0.36313610,0.29674519,1.00000000
532.73900000,0.36281548,0.29716696,1.00000000
533.22110000,0.36215690,0.29759127,1.00000000
533.70320000,0.36159143,0.29801824,1.00000000
534.18530000,0.36106865,0.29844787,1.00000000
534.66740000,0.36044709,0.29888016,1.00000000
535.14950000,0.35965646,0.29931512,1.00000000
535.63170000,0.35908932,0.29975286,1.00000000
536.11380000,0.35870428,0.30019319,1.00000000
536.59590000,0.35841428,0.30063622,1.00000000
537.07800000,0.35814649,0.30108195,1.00000000
537.56010000,0.35753197,0.30153038,1.00000000
538.04220000,0.35702208,0.30198153,1.00000000
538.52440000,0.35656213,0.30243550,1.00000000
539.00650000,0.35613357,0.30289210,1.00000000
539.48860000,0.35576367,0.30335143,1.00000000
539.97070000,0.35513806,0.30381349,1.00000000
540.45280000,0.35433545,0.30427829,1.00000000
540.93490000,0.35350525,0.30474584,1.00000000
541.41710000,0.35283468,0.30521624,1.00000000
541.89920000,0.35188077,0.30568930,1.00000000
542.38130000,0.35092858,0.30616511,1.00000000
542.86340000,0.34983306,0.30664368,1.00000000
543.34550000,0.34890392,0.30712501,1.00000000
543.82760000,0.34801039,0.30760911,1.00000000
544.30980000,0.34694472,0.30809608,1.00000000
544.79190000,0.34616065,0.30858571,1.00000000
545.27400000,0.34535386,0.30907812,1.00000000
545.75610000,0.34449986,0.30957330,1.00000000
546.23820000,0.34376554,0.31007126,1.00000000
546.72030000,0.34314961,0.31057198,1.00000000
547.20250000,0.34269955,0.31107559,1.00000000
547.68460000,0.34227757,0.31158187,1.00000000
548.16670000,0.34172208,0.31209092,1.00000000
548.64880000,0.34147399,0.31260274,1.00000000
549.13090000,0.34095834,0.31311733,1.00000000
549.61300000,0.34018005,0.31363469,1.00000000
550.09520000,0.33973096,0.31415492,1.00000000
550.57730000,0.33885924,0.31467781,1.00000000
551.05940000,0.33807544,0.31520346,1.00000000
551.54150000,0.33712424,0.31573187,1.00000000
552.02360000,0.33619431,0.31626303,1.00000000
552.50570000,0.33530968,0.31679694,1.00000000
552.98790000,0.33411034,0.31733371,1.00000000
553.47000000,0.33332456,0.31787310,1.00000000
553.95210000,0.33236254,0.31841523,1.00000000
554.43420000,0.33136388,0.31896008,1.00000000
554.91630000,0.33030206,0.31950766,1.00000000
555.39840000,0.32941403,0.32005794,1.00000000
555.88060000,0.32858155,0.32061485,1.00000000
556.36270000,0.32762838,0.32118980,1.00000000
556.84480000,0.32663744,0.32178312,1.00000000
557.32690000,0.32588995,0.32239407,1.00000000
557.80900000,0.32493735,0.32302193,1.00000000
558.29110000,0.32443842,0.32366599,1.00000000
558.77330000,0.32374363,0.32432564,1.00000000
559.25540000,0.32310839,0.32499989,1.00000000
559.73750000,0.32262256,0.32568814,1.00000000
560.21960000,0.32197968,0.32638964,1.00000000
560.70170000,0.32141248,0.32710364,1.00000000
561.18380000,0.32112388,0.32782941,1.00000000
561.66600000,0.32065745,0.32856633,1.00000000
562.14810000,0.32014357,0.32931335,1.00000000
562.63020000,0.31986359,0.33006986,1.00000000
563.11230000,0.31913283,0.33083509,1.00000000
563.59440000,0.31862866,0.33160826,1.00000000
564.07650000,0.31823313,0.33238861,1.00000000
564.55870000,0.31745919,0.33317552,1.00000000
565.04080000,0.31688440,0.33396788,1.00000000
565.52290000,0.31636833,0.33476508,1.00000000
566.00500000,0.31586530,0.33556632,1.00000000
566.48710000,0.31522454,0.33637083,1.00000000
566.96920000,0.31482188,0.33717781,1.00000000
567.45140000,0.31455201,0.33798663,1.00000000
567.93350000,0.31375329,0.33879618,1.00000000
568.41560000,0.31362254,0.33960583,1.00000000
568.89770000,0.31311825,0.34041478,1.00000000
569.37980000,0.31254605,0.34122225,1.00000000
569.86190000,0.31232402,0.34202745,1.00000000
570.34410000,0.31173153,0.34282975,1.00000000
570.82620000,0.31155104,0.34362803,1.00000000
571.30830000,0.31106522,0.34442169,1.00000000
571.79040000,0.31107078,0.34520993,1.00000000
572.27250000,0.31055974,0.34599199,1.00000000
572.75460000,0.31042386,0.34676709,1.00000000
573.23680000,0.31027942,0.34753462,1.00000000
573.71890000,0.30992862,0.34829349,1.00000000
574.20100000,0.30980901,0.34904312,1.00000000
574.68310000,0.30951441,0.34978275,1.00000000
575.16520000,0.30938008,0.35051163,1.00000000
575.64730000,0.30895894,0.35122904,1.00000000
576.12950000,0.30867944,0.35193437,1.00000000
576.61160000,0.30846127,0.35262662,1.00000000
577.09370000,0.30832983,0.35330521,1.00000000
577.57580000,0.30792453,0.35396944,1.00000000
578.05790000,0.30779158,0.35461861,1.00000000
578.54000000,0.30770273,0.35525204,1.00000000
579.02220000,0.30770536,0.35586915,1.00000000
579.50430000,0.30775748,0.35646904,1.00000000
579.98640000,0.30770272,0.35705116,1.00000000
580.46850000,0.30767290,0.35761485,1.00000000
580.95060000,0.30754490,0.35815949,1.00000000
581.43270000,0.30787738,0.35868443,1.00000000
581.91490000,0.30796557,0.35918916,1.00000000
582.39700000,0.30801445,0.35967285,1.00000000
582.87910000,0.30818179,0.36013501,1.00000000
583.36120000,0.30839674,0.36057504,1.00000000
583.84330000,0.30871528,0.36099237,1.00000000
584.32540000,0.30900834,0.36138641,1.00000000
584.80760000,0.30935137,0.36175669,1.00000000
585.28970000,0.30964104,0.36210250,1.00000000
585.77180000,0.31027069,0.36242337,1.00000000
586.25390000,0.31058415,0.36271877,1.00000000
586.73600000,0.31102809,0.36298818,1.00000000
587.21810000,0.31170154,0.36323109,1.00000000
587.70030000,0.31214081,0.36344704,1.00000000
588.18240000,0.31274166,0.36363545,1.00000000
588.66450000,0.31329383,0.36380574,1.00000000
589.14660000,0.31374288,0.36397263,1.00000000
589.62870000,0.31420674,0.36413629,1.00000000
590.11080000,0.31481849,0.36429671,1.00000000
590.59300000,0.31546861,0.36445396,1.00000000
591.07510000,0.31595553,0.36460797,1.00000000
591.55720000,0.31642816,0.36475879,1.00000000
592.03930000,0.31707705,0.36490644,1.00000000
592.52140000,0.31786313,0.36505093,1.00000000
593.00350000,0.31823366,0.36519227,1.00000000
593.48570000,0.31937345,0.36533051,1.00000000
593.96780000,0.32017821,0.36546559,1.00000000
594.44990000,0.32101786,0.36559757,1.00000000
594.93200000,0.32172027,0.36572646,1.00000000
595.41410000,0.32285432,0.36585227,1.00000000
595.89620000,0.32359686,0.36597501,1.00000000
596.37840000,0.32426301,0.36609473,1.00000000
596.86050000,0.32530747,0.36621139,1.00000000
597.34260000,0.32599051,0.36632502,1.00000000
597.82470000,0.32676624,0.36643565,1.00000000
598.30680000,0.32750651,0.36654328,1.00000000
598.78890000,0.32824775,0.36664793,1.00000000
599.27110000,0.32933499,0.36674964,1.00000000
599.75320000,0.33012555,0.36684837,1.00000000
600.23530000,0.33130823,0.36694417,1.00000000
600.71740000,0.33214015,0.36703704,1.00000000
601.19950000,0.33340943,0.36712701,1.00000000
601.68160000,0.33473424,0.36721409,1.00000000
602.16380000,0.33582447,0.36729830,1.00000000
602.64590000,0.33725229,0.36737963,1.00000000
603.12800000,0.33844098,0.36745811,1.00000000
603.61010000,0.33958744,0.36753376,1.00000000
604.09220000,0.34101617,0.36760659,1.00000000
604.57430000,0.34191350,0.36767661,1.00000000
605.05650000,0.34307870,0.36774386,1.00000000
605.53860000,0.34415976,0.36780831,1.00000000
606.02070000,0.34509293,0.36787001,1.00000000
606.50280000,0.34612307,0.36792895,1.00000000
606.98490000,0.34714359,0.36798517,1.00000000
607.46700000,0.34840119,0.36803867,1.00000000
607.94920000,0.34888461,0.36808948,1.00000000
608.43130000,0.34995872,0.36813759,1.00000000
608.91340000,0.35103901,0.36818303,1.00000000
609.39550000,0.35193304,0.36822581,1.00000000
609.87760000,0.35295135,0.36826596,1.00000000
610.35970000,0.35387487,0.36830347,1.00000000
610.84190000,0.35468230,0.36833838,1.00000000
611.32400000,0.35594140,0.36837068,1.00000000
611.80610000,0.35680483,0.36840040,1.00000000
612.28820000,0.35778162,0.36842755,1.00000000
612.77030000,0.35882252,0.36845215,1.00000000
613.25240000,0.35982751,0.36847422,1.00000000
613.73460000,0.36084854,0.36849376,1.00000000
614.21670000,0.36202288,0.36851079,1.00000000
614.69880000,0.36321764,0.36852533,1.00000000
615.18090000,0.36430577,0.36853738,1.00000000
615.66300000,0.36535594,0.36854698,1.00000000
616.14510000,0.36658931,0.36855413,1.00000000
616.62730000,0.36806480,0.36855884,1.00000000
617.10940000,0.36881701,0.36856113,1.00000000
617.59150000,0.36970908,0.36856102,1.00000000
618.07360000,0.37060877,0.36855851,1.00000000
618.55570000,0.37150854,0.36855364,1.00000000
619.03780000,0.37211508,0.36854640,1.00000000
619.52000000,0.37297134,0.36853681,1.00000000
620.00210000,0.37348409,0.36852490,1.00000000
620.48420000,0.37420155,0.36851067,1.00000000
620.96630000,0.37494168,0.36849414,1.00000000
621.44840000,0.37568388,0.36847532,1.00000000
621.93050000,0.37626031,0.36845423,1.00000000
622.41270000,0.37694906,0.36843087,1.00000000
622.89480000,0.37762517,0.36840528,1.00000000
623.37690000,0.37827333,0.36837746,1.00000000
623.85900000,0.37869647,0.36834742,1.00000000
624.34110000,0.37923061,0.36831518,1.00000000
624.82320000,0.38007159,0.36828076,1.00000000
625.30540000,0.38079619,0.36824416,1.00000000
625.78750000,0.38138975,0.36820541,1.00000000
626.26960000,0.38205533,0.36816451,1.00000000
626.75170000,0.38260239,0.36812149,1.00000000
627.23380000,0.38326720,0.36807636,1.00000000
627.71590000,0.38398235,0.36802912,1.00000000
628.19810000,0.38459105,0.36797979,1.00000000
628.68020000,0.38514031,0.36792840,1.00000000
629.16230000,0.38572255,0.36787495,1.00000000
629.64440000,0.38647242,0.36781945,1.00000000
630.12650000,0.38668471,0.36776193,1.00000000
630.60860000,0.38714065,0.36770239,1.00000000
631.09080000,0.38758832,0.36764084,1.00000000
631.57290000,0.38822876,0.36757731,1.00000000
632.05500000,0.38808622,0.36751181,1.00000000
632.53710000,0.38863859,0.36744435,1.00000000
633.01920000,0.38892264,0.36737495,1.00000000
633.50130000,0.38910508,0.36730361,1.00000000
633.98350000,0.38931249,0.36723033,1.00000000
634.46560000,0.38935244,0.36715517,1.00000000
634.94770000,0.38949508,0.36707812,1.00000000
635.42980000,0.38963828,0.36699919,1.00000000
635.91190000,0.38959935,0.36691839,1.00000000
636.39400000,0.38978702,0.36683575,1.00000000
636.87620000,0.38995957,0.36675124,1.00000000
637.35830000,0.39007877,0.36666494,1.00000000
637.84040000,0.39026459,0.36657682,1.00000000
638.32250000,0.39025053,0.36648690,1.00000000
638.80460000,0.39052961,0.36639520,1.00000000
639.28670000,0.39045561,0.36630173,1.00000000
639.76890000,0.39079318,0.36620649,1.00000000
640.25100000,0.39055992,0.36610951,1.00000000
640.73310000,0.39066977,0.36601081,1.00000000
641.21520000,0.39055363,0.36591039,1.00000000
641.69730000,0.39077700,0.36580826,1.00000000
642.17940000,0.39042506,0.36570444,1.00000000
642.66160000,0.39032816,0.36559892,1.00000000
643.14370000,0.39025733,0.36549175,1.00000000
643.62580000,0.39000514,0.36538293,1.00000000
644.10790000,0.38984985,0.36527247,1.00000000
644.59000000,0.38954748,0.36516037,1.00000000
645.07210000,0.38905954,0.36504667,1.00000000
645.55430000,0.38903483,0.36493133,1.00000000
646.03640000,0.38878064,0.36481443,1.00000000
646.51850000,0.38833783,0.36469595,1.00000000
647.00060000,0.38798427,0.36457590,1.00000000
647.48270000,0.38781838,0.36445430,1.00000000
647.96480000,0.38744308,0.36433116,1.00000000
648.44700000,0.38718765,0.36420646,1.00000000
648.92910000,0.38726134,0.36408027,1.00000000
649.41120000,0.38676101,0.36395258,1.00000000
649.89330000,0.38651388,0.36382339,1.00000000
650.37540000,0.38620449,0.36369273,1.00000000
650.85750000,0.38623360,0.36356059,1.00000000
651.33970000,0.38545962,0.36342697,1.00000000
651.82180000,0.38518780,0.36329193,1.00000000
652.30390000,0.38469304,0.36315546,1.00000000
652.78600000,0.38422552,0.36301757,1.00000000
653.26810000,0.38357559,0.36287827,1.00000000
653.75020000,0.38296708,0.36273757,1.00000000
654.23240000,0.38231437,0.36259546,1.00000000
654.71450000,0.38185872,0.36245200,1.00000000
655.19660000,0.38129392,0.36230718,1.00000000
655.67870000,0.38078535,0.36216100,1.00000000
656.16080000,0.38045383,0.36201349,1.00000000
656.64290000,0.37985205,0.36186465,1.00000000
657.12500000,0.37965439,0.36171449,1.00000000
657.60720000,0.37911942,0.36156299,1.00000000
658.08920000,0.37882977,0.36141026,1.00000000
658.57140000,0.37838226,0.36125619,1.00000000
659.05350000,0.37801707,0.36110087,1.00000000
659.53560000,0.37749332,0.36094429,1.00000000
660.01770000,0.37727456,0.36078646,1.00000000
660.49990000,0.37678685,0.36062736,1.00000000
660.98190000,0.37650729,0.36046710,1.00000000
661.46410000,0.37630027,0.36030555,1.00000000
661.94620000,0.37617915,0.36014282,1.00000000
662.42830000,0.37570408,0.35997891,1.00000000
662.91040000,0.37555529,0.35981380,1.00000000
663.39260000,0.37553597,0.35964749,1.00000000
663.87460000,0.37534271,0.35948008,1.00000000
664.35680000,0.37533079,0.35931145,1.00000000
664.83890000,0.37543284,0.35914171,1.00000000
665.32100000,0.37591085,0.35897083,1.00000000
665.80310000,0.37618211,0.35879884,1.00000000
666.28530000,0.37671000,0.35862569,1.00000000
666.76730000,0.37764955,0.35845152,1.00000000
667.24950000,0.37852130,0.35827618,1.00000000
667.73160000,0.37954819,0.35809979,1.00000000
668.21370000,0.38087296,0.35792234,1.00000000
668.69580000,0.38173876,0.35774382,1.00000000
669.17800000,0.38231004,0.35756422,1.00000000
669.66000000,0.38269790,0.35738364,1.00000000
670.14220000,0.38279082,0.35720197,1.00000000
670.62430000,0.38302005,0.35701930,1.00000000
671.10640000,0.38319352,0.35683563,1.00000000
671.58850000,0.38345898,0.35665095,1.00000000
672.07070000,0.38362847,0.35646525,1.00000000
672.55270000,0.38392194,0.35627863,1.00000000
673.03490000,0.38433754,0.35609097,1.00000000
673.51700000,0.38496378,0.35590238,1.00000000
673.99910000,0.38554727,0.35571284,1.00000000
674.48120000,0.38603556,0.35552235,1.00000000
674.96340000,0.38707052,0.35533089,1.00000000
675.44540000,0.38770862,0.35513858,1.00000000
675.92760000,0.38863658,0.35494528,1.00000000
676.40970000,0.38943855,0.35475111,1.00000000
676.89180000,0.39035611,0.35455604,1.00000000
677.37390000,0.39128453,0.35436008,1.00000000
677.85610000,0.39256716,0.35416320,1.00000000
678.33810000,0.39351578,0.35396554,1.00000000
678.82030000,0.39453942,0.35376693,1.00000000
679.30240000,0.39561065,0.35356750,1.00000000
679.78450000,0.39679965,0.35336724,1.00000000
680.26660000,0.39818840,0.35316614,1.00000000
680.74880000,0.39939520,0.35296417,1.00000000
681.23080000,0.40089491,0.35276146,1.00000000
681.71300000,0.40227587,0.35255787,1.00000000
682.19510000,0.40378869,0.35235352,1.00000000
682.67720000,0.40517212,0.35214837,1.00000000
683.15930000,0.40657667,0.35194244,1.00000000
683.64150000,0.40788395,0.35173570,1.00000000
684.12350000,0.40926420,0.35152827,1.00000000
684.60570000,0.41060886,0.35132001,1.00000000
685.08780000,0.41178845,0.35111103,1.00000000
685.56990000,0.41340383,0.35090132,1.00000000
686.05200000,0.41439229,0.35069087,1.00000000
686.53420000,0.41551148,0.35047966,1.00000000
687.01620000,0.41674814,0.35026782,1.00000000
687.49840000,0.41822288,0.35005518,1.00000000
687.98050000,0.41902452,0.34984189,1.00000000
688.46260000,0.42043029,0.34962790,1.00000000
688.94470000,0.42146439,0.34941323,1.00000000
689.42690000,0.42235676,0.34919785,1.00000000
689.90890000,0.42319495,0.34898188,1.00000000
690.39110000,0.42439093,0.34876516,1.00000000
690.87320000,0.42514492,0.34854784,1.00000000
691.35530000,0.42594693,0.34832987,1.00000000
691.83740000,0.42690925,0.34811127,1.00000000
692.31960000,0.42759051,0.34789199,1.00000000
692.80160000,0.42810312,0.34767219,1.00000000
693.28380000,0.42880167,0.34745168,1.00000000
693.76590000,0.42931874,0.34723060,1.00000000
694.24800000,0.43025032,0.34700893,1.00000000
694.73010000,0.43063878,0.34678667,1.00000000
695.21230000,0.43137442,0.34656378,1.00000000
695.69430000,0.43165971,0.34634041,1.00000000
696.17650000,0.43206773,0.34611638,1.00000000
696.65860000,0.43255444,0.34589183,1.00000000
697.14070000,0.43286575,0.34566672,1.00000000
697.62280000,0.43302090,0.34544107,1.00000000
698.10500000,0.43329265,0.34521484,1.00000000
698.58700000,0.43375570,0.34498816,1.00000000
699.06920000,0.43378980,0.34476087,1.00000000
699.55130000,0.43373760,0.34453310,1.00000000
700.03340000,0.43381854,0.34430483,0.00000000
700.51550000,0.43372150,0.34407605,0.00000000
700.99770000,0.43409522,0.34384672,0.00000000
701.47970000,0.43376030,0.34361700,0.00000000
701.96190000,0.43400325,0.34338670,0.00000000
702.44400000,0.43377130,0.34315597,0.00000000
702.92610000,0.43376175,0.34292478,0.00000000
703.40820000,0.43385798,0.34269311,0.00000000
703.89040000,0.43365801,0.34246095,0.00000000
704.37240000,0.43351980,0.34222843,0.00000000
704.85460000,0.43352663,0.34199537,0.00000000
705.33670000,0.43364652,0.34176192,0.00000000
705.81880000,0.43324482,0.34152805,0.00000000
706.30090000,0.43339186,0.34129374,0.00000000
706.78310000,0.43311724,0.34105898,0.00000000
707.26510000,0.43310991,0.34082390,0.00000000
707.74730000,0.43288669,0.34058832,0.00000000
708.22940000,0.43264423,0.34035238,0.00000000
708.71150000,0.43272382,0.34011606,0.00000000
709.19360000,0.43239192,0.33987935,0.00000000
709.67580000,0.43238119,0.33964222,0.00000000
710.15780000,0.43225718,0.33940481,0.00000000
710.64000000,0.43249565,0.33916693,0.00000000
711.12210000,0.43249527,0.33892874,0.00000000
711.60420000,0.43273195,0.33869020,0.00000000
712.08630000,0.43314886,0.33845131,0.00000000
712.56850000,0.43305682,0.33821203,0.00000000
713.05050000,0.43356981,0.33797251,0.00000000
713.53270000,0.43350430,0.33773256,0.00000000
714.01480000,0.43416996,0.33749233,0.00000000
714.49690000,0.43451281,0.33725179,0.00000000
714.97900000,0.43491052,0.33701093,0.00000000
715.46120000,0.43566075,0.33676971,0.00000000
715.94320000,0.43639976,0.33652830,0.00000000
716.42540000,0.43703272,0.33628649,0.00000000
716.90750000,0.43795928,0.33604444,0.00000000
717.38960000,0.43890130,0.33580210,0.00000000
717.87170000,0.43997985,0.33555949,0.00000000
718.35390000,0.44117732,0.33531655,0.00000000
718.83590000,0.44242993,0.33507344,0.00000000
719.31810000,0.44366598,0.33482997,0.00000000
719.80020000,0.44525280,0.33458630,0.00000000
720.28230000,0.44662136,0.33434237,0.00000000
720.76440000,0.44812412,0.33409820,0.00000000
721.24660000,0.44939915,0.33385374,0.00000000
721.72860000,0.45084189,0.33360915,0.00000000
722.21080000,0.45238249,0.33336422,0.00000000
722.69290000,0.45386996,0.33311912,0.00000000
723.17500000,0.45548762,0.33287380,0.00000000
723.65710000,0.45701024,0.33262826,0.00000000
724.13930000,0.45852344,0.33238247,0.00000000
724.62130000,0.46022942,0.33213658,0.00000000
725.10350000,0.46184878,0.33189038,0.00000000
725.58560000,0.46331530,0.33164404,0.00000000
726.06770000,0.46523598,0.33139752,0.00000000
726.54980000,0.46656245,0.33115081,0.00000000
727.03200000,0.46809633,0.33090387,0.00000000
727.51400000,0.46984914,0.33065686,0.00000000
727.99620000,0.47121683,0.33040958,0.00000000
728.47830000,0.47261128,0.33016219,0.00000000
728.96040000,0.47413184,0.32991463,0.00000000
729.44250000,0.47562762,0.32966693,0.00000000
729.92470000,0.47684224,0.32941902,0.00000000
730.40670000,0.47806399,0.32917108,0.00000000
730.88890000,0.47912189,0.32892289,0.00000000
731.37100000,0.48000820,0.32867462,0.00000000
731.85310000,0.48119631,0.32842621,0.00000000
732.33520000,0.48196285,0.32817769,0.00000000
732.81740000,0.48277562,0.32792899,0.00000000
733.29940000,0.48319398,0.32768027,0.00000000
733.78160000,0.48375329,0.32743135,0.00000000
734.26370000,0.48445524,0.32718236,0.00000000
734.74580000,0.48507911,0.32693328,0.00000000
735.22790000,0.48523818,0.32668409,0.00000000
735.71010000,0.48564014,0.32643477,0.00000000
736.19210000,0.48612138,0.32618545,0.00000000
736.67430000,0.48630953,0.32593595,0.00000000
737.15640000,0.48673175,0.32568642,0.00000000
737.63850000,0.48695116,0.32543681,0.00000000
738.12060000,0.48729883,0.32518714,0.00000000
738.60280000,0.48782327,0.32493734,0.00000000
739.08480000,0.48805987,0.32468758,0.00000000
739.56700000,0.48861574,0.32443767,0.00000000
740.04910000,0.48917810,0.32418774,0.00000000
740.53120000,0.48989062,0.32393777,0.00000000
741.01330000,0.49047526,0.32368776,0.00000000
741.49550000,0.49155533,0.32343764,0.00000000
741.97750000,0.49232726,0.32318760,0.00000000
742.45970000,0.49375414,0.32293742,0.00000000
742.94180000,0.49485932,0.32268725,0.00000000
743.42400000,0.49644929,0.32243702,0.00000000
743.90600000,0.49813559,0.32218686,0.00000000
744.38820000,0.49976438,0.32193658,0.00000000
744.87020000,0.50170403,0.32168639,0.00000000
745.35240000,0.50338801,0.32143609,0.00000000
745.83450000,0.50529052,0.32118584,0.00000000
746.31670000,0.50722187,0.32093553,0.00000000
746.79870000,0.50923274,0.32068532,0.00000000
747.28090000,0.51118811,0.32043502,0.00000000
747.76290000,0.51286964,0.32018483,0.00000000
748.24510000,0.51471432,0.31993455,0.00000000
748.72720000,0.51647255,0.31968434,0.00000000
749.20940000,0.51823623,0.31943410,0.00000000
749.69140000,0.52001173,0.31918399,0.00000000
750.17360000,0.52152993,0.31893380,0.00000000
750.65560000,0.52303205,0.31868375,0.00000000
751.13780000,0.52468473,0.31843362,0.00000000
751.61990000,0.52612737,0.31818359,0.00000000
752.10210000,0.52758190,0.31793355,0.00000000
752.58410000,0.52872186,0.31768366,0.00000000
753.06630000,0.53014103,0.31743372,0.00000000
753.54830000,0.53104310,0.31718393,0.00000000
754.03050000,0.53226804,0.31693410,0.00000000
754.51260000,0.53322173,0.31668438,0.00000000
754.99480000,0.53428553,0.31643467,0.00000000
755.47680000,0.53542633,0.31618513,0.00000000
755.95900000,0.53645823,0.31593556,0.00000000
756.44100000,0.53748796,0.31568616,0.00000000
756.92320000,0.53907396,0.31543674,0.00000000
757.40530000,0.54029836,0.31518746,0.00000000
757.88750000,0.54166815,0.31493820,0.00000000
758.36950000,0.54353687,0.31468914,0.00000000
758.85170000,0.54526935,0.31444006,0.00000000
759.33370000,0.54740826,0.31419118,0.00000000
759.81590000,0.54945677,0.31394229,0.00000000
760.29800000,0.55159270,0.31369356,0.00000000
760.78020000,0.55388405,0.31344488,0.00000000
761.26220000,0.55614468,0.31319640,0.00000000
761.74440000,0.55858394,0.31294794,0.00000000
762.22640000,0.56090205,0.31269969,0.00000000
762.70860000,0.56336412,0.31245145,0.00000000
763.19070000,0.56558001,0.31220339,0.00000000
763.67290000,0.56757866,0.31195539,0.00000000
764.15490000,0.56961297,0.31170762,0.00000000
764.63710000,0.57149579,0.31145988,0.00000000
765.11910000,0.57357141,0.31121238,0.00000000
765.60130000,0.57518304,0.31096490,0.00000000
766.08340000,0.57670029,0.31071762,0.00000000
766.56560000,0.57833034,0.31047042,0.00000000
767.04760000,0.58013791,0.31022347,0.00000000
767.52980000,0.58179379,0.30997656,0.00000000
768.01180000,0.58369750,0.30972990,0.00000000
768.49400000,0.58571984,0.30948330,0.00000000
768.97610000,0.58809888,0.30923690,0.00000000
769.45830000,0.59037684,0.30899060,0.00000000
769.94030000,0.59298743,0.30874457,0.00000000
770.42250000,0.59545497,0.30849860,0.00000000
770.90450000,0.59824181,0.30825290,0.00000000
771.38670000,0.60109871,0.30800726,0.00000000
771.86880000,0.60361166,0.30776185,0.00000000
772.35100000,0.60651154,0.30751656,0.00000000
772.83300000,0.60931743,0.30727155,0.00000000
773.31520000,0.61244507,0.30702662,0.00000000
773.79720000,0.61506731,0.30678197,0.00000000
774.27940000,0.61814548,0.30653741,0.00000000
774.76150000,0.62118787,0.30629308,0.00000000
775.24370000,0.62423563,0.30604889,0.00000000
775.72570000,0.62752243,0.30580500,0.00000000
776.20790000,0.63037804,0.30556120,0.00000000
776.68990000,0.63378239,0.30531771,0.00000000
777.17210000,0.63670945,0.30507431,0.00000000
777.65420000,0.64043172,0.30483116,0.00000000
778.13640000,0.64349739,0.30458817,0.00000000
778.61840000,0.64721381,0.30434549,0.00000000
779.10060000,0.65063233,0.30410292,0.00000000
779.58260000,0.65421976,0.30386066,0.00000000
780.06480000,0.65793658,0.30361852,0.00000000
780.54690000,0.66166667,0.30337665,0.00000000
781.02910000,0.66568554,0.30313495,0.00000000
781.51110000,0.66950605,0.30289357,0.00000000
781.99330000,0.67373538,0.30265231,0.00000000
782.47530000,0.67791308,0.30241138,0.00000000
782.95750000,0.68222828,0.30217059,0.00000000
783.43960000,0.68668282,0.30193007,0.00000000
783.92180000,0.69122018,0.30168974,0.00000000
784.40380000,0.69598572,0.30144975,0.00000000
784.88600000,0.70086106,0.30120989,0.00000000
785.36800000,0.70566757,0.30097038,0.00000000
785.85020000,0.71085392,0.30073101,0.00000000
786.33230000,0.71619548,0.30049194,0.00000000
786.81450000,0.72143387,0.30025307,0.00000000
787.29650000,0.72722328,0.30001454,0.00000000
787.77870000,0.73328115,0.29977617,0.00000000
788.26070000,0.73939307,0.29953816,0.00000000
788.74290000,0.74609328,0.29930030,0.00000000
789.22500000,0.75262364,0.29906275,0.00000000
789.70720000,0.75947764,0.29882541,0.00000000
790.18920000,0.76698541,0.29858844,0.00000000
790.67140000,0.77464639,0.29835163,0.00000000
791.15340000,0.78249070,0.29811519,0.00000000
791.63560000,0.79101978,0.29787892,0.00000000
792.11770000,0.79996379,0.29764297,0.00000000
792.59990000,0.80958381,0.29740724,0.00000000
793.08190000,0.81982920,0.29717189,0.00000000
793.56410000,0.83071412,0.29693672,0.00000000
794.04610000,0.84237341,0.29670193,0.00000000
794.52830000,0.85473858,0.29646732,0.00000000
795.01040000,0.86766324,0.29623305,0.00000000
795.49260000,0.88114811,0.29599901,0.00000000
795.97460000,0.89489238,0.29576535,0.00000000
796.45680000,0.90885301,0.29553189,0.00000000
796.93880000,0.92243656,0.29529882,0.00000000
797.42100000,0.93573025,0.29506595,0.00000000
797.90310000,0.94797815,0.29483342,0.00000000
798.38530000,0.95965454,0.29460113,0.00000000
798.86730000,0.97007340,0.29436925,0.00000000
799.34950000,0.97890814,0.29413757,0.00000000
799.83150000,0.98648192,0.29390629,0.00000000
800.31370000,0.99291099,0.29367521,0.00000000
800.79580000,0.99810059,0.29344449,0.00000000
801.27800000,1.00221070,0.29321404,0.05000000
801.76000000,1.00551440,0.29298399,0.05000000
802.24220000,1.00811966,0.29275415,0.05000000
802.72420000,1.01029481,0.29252473,0.05000000
803.20640000,1.01193557,0.29229552,0.05000000
803.68850000,1.01331162,0.29206668,0.05000000
804.17070000,1.01441105,0.29183811,0.05000000
804.65270000,1.01530799,0.29160996,0.05000000
805.13490000,1.01615552,0.29138204,0.05000000
805.61690000,1.01661676,0.29115453,0.05000000
806.09910000,1.01766884,0.29092726,0.05000000
806.58120000,1.01813175,0.29070036,0.05000000
807.06340000,1.01834551,0.29047374,0.05000000
807.54540000,1.01880494,0.29024755,0.05000000
808.02760000,1.01938297,0.29002159,0.05000000
808.50960000,1.01969388,0.28979607,0.05000000
808.99180000,1.02012964,0.28957078,0.05000000
809.47390000,1.02082729,0.28934588,0.05000000
809.95610000,1.02112904,0.28912128,0.05000000
810.43810000,1.02142708,0.28889710,0.05000000
810.92030000,1.02189292,0.28867318,0.05000000
811.40230000,1.02235774,0.28844969,0.05000000
811.88450000,1.02261849,0.28822646,0.05000000
812.36660000,1.02296098,0.28800362,0.05000000
812.84880000,1.02312660,0.28778108,0.05000000
813.33080000,1.02336637,0.28755898,0.05000000
813.81300000,1.02345406,0.28733714,0.05000000
814.29500000,1.02362105,0.28711575,0.05000000
814.77720000,1.02379507,0.28689462,0.05000000
815.25930000,1.02382632,0.28667389,0.05000000
815.74150000,1.02416063,0.28645347,0.05000000
816.22350000,1.02426014,0.28623350,0.05000000
816.70570000,1.02426785,0.28601381,0.05000000
817.18770000,1.02448320,0.28579456,0.05000000
817.66990000,1.02431023,0.28557559,0.05000000
818.15200000,1.02467763,0.28535702,0.05000000
818.63420000,1.02463180,0.28513878,0.05000000
819.11620000,1.02482835,0.28492099,0.05000000
819.59840000,1.02492800,0.28470348,0.05000000
820.08040000,1.02489656,0.28448644,0.05000000
820.56260000,1.02505185,0.28426967,0.05000000
821.04470000,1.02508622,0.28405332,0.05000000
821.52690000,1.02519843,0.28383730,0.05000000
822.00890000,1.02538476,0.28362174,0.05000000
822.49110000,1.02573094,0.28340648,0.05000000
822.97310000,1.02566056,0.28319167,0.05000000
823.45530000,1.02582427,0.28297716,0.05000000
823.93740000,1.02611639,0.28276308,0.05000000
824.41960000,1.02625144,0.28254933,0.05000000
824.90160000,1.02639007,0.28233605,0.05000000
825.38380000,1.02653560,0.28212307,0.05000000
825.86580000,1.02651976,0.28191056,0.05000000
826.34800000,1.02672697,0.28169835,0.05000000
826.83010000,1.02682131,0.28148657,0.05000000
827.31230000,1.02698417,0.28127514,0.05000000
827.79430000,1.02690469,0.28106418,0.05000000
828.27650000,1.02714760,0.28085353,0.05000000
828.75850000,1.02711312,0.28064336,0.05000000
829.24070000,1.02707955,0.28043350,0.05000000
829.72280000,1.02739355,0.28022407,0.05000000
830.20500000,1.02719771,0.28001500,0.05000000
830.68700000,1.02721496,0.27980641,0.05000000
831.16920000,1.02714045,0.27959813,0.05000000
831.65120000,1.02722979,0.27939034,0.05000000
832.13340000,1.02719796,0.27918286,0.05000000
832.61550000,1.02726924,0.27897583,0.05000000
833.09770000,1.02696512,0.27876916,0.05000000
833.57970000,1.02692658,0.27856298,0.05000000
834.06190000,1.02690312,0.27835712,0.05000000
834.54390000,1.02666258,0.27815174,0.05000000
835.02610000,1.02667674,0.27794669,0.05000000
835.50820000,1.02640480,0.27774210,0.05000000
835.99040000,1.02605664,0.27753786,0.05000000
836.47240000,1.02592330,0.27733413,0.05000000
836.95460000,1.02576312,0.27713072,0.05000000
837.43660000,1.02551130,0.27692780,0.05000000
837.91880000,1.02544051,0.27672522,0.05000000
838.40090000,1.02535413,0.27652309,0.05000000
838.88310000,1.02519981,0.27632134,0.05000000
839.36510000,1.02493172,0.27612008,0.05000000
839.84730000,1.02499987,0.27591916,0.05000000
840.32930000,1.02502292,0.27571874,0.05000000
840.81150000,1.02516546,0.27551866,0.05000000
841.29360000,1.02505447,0.27531904,0.05000000
841.77580000,1.02529346,0.27511980,0.05000000
842.25780000,1.02543462,0.27492106,0.05000000
842.74000000,1.02550845,0.27472267,0.05000000
843.22200000,1.02564893,0.27452478,0.05000000
843.70420000,1.02551557,0.27432723,0.05000000
844.18630000,1.02586684,0.27413015,0.05000000
844.66850000,1.02582982,0.27393346,0.05000000
845.15050000,1.02596347,0.27373727,0.05000000
845.63270000,1.02602163,0.27354143,0.05000000
846.11470000,1.02614342,0.27334611,0.05000000
846.59690000,1.02593807,0.27315113,0.05000000
847.07900000,1.02579046,0.27295662,0.05000000
847.56120000,1.02582626,0.27276251,0.05000000
848.04320000,1.02576267,0.27256890,0.05000000
848.52540000,1.02588515,0.27237566,0.05000000
849.00740000,1.02594613,0.27218292,0.05000000
849.48960000,1.02559906,0.27199054,0.05000000
849.97170000,1.02591245,0.27179864,0.05000000
850.45390000,1.02568794,0.27160713,0.05000000
850.93590000,1.02593963,0.27141614,0.05000000
851.41810000,1.02573664,0.27122551,0.05000000
851.90010000,1.02571781,0.27103540,0.05000000
852.38230000,1.02568921,0.27084565,0.05000000
852.86440000,1.02582997,0.27065638,0.05000000
853.34660000,1.02564961,0.27046751,0.05000000
853.82860000,1.02542793,0.27027917,0.05000000
854.31080000,1.02563801,0.27009118,0.05000000
854.79280000,1.02555824,0.26990372,0.05000000
855.27500000,1.02556162,0.26971663,0.05000000
855.75710000,1.02541563,0.26953002,0.05000000
856.23930000,1.02546573,0.26934381,0.05000000
856.72130000,1.02530645,0.26915813,0.05000000
857.20350000,1.02561765,0.26897283,0.05000000
857.68550000,1.02552372,0.26878804,0.05000000
858.16770000,1.02556414,0.26860363,0.05000000
858.64980000,1.02558515,0.26841970,0.05000000
859.13200000,1.02568883,0.26823619,0.05000000
859.61400000,1.02557123,0.26805320,0.05000000
860.09620000,1.02576621,0.26787059,0.05000000
860.57820000,1.02589891,0.26768851,0.05000000
861.06040000,1.02597592,0.26750681,0.05000000
861.54250000,1.02602467,0.26732559,0.05000000
862.02470000,1.02596424,0.26714479,0.05000000
862.50670000,1.02611707,0.26696452,0.05000000
862.98890000,1.02630978,0.26678463,0.05000000
863.47090000,1.02613376,0.26660528,0.05000000
863.95310000,1.02625254,0.26642630,0.05000000
864.43520000,1.02624873,0.26624782,0.05000000
864.91740000,1.02606075,0.26606976,0.05000000
865.39940000,1.02592175,0.26589223,0.05000000
865.88160000,1.02596125,0.26571508,0.05000000
866.36360000,1.02597338,0.26553847,0.05000000
866.84580000,1.02592627,0.26536225,0.05000000
867.32790000,1.02576321,0.26518652,0.05000000
867.81010000,1.02552641,0.26501121,0.05000000
868.29210000,1.02564050,0.26483645,0.05000000
868.77430000,1.02539247,0.26466207,0.05000000
869.25630000,1.02532358,0.26448822,0.05000000
869.73850000,1.02521758,0.26431477,0.05000000
870.22060000,1.02521978,0.26414181,0.05000000
870.70280000,1.02515442,0.26396929,0.05000000
871.18480000,1.02492158,0.26379730,0.05000000
871.66700000,1.02531336,0.26362570,0.05000000
872.14900000,1.02510760,0.26345464,0.05000000
872.63120000,1.02512454,0.26328398,0.05000000
873.11330000,1.02527634,0.26311382,0.05000000
873.59550000,1.02514077,0.26294409,0.05000000
874.07750000,1.02521976,0.26277490,0.05000000
874.55970000,1.02481684,0.26260610,0.05000000
875.04170000,1.02512765,0.26243785,0.05000000
875.52390000,1.02505112,0.26226999,0.05000000
876.00600000,1.02493076,0.26210264,0.05000000
876.48820000,1.02494840,0.26193573,0.05000000
876.97020000,1.02494127,0.26176935,0.05000000
877.45240000,1.02479014,0.26160337,0.05000000
877.93440000,1.02488551,0.26143794,0.05000000
878.41660000,1.02485537,0.26127291,0.05000000
878.89870000,1.02492773,0.26110838,0.05000000
879.38090000,1.02480752,0.26094429,0.05000000
879.86290000,1.02491410,0.26078075,0.05000000
880.34510000,1.02465716,0.26061760,0.05000000
880.82710000,1.02453396,0.26045500,0.05000000
881.30930000,1.02460534,0.26029281,0.05000000
881.79140000,1.02466148,0.26013113,0.05000000
882.27360000,1.02424015,0.25996988,0.05000000
882.75560000,1.02407812,0.25980918,0.05000000
883.23780000,1.02388795,0.25964888,0.05000000
883.71980000,1.02386883,0.25948913,0.05000000
884.20200000,1.02351061,0.25932979,0.05000000
884.68410000,1.02340802,0.25917096,0.05000000
885.16630000,1.02312238,0.25901257,0.05000000
885.64830000,1.02296151,0.25885473,0.05000000
886.13050000,1.02293768,0.25869729,0.05000000
886.61250000,1.02268306,0.25854040,0.05000000
887.09470000,1.02259404,0.25838393,0.05000000
887.57680000,1.02217302,0.25822796,0.05000000
888.05900000,1.02219620,0.25807244,0.05000000
888.54100000,1.02218495,0.25791747,0.05000000
889.02320000,1.02195734,0.25776291,0.05000000
889.50520000,1.02172447,0.25760889,0.05000000
889.98740000,1.02163245,0.25745529,0.05000000
890.46950000,1.02138930,0.25730220,0.05000000
890.95170000,1.02117328,0.25714956,0.05000000
891.43370000,1.02113705,0.25699746,0.05000000
891.91590000,1.02076628,0.25684579,0.05000000
892.39790000,1.02073039,0.25669465,0.05000000
892.88010000,1.02023119,0.25654394,0.05000000
893.36220000,1.02021773,0.25639374,0.05000000
893.84440000,1.02002488,0.25624398,0.05000000
894.32640000,1.01990382,0.25609478,0.05000000
894.80860000,1.01962575,0.25594599,0.05000000
895.29060000,1.01953099,0.25579775,0.05000000
895.77280000,1.01921858,0.25564993,0.05000000
896.25490000,1.01913857,0.25550262,0.05000000
896.73710000,1.01904820,0.25535577,0.05000000
897.21910000,1.01873875,0.25520946,0.05000000
897.70130000,1.01850664,0.25506358,0.05000000
898.18330000,1.01816113,0.25491823,0.05000000
898.66550000,1.01787942,0.25477332,0.05000000
899.14760000,1.01777122,0.25462891,0.05000000
899.62980000,1.01732533,0.25448497,0.05000000
900.11180000,1.01729559,0.25434156,0.05000000
900.59400000,1.01685290,0.25419858,0.05000000
901.07600000,1.01670484,0.25405615,0.05000000
901.55820000,1.01664256,0.25391414,0.05000000
902.04030000,1.01647172,0.25377265,0.05000000
902.52250000,1.01625894,0.25363161,0.05000000
903.00450000,1.01631497,0.25349112,0.05000000
903.48670000,1.01604615,0.25335105,0.05000000
903.96880000,1.01595971,0.25321150,0.05000000
904.45090000,1.01574881,0.25307244,0.05000000
904.93300000,1.01575122,0.25293386,0.05000000
905.41520000,1.01545102,0.25279574,0.05000000
905.89720000,1.01543689,0.25265816,0.05000000
906.37940000,1.01526621,0.25252101,0.05000000
906.86150000,1.01515876,0.25238438,0.05000000
907.34360000,1.01480849,0.25224824,0.05000000
907.82570000,1.01468977,0.25211258,0.05000000
908.30790000,1.01437944,0.25197738,0.05000000
908.78990000,1.01428059,0.25184272,0.05000000
909.27210000,1.01405269,0.25170850,0.05000000
909.75420000,1.01374402,0.25157479,0.05000000
910.23630000,1.01387715,0.25144157,0.05000000
910.71840000,1.01349799,0.25130883,0.05000000
911.20060000,1.01336997,0.25117656,0.05000000
911.68260000,1.01310357,0.25104482,0.05000000
912.16470000,1.01314296,0.25091355,0.05000000
912.64690000,1.01274329,0.25078274,0.05000000
913.12900000,1.01255776,0.25065244,0.05000000
913.61110000,1.01228669,0.25052263,0.05000000
914.09320000,1.01225042,0.25039331,0.05000000
914.57530000,1.01201273,0.25026447,0.05000000
915.05740000,1.01169686,0.25013613,0.05000000
915.53960000,1.01161270,0.25002849,0.05000000
916.02170000,1.01115816,0.24997120,0.05000000
916.50380000,1.01063897,0.24991362,0.05000000
916.98590000,1.01040563,0.24985576,0.05000000
917.46800000,1.01016333,0.24979760,0.05000000
917.95010000,1.00954244,0.24973916,0.05000000
918.43230000,1.00930087,0.24968042,0.05000000
918.91440000,1.00885770,0.24962140,0.05000000
919.39650000,1.00879916,0.24956209,0.05000000
919.87860000,1.00816232,0.24950249,0.05000000
920.36070000,1.00797829,0.24944261,0.05000000
920.84280000,1.00763235,0.24938244,0.05000000
921.32500000,1.00720882,0.24932197,0.05000000
921.80710000,1.00681677,0.24926122,0.05000000
922.28920000,1.00651200,0.24920018,0.05000000
922.77130000,1.00580615,0.24913886,0.05000000
923.25340000,1.00544590,0.24907725,0.05000000
923.73550000,1.00484207,0.24901535,0.05000000
924.21770000,1.00455702,0.24895315,0.05000000
924.69980000,1.00400866,0.24889068,0.05000000
925.18190000,1.00321946,0.24882792,0.05000000
925.66400000,1.00250499,0.24876487,0.05000000
926.14610000,1.00196898,0.24870154,0.05000000
926.62820000,1.00116037,0.24863792,0.05000000
927.11040000,1.00061984,0.24857400,0.05000000
927.59250000,0.99982923,0.24850980,0.00000000
928.07460000,0.99937874,0.24844532,0.00000000
928.55670000,0.99855747,0.24838055,0.00000000
929.03880000,0.99798012,0.24831550,0.00000000
929.52090000,0.99712517,0.24825016,0.00000000
930.00310000,0.99648851,0.24818452,0.00000000
930.48520000,0.99545107,0.24811860,0.00000000
930.96730000,0.99473670,0.24805241,0.00000000
931.44940000,0.99371866,0.24798592,0.00000000
931.93150000,0.99314362,0.24791915,0.00000000
932.41360000,0.99230672,0.24785210,0.00000000
932.89580000,0.99110156,0.24778474,0.00000000
933.37790000,0.99012200,0.24771712,0.00000000
933.86000000,0.98903490,0.24764921,0.00000000
934.34210000,0.98790144,0.24758101,0.00000000
934.82420000,0.98669795,0.24751253,0.00000000
935.30630000,0.98558404,0.24744377,0.00000000
935.78850000,0.98443004,0.24737470,0.00000000
936.27060000,0.98296031,0.24730537,0.00000000
936.75270000,0.98172072,0.24723575,0.00000000
937.23480000,0.98042132,0.24716585,0.00000000
937.71690000,0.97915266,0.24709567,0.00000000
938.19900000,0.97762185,0.24702520,0.00000000
938.68120000,0.97637333,0.24695443,0.00000000
939.16330000,0.97528004,0.24688340,0.00000000
939.64540000,0.97440684,0.24681208,0.00000000
940.12750000,0.97359349,0.24674048,0.00000000
940.60960000,0.97295801,0.24666860,0.00000000
941.09170000,0.97249280,0.24659643,0.00000000
941.57390000,0.97231159,0.24652397,0.00000000
942.05600000,0.97202621,0.24645124,0.00000000
942.53810000,0.97171994,0.24637822,0.00000000
943.02020000,0.97161226,0.24630493,0.00000000
943.50230000,0.97169021,0.24623136,0.00000000
943.98440000,0.97131720,0.24615750,0.00000000
944.46660000,0.97104043,0.24608335,0.00000000
944.94870000,0.97064642,0.24600893,0.00000000
945.43080000,0.97006603,0.24593423,0.00000000
945.91290000,0.96938874,0.24585925,0.00000000
946.39500000,0.96849372,0.24578399,0.00000000
946.87710000,0.96742212,0.24570845,0.00000000
947.35930000,0.96618026,0.24563261,0.00000000
947.84140000,0.96483126,0.24555651,0.00000000
948.32350000,0.96361511,0.24548014,0.00000000
948.80560000,0.96214128,0.24540348,0.00000000
949.28770000,0.96047896,0.24532654,0.00000000
949.76980000,0.95878554,0.24524933,0.00000000
950.25200000,0.95706837,0.24517182,0.00000000
950.73410000,0.95497307,0.24509405,0.00000000
951.21620000,0.95274877,0.24501600,0.00000000
951.69830000,0.95045020,0.24493767,0.00000000
952.18040000,0.94810861,0.24485907,0.00000000
952.66250000,0.94545734,0.24478018,0.00000000
953.14470000,0.94261303,0.24470101,0.00000000
953.62680000,0.93986462,0.24462157,0.00000000
954.10890000,0.93657748,0.24454186,0.00000000
954.59100000,0.93293288,0.24446187,0.00000000
955.07310000,0.92890107,0.24438161,0.00000000
955.55520000,0.92458916,0.24430107,0.00000000
956.03740000,0.91960536,0.24422024,0.00000000
956.51950000,0.91394968,0.24413915,0.00000000
957.00160000,0.90801488,0.24405779,0.00000000
957.48370000,0.90095746,0.24397615,0.00000000
957.96580000,0.89309397,0.24389423,0.00000000
958.44790000,0.88390395,0.24381205,0.00000000
958.93010000,0.87356518,0.24372957,0.00000000
959.41220000,0.86195731,0.24364683,0.00000000
959.89430000,0.84846826,0.24356383,0.00000000
960.37640000,0.83335102,0.24348055,0.00000000
960.85850000,0.81644784,0.24339699,0.00000000
961.34060000,0.79796414,0.24331317,0.00000000
961.82280000,0.77767582,0.24322905,0.00000000
962.30490000,0.75592009,0.24314468,0.00000000
962.78700000,0.73320755,0.24306004,0.00000000
963.26910000,0.71039336,0.24297513,0.00000000
963.75120000,0.68795819,0.24288995,0.00000000
964.23330000,0.66631780,0.24280450,0.00000000
964.71550000,0.64637364,0.24271876,0.00000000
965.19760000,0.62892674,0.24263277,0.00000000
965.67970000,0.61443994,0.24254651,0.00000000
966.16180000,0.60273409,0.24245998,0.00000000
966.64390000,0.59439934,0.24237318,0.00000000
967.12600000,0.58871675,0.24228611,0.00000000
967.60820000,0.58550350,0.24219876,0.00000000
968.09030000,0.58398358,0.24211115,0.00000000
968.57240000,0.58326011,0.24202328,0.00000000
969.05450000,0.58247854,0.24193514,0.00000000
969.53660000,0.58102217,0.24184674,0.00000000
970.01870000,0.57782530,0.24175807,0.00000000
970.50090000,0.57238880,0.24166911,0.00000000
970.98300000,0.56428853,0.24157991,0.00000000
971.46510000,0.55316981,0.24149044,0.00000000
971.94720000,0.53871530,0.24140071,0.00000000
972.42930000,0.52099061,0.24131071,0.00000000
972.91140000,0.49982740,0.24122045,0.00000000
973.39360000,0.47591800,0.24112990,0.00000000
973.87570000,0.44934708,0.24103911,0.00000000
974.35780000,0.42059140,0.24094806,0.00000000
974.83990000,0.38986962,0.24085674,0.00000000
975.32200000,0.35797585,0.24076516,0.00000000
975.80410000,0.32501999,0.24067332,0.00000000
976.28630000,0.29218451,0.24058120,0.00000000
976.76840000,0.25963129,0.24048883,0.00000000
977.25050000,0.22818036,0.24039621,0.00000000
977.73260000,0.19819816,0.24030332,0.00000000
978.21470000,0.17048756,0.24021018,0.00000000
978.69680000,0.14515658,0.24011677,0.00000000
979.17900000,0.12277870,0.24002309,0.00000000
979.66110000,0.10346854,0.23992916,0.00000000
980.14320000,0.08776533,0.23983498,0.00000000
980.62530000,0.07543425,0.23974054,0.00000000
981.10740000,0.06596315,0.23964584,0.00000000
981.58950000,0.05964170,0.23955088,0.00000000
982.07170000,0.05602975,0.23945565,0.00000000
982.55380000,0.05479196,0.23936018,0.00000000
983.03590000,0.05559624,0.23926445,0.00000000
983.51800000,0.05767450,0.23916847,0.00000000
984.00010000,0.06093932,0.23907223,0.00000000
984.48220000,0.06477489,0.23897574,0.00000000
984.96440000,0.06925532,0.23887897,0.00000000
985.44650000,0.07344768,0.23878197,0.00000000
985.92860000,0.07751229,0.23868472,0.00000000
986.41070000,0.08097046,0.23858721,0.00000000
986.89280000,0.08368806,0.23848945,0.00000000
987.37490000,0.08572912,0.23839143,0.00000000
987.85710000,0.08748451,0.23829315,0.00000000
988.33920000,0.08820828,0.23819463,0.00000000
988.82130000,0.08795474,0.23809586,0.00000000
989.30340000,0.08710510,0.23799684,0.00000000
989.78550000,0.08576384,0.23789757,0.00000000
990.26760000,0.08386690,0.23779805,0.00000000
990.74980000,0.08155056,0.23769827,0.00000000
991.23190000,0.07861347,0.23759825,0.00000000
991.71400000,0.07566896,0.23749798,0.00000000
992.19610000,0.07241831,0.23739747,0.00000000
992.67820000,0.06892339,0.23729671,0.00000000
993.16030000,0.06564879,0.23719570,0.00000000
993.64250000,0.06205600,0.23709443,0.00000000
994.12460000,0.05867921,0.23699293,0.00000000
994.60670000,0.05526773,0.23689118,0.00000000
995.08880000,0.05175484,0.23678919,0.00000000
995.57090000,0.04875575,0.23668695,0.00000000
996.05300000,0.04594660,0.23658447,0.00000000
996.53520000,0.04305161,0.23648173,0.00000000
997.01730000,0.04047666,0.23637876,0.00000000
997.49940000,0.03812224,0.23627555,0.00000000
997.98150000,0.03597626,0.23617210,0.00000000
998.46360000,0.03413454,0.23606841,0.00000000
998.94570000,0.03258941,0.23596447,0.00000000
999.42790000,0.03105273,0.23586027,0.00000000
999.91000000,0.03008029,0.23575586,0.00000000
1000.39200000,0.02896319,0.23565122,1.00000000
1000.87400000,0.02850107,0.23554635,1.00000000
1001.35600000,0.02797354,0.23544124,1.00000000
1001.83800000,0.02783884,0.23533589,1.00000000
1002.32100000,0.02776329,0.23523008,1.00000000
1002.80300000,0.02814534,0.23512426,1.00000000
1003.28500000,0.02860048,0.23501820,1.00000000
1003.76700000,0.02921953,0.23491190,1.00000000
1004.24900000,0.03001151,0.23480537,1.00000000
1004.73100000,0.03099164,0.23469860,1.00000000
1005.21300000,0.03208099,0.23459159,1.00000000
1005.69500000,0.03316284,0.23448436,1.00000000
1006.17700000,0.03434554,0.23437689,1.00000000
1006.66000000,0.03534223,0.23426896,1.00000000
1007.14200000,0.03680746,0.23416103,1.00000000
1007.62400000,0.03810924,0.23405286,1.00000000
1008.10600000,0.03935964,0.23394446,1.00000000
1008.58800000,0.04073221,0.23383583,1.00000000
1009.07000000,0.04174841,0.23372697,1.00000000
1009.55200000,0.04299730,0.23361788,1.00000000
1010.03400000,0.04440908,0.23350856,1.00000000
1010.51700000,0.04543130,0.23339879,1.00000000
1010.99900000,0.04673401,0.23328901,1.00000000
1011.48100000,0.04789822,0.23317901,1.00000000
1011.96300000,0.04890385,0.23306878,1.00000000
1012.44500000,0.04990667,0.23295832,1.00000000
1012.92700000,0.05115380,0.23284764,1.00000000
1013.40900000,0.05169179,0.23273673,1.00000000
1013.89100000,0.05256399,0.23262560,1.00000000
1014.37300000,0.05339101,0.23251424,1.00000000
1014.85600000,0.05379050,0.23240243,1.00000000
1015.33800000,0.05426462,0.23229063,1.00000000
1015.82000000,0.05436349,0.23217861,1.00000000
1016.30200000,0.05469020,0.23206636,1.00000000
1016.78400000,0.05473863,0.23195389,1.00000000
1017.26600000,0.05460374,0.23184120,1.00000000
1017.74800000,0.05449484,0.23172830,1.00000000
1018.23000000,0.05396678,0.23161517,1.00000000
1018.71300000,0.05354991,0.23150159,1.00000000
1019.19500000,0.05284501,0.23138802,1.00000000
1019.67700000,0.05217121,0.23127424,1.00000000
1020.15900000,0.05141631,0.23116024,1.00000000
1020.64100000,0.05080061,0.23104602,1.00000000
1021.12300000,0.04997933,0.23093159,1.00000000
1021.60500000,0.04873677,0.23081694,1.00000000
1022.08700000,0.04779907,0.23070208,1.00000000
1022.56900000,0.04699359,0.23058701,1.00000000
1023.05200000,0.04585315,0.23047148,1.00000000
1023.53400000,0.04474024,0.23035598,1.00000000
1024.01600000,0.04355939,0.23024026,1.00000000
1024.49800000,0.04215945,0.23012434,1.00000000
1024.98000000,0.04117537,0.23000820,1.00000000
1025.46200000,0.04003373,0.22989186,1.00000000
1025.94400000,0.03852867,0.22977530,1.00000000
1026.42600000,0.03728107,0.22965854,1.00000000
1026.90800000,0.03577543,0.22954156,1.00000000
1027.39100000,0.03439518,0.22942414,1.00000000
1027.87300000,0.03291538,0.22930675,1.00000000
1028.35500000,0.03151217,0.22918916,1.00000000
1028.83700000,0.02993163,0.22907136,1.00000000
1029.31900000,0.02872198,0.22895335,1.00000000
1029.80100000,0.02708179,0.22883514,1.00000000
1030.28300000,0.02588853,0.22871673,1.00000000
1030.76500000,0.02450242,0.22859811,1.00000000
1031.24800000,0.02324036,0.22847904,1.00000000
1031.73000000,0.02190192,0.22836002,1.00000000
1032.21200000,0.02065734,0.22824080,1.00000000
1032.69400000,0.01927647,0.22812138,1.00000000
1033.17600000,0.01810127,0.22800175,1.00000000
1033.65800000,0.01706451,0.22788193,1.00000000
1034.14000000,0.01622530,0.22776191,1.00000000
1034.62200000,0.01536097,0.22764169,1.00000000
1035.10400000,0.01437336,0.22752128,1.00000000
1035.58700000,0.01364149,0.22740042,1.00000000
1036.06900000,0.01270772,0.22727961,1.00000000
1036.55100000,0.01207268,0.22715860,1.00000000
1037.03300000,0.01142244,0.22703741,1.00000000
1037.51500000,0.01136036,0.22691602,1.00000000
1037.99700000,0.01069653,0.22679443,1.00000000
1038.47900000,0.01041463,0.22667265,1.00000000
1038.96100000,0.01015450,0.22655069,1.00000000
1039.44400000,0.01001697,0.22642827,1.00000000
1039.92600000,0.01007376,0.22630592,1.00000000
1040.40800000,0.00999527,0.22618338,1.00000000
1040.89000000,0.00976744,0.22606066,1.00000000
1041.37200000,0.01018582,0.22593774,1.00000000
1041.85400000,0.01004190,0.22581464,1.00000000
1042.33600000,0.01037993,0.22569135,1.00000000
1042.81800000,0.01070147,0.22556787,1.00000000
1043.30100000,0.01109628,0.22544395,1.00000000
1043.78300000,0.01147058,0.22532010,1.00000000
1044.26500000,0.01195036,0.22519607,1.00000000
1044.74700000,0.01270212,0.22507186,1.00000000
1045.22900000,0.01317742,0.22494746,1.00000000
1045.71100000,0.01401901,0.22482289,1.00000000
1046.19300000,0.01482043,0.22469813,1.00000000
1046.67500000,0.01576017,0.22457319,1.00000000
1047.15700000,0.01629732,0.22444807,1.00000000
1047.64000000,0.01720029,0.22432251,1.00000000
1048.12200000,0.01822837,0.22419704,1.00000000
1048.60400000,0.01911288,0.22407138,1.00000000
1049.08600000,0.02032511,0.22394555,1.00000000
1049.56800000,0.02137769,0.22381955,1.00000000
1050.05000000,0.02231588,0.22369337,1.00000000
1050.53200000,0.02345402,0.22356701,1.00000000
1051.01400000,0.02474164,0.22344049,1.00000000
1051.49600000,0.02602999,0.22331379,1.00000000
1051.97900000,0.02728770,0.22318665,1.00000000
1052.46100000,0.02863256,0.22305961,1.00000000
1052.94300000,0.02986641,0.22293239,1.00000000
1053.42500000,0.03119543,0.22280501,1.00000000
1053.90700000,0.03268049,0.22267745,1.00000000
1054.38900000,0.03389778,0.22254973,1.00000000
1054.87100000,0.03541658,0.22242184,1.00000000
1055.35300000,0.03677988,0.22229379,1.00000000
1055.83500000,0.03821164,0.22216556,1.00000000
1056.31800000,0.03988069,0.22203691,1.00000000
1056.80000000,0.04124633,0.22190836,1.00000000
1057.28200000,0.04288629,0.22177964,1.00000000
1057.76400000,0.04425065,0.22165077,1.00000000
1058.24600000,0.04570246,0.22152173,1.00000000
1058.72800000,0.04714313,0.22139252,1.00000000
1059.21000000,0.04854327,0.22126316,1.00000000
1059.69200000,0.04975501,0.22113364,1.00000000
1060.17500000,0.05080199,0.22100369,1.00000000
1060.65700000,0.05198039,0.22087385,1.00000000
1061.13900000,0.05309806,0.22074386,1.00000000
1061.62100000,0.05447691,0.22061371,1.00000000
1062.10300000,0.05563602,0.22048340,1.00000000
1062.58500000,0.05711979,0.22035294,1.00000000
1063.06700000,0.05874324,0.22022232,1.00000000
1063.54900000,0.06038657,0.22009155,1.00000000
1064.03100000,0.06203680,0.21996063,1.00000000
1064.51400000,0.06386250,0.21982928,1.00000000
1064.99600000,0.06572926,0.21969806,1.00000000
1065.47800000,0.06753307,0.21956668,1.00000000
1065.96000000,0.06956360,0.21943516,1.00000000
1066.44200000,0.07106161,0.21930349,1.00000000
1066.92400000,0.07265664,0.21917167,1.00000000
1067.40600000,0.07407222,0.21903970,1.00000000
1067.88800000,0.07554313,0.21890759,1.00000000
1068.37100000,0.07673240,0.21877506,1.00000000
1068.85300000,0.07788894,0.21864266,1.00000000
1069.33500000,0.07918179,0.21851011,1.00000000
1069.81700000,0.08009615,0.21837743,1.00000000
1070.29900000,0.08128440,0.21824460,1.00000000
1070.78100000,0.08209971,0.21811163,1.00000000
1071.26300000,0.08300498,0.21797852,1.00000000
1071.74500000,0.08376505,0.21784527,1.00000000
1072.22800000,0.08457132,0.21771161,1.00000000
1072.71000000,0.08509136,0.21757808,1.00000000
1073.19200000,0.08575804,0.21744442,1.00000000
1073.67400000,0.08615876,0.21731062,1.00000000
1074.15600000,0.08669343,0.21717669,1.00000000
1074.63800000,0.08727800,0.21704263,1.00000000
1075.12000000,0.08782842,0.21690843,1.00000000
1075.60200000,0.08823428,0.21677410,1.00000000
1076.08400000,0.08845095,0.21663963,1.00000000
1076.56700000,0.08911296,0.21650476,1.00000000
1077.04900000,0.08970086,0.21637004,1.00000000
1077.53100000,0.09080626,0.21623519,1.00000000
1078.01300000,0.09167767,0.21610021,1.00000000
1078.49500000,0.09253473,0.21596510,1.00000000
1078.97700000,0.09356646,0.21582987,1.00000000
1079.45900000,0.09459520,0.21569451,1.00000000
1079.94100000,0.09538923,0.21555903,1.00000000
1080.42300000,0.09601261,0.21542342,1.00000000
1080.90600000,0.09659284,0.21528741,1.00000000
1081.38800000,0.09728205,0.21515156,1.00000000
1081.87000000,0.09748916,0.21501559,1.00000000
1082.35200000,0.09812823,0.21487949,1.00000000
1082.83400000,0.09845518,0.21474328,1.00000000
1083.31600000,0.09914402,0.21460695,1.00000000
1083.79800000,0.09985022,0.21447051,1.00000000
1084.28000000,0.10070981,0.21433394,1.00000000
1084.76200000,0.10193680,0.21419727,1.00000000
1085.24500000,0.10319499,0.21406019,1.00000000
1085.72700000,0.10434003,0.21392328,1.00000000
1086.20900000,0.10530153,0.21378626,1.00000000
1086.69100000,0.10597562,0.21364913,1.00000000
1087.17300000,0.10673956,0.21351189,1.00000000
1087.65500000,0.10706501,0.21337453,1.00000000
1088.13700000,0.10728251,0.21323707,1.00000000
1088.61900000,0.10709318,0.21309950,1.00000000
1089.10200000,0.10677682,0.21296154,1.00000000
1089.58400000,0.10656675,0.21282376,1.00000000
1090.06600000,0.10634341,0.21268587,1.00000000
1090.54800000,0.10634956,0.21254787,1.00000000
1091.03000000,0.10634690,0.21240977,1.00000000
1091.51200000,0.10660377,0.21227157,1.00000000
1091.99400000,0.10634502,0.21213327,1.00000000
1092.47600000,0.10675243,0.21199487,1.00000000
1092.95800000,0.10691871,0.21185637,1.00000000
1093.44100000,0.10709192,0.21171748,1.00000000
1093.92300000,0.10712645,0.21157878,1.00000000
1094.40500000,0.10722613,0.21143998,1.00000000
1094.88700000,0.10700780,0.21130109,1.00000000
1095.36900000,0.10654955,0.21116210,1.00000000
1095.85100000,0.10620634,0.21102301,1.00000000
1096.33300000,0.10556274,0.21088384,1.00000000
1096.81500000,0.10476226,0.21074457,1.00000000
1097.29800000,0.10401753,0.21060492,1.00000000
1097.78000000,0.10312702,0.21046547,1.00000000
1098.26200000,0.10245766,0.21032593,1.00000000
1098.74400000,0.10147479,0.21018630,1.00000000
1099.22600000,0.10095235,0.21004659,1.00000000
1099.70800000,0.10022393,0.20990678,1.00000000
1100.19000000,0.09963198,0.20976689,1.00000000
1100.67200000,0.09923520,0.20962692,1.00000000
1101.15500000,0.09891998,0.20948657,1.00000000
1101.63700000,0.09841858,0.20934643,1.00000000
1102.11900000,0.09797259,0.20920621,1.00000000
1102.60100000,0.09774971,0.20906591,1.00000000
1103.08300000,0.09735069,0.20892553,1.00000000
1103.56500000,0.09723763,0.20878506,1.00000000
1104.04700000,0.09676014,0.20864452,1.00000000
1104.52900000,0.09642025,0.20850391,1.00000000
1105.01100000,0.09602694,0.20836322,1.00000000
1105.49400000,0.09537420,0.20822216,1.00000000
1105.97600000,0.09498772,0.20808131,1.00000000
1106.45800000,0.09451174,0.20794040,1.00000000
1106.94000000,0.09413494,0.20779941,1.00000000
1107.42200000,0.09339685,0.20765836,1.00000000
1107.90400000,0.09304043,0.20751723,1.00000000
1108.38600000,0.09239828,0.20737603,1.00000000
1108.86800000,0.09179428,0.20723477,1.00000000
1109.35000000,0.09165030,0.20709343,1.00000000
1109.83300000,0.09095768,0.20695174,1.00000000
1110.31500000,0.09058236,0.20681028,1.00000000
1110.79700000,0.09010510,0.20666875,1.00000000
1111.27900000,0.08951805,0.20652716,1.00000000
1111.76100000,0.08919375,0.20638551,1.00000000
1112.24300000,0.08848782,0.20624379,1.00000000
1112.72500000,0.08771482,0.20610202,1.00000000
1113.20700000,0.08721984,0.20596019,1.00000000
1113.68900000,0.08682513,0.20581830,1.00000000
1114.17200000,0.08612298,0.20567605,1.00000000
1114.65400000,0.08549713,0.20553405,1.00000000
1115.13600000,0.08512132,0.20539199,1.00000000
1115.61800000,0.08452289,0.20524988,1.00000000
1116.10000000,0.08412802,0.20510771,1.00000000
1116.58200000,0.08363507,0.20496549,1.00000000
1117.06400000,0.08315082,0.20482322,1.00000000
1117.54600000,0.08270881,0.20468090,1.00000000
1118.02900000,0.08227463,0.20453824,1.00000000
1118.51100000,0.08180041,0.20439582,1.00000000
1118.99300000,0.08135105,0.20425336,1.00000000
1119.47500000,0.08091336,0.20411085,1.00000000
1119.95700000,0.08062466,0.20396830,1.00000000
1120.43900000,0.07984406,0.20382570,1.00000000
1120.92100000,0.07937809,0.20368306,1.00000000
1121.40300000,0.07896072,0.20354038,1.00000000
1121.88500000,0.07848420,0.20339765,1.00000000
1122.36800000,0.07830763,0.20325459,1.00000000
1122.85000000,0.07799201,0.20311179,1.00000000
1123.33200000,0.07775091,0.20296895,1.00000000
1123.81400000,0.07748613,0.20282608,1.00000000
1124.29600000,0.07733121,0.20268317,1.00000000
1124.77800000,0.07698798,0.20254022,1.00000000
1125.26000000,0.07683895,0.20239724,1.00000000
1125.74200000,0.07654132,0.20225423,1.00000000
1126.22500000,0.07650331,0.20211089,1.00000000
1126.70700000,0.07616926,0.20196782,1.00000000
1127.18900000,0.07584606,0.20182472,1.00000000
1127.67100000,0.07580174,0.20168159,1.00000000
1128.15300000,0.07570458,0.20153843,1.00000000
1128.63500000,0.07526326,0.20139525,1.00000000
1129.11700000,0.07511744,0.20125204,1.00000000
1129.59900000,0.07495030,0.20110881,1.00000000
1130.08200000,0.07466993,0.20096526,1.00000000
1130.56400000,0.07450348,0.20082198,1.00000000
1131.04600000,0.07428397,0.20067868,1.00000000
1131.52800000,0.07409650,0.20053536,1.00000000
1132.01000000,0.07374544,0.20039203,1.00000000
1132.49200000,0.07393656,0.20024867,1.00000000
1132.97400000,0.07368683,0.20010530,1.00000000
1133.45600000,0.07354648,0.19996192,1.00000000
1133.93800000,0.07341308,0.19981852,1.00000000
1134.42100000,0.07353289,0.19967481,1.00000000
1134.90300000,0.07319979,0.19953138,1.00000000
1135.38500000,0.07336721,0.19938795,1.00000000
1135.86700000,0.07308907,0.19924450,1.00000000
1136.34900000,0.07307455,0.19910105,1.00000000
1136.83100000,0.07323926,0.19895758,1.00000000
1137.31300000,0.07301385,0.19881411,1.00000000
1137.79500000,0.07294181,0.19867064,1.00000000
1138.27700000,0.07318089,0.19852715,1.00000000
1138.76000000,0.07321940,0.19838337,1.00000000
1139.24200000,0.07318647,0.19823989,1.00000000
1139.72400000,0.07322557,0.19809640,1.00000000
1140.20600000,0.07337562,0.19795291,1.00000000
1140.68800000,0.07333854,0.19780942,1.00000000
1141.17000000,0.07351322,0.19766594,1.00000000
1141.65200000,0.07363590,0.19752245,1.00000000
1142.13400000,0.07375000,0.19737897,1.00000000
1142.61600000,0.07396376,0.19723550,1.00000000
1143.09900000,0.07418588,0.19709174,1.00000000
1143.58100000,0.07426903,0.19694827,1.00000000
1144.06300000,0.07480005,0.19680482,1.00000000
1144.54500000,0.07493483,0.19666138,1.00000000
1145.02700000,0.07525499,0.19651795,1.00000000
1145.50900000,0.07553252,0.19637453,1.00000000
1145.99100000,0.07573054,0.19623112,1.00000000
1146.47300000,0.07621369,0.19608773,1.00000000
1146.95600000,0.07654297,0.19594405,1.00000000
1147.43800000,0.07679942,0.19580069,1.00000000
1147.92000000,0.07715976,0.19565735,1.00000000
1148.40200000,0.07730365,0.19551402,1.00000000
1148.88400000,0.07769407,0.19537071,1.00000000
1149.36600000,0.07823837,0.19522742,1.00000000
1149.84800000,0.07840792,0.19508416,1.00000000
1150.33000000,0.07877010,0.19494092,1.00000000
1150.81200000,0.07928117,0.19479770,1.00000000
1151.29500000,0.07968289,0.19465421,1.00000000
1151.77700000,0.07996948,0.19451104,1.00000000
1152.25900000,0.08027770,0.19436790,1.00000000
1152.74100000,0.08066063,0.19422479,1.00000000
1153.22300000,0.08095690,0.19408171,1.00000000
1153.70500000,0.08157060,0.19393865,1.00000000
1154.18700000,0.08193505,0.19379563,1.00000000
1154.66900000,0.08263761,0.19365265,1.00000000
1155.15200000,0.08272901,0.19350940,1.00000000
1155.63400000,0.08340100,0.19336648,1.00000000
1156.11600000,0.08371003,0.19322360,1.00000000
1156.59800000,0.08425568,0.19308075,1.00000000
1157.08000000,0.08468620,0.19293795,1.00000000
1157.56200000,0.08528773,0.19279518,1.00000000
1158.04400000,0.08553597,0.19265245,1.00000000
1158.52600000,0.08627792,0.19250977,1.00000000
1159.00900000,0.08681563,0.19236683,1.00000000
1159.49100000,0.08731355,0.19222423,1.00000000
1159.97300000,0.08765162,0.19208168,1.00000000
1160.45500000,0.08840871,0.19193917,1.00000000
1160.93700000,0.08865456,0.19179671,1.00000000
1161.41900000,0.08932263,0.19165430,1.00000000
1161.90100000,0.09011741,0.19151194,1.00000000
1162.38300000,0.09064691,0.19136963,1.00000000
1162.86500000,0.09105453,0.19122738,1.00000000
1163.34800000,0.09154865,0.19108488,1.00000000
1163.83000000,0.09206016,0.19094273,1.00000000
1164.31200000,0.09293208,0.19080063,1.00000000
1164.79400000,0.09327749,0.19065859,1.00000000
1165.27600000,0.09399149,0.19051661,1.00000000
1165.75800000,0.09451090,0.19037469,1.00000000
1166.24000000,0.09512619,0.19023283,1.00000000
1166.72200000,0.09571335,0.19009103,1.00000000
1167.20400000,0.09638073,0.18994929,1.00000000
1167.68700000,0.09717287,0.18980732,1.00000000
1168.16900000,0.09770439,0.18966571,1.00000000
1168.65100000,0.09833346,0.18952416,1.00000000
1169.13300000,0.09896323,0.18938268,1.00000000
1169.61500000,0.09945053,0.18924127,1.00000000
1170.09700000,0.10004428,0.18909993,1.00000000
1170.57900000,0.10073149,0.18895866,1.00000000
1171.06100000,0.10135123,0.18881746,1.00000000
1171.54300000,0.10204995,0.18867633,1.00000000
1172.02600000,0.10264258,0.18853498,1.00000000
1172.50800000,0.10300122,0.18839400,1.00000000
1172.99000000,0.10392636,0.18825310,1.00000000
1173.47200000,0.10474873,0.18811227,1.00000000
1173.95400000,0.10516457,0.18797152,1.00000000
1174.43600000,0.10585429,0.18783085,1.00000000
1174.91800000,0.10633728,0.18769026,1.00000000
1175.40000000,0.10704311,0.18754976,1.00000000
1175.88300000,0.10778059,0.18740904,1.00000000
1176.36500000,0.10830150,0.18726870,1.00000000
1176.84700000,0.10923083,0.18712845,1.00000000
1177.32900000,0.10977258,0.18698828,1.00000000
1177.81100000,0.11030211,0.18684820,1.00000000
1178.29300000,0.11096481,0.18670821,1.00000000
1178.77500000,0.11150226,0.18656830,1.00000000
1179.25700000,0.11209047,0.18642849,1.00000000
1179.74000000,0.11278638,0.18628848,1.00000000
1180.22200000,0.11349846,0.18614886,1.00000000
1180.70400000,0.11402187,0.18600932,1.00000000
1181.18600000,0.11476257,0.18586989,1.00000000
1181.66800000,0.11506179,0.18573055,1.00000000
1182.15000000,0.11581819,0.18559130,1.00000000
1182.63200000,0.11644113,0.18545216,1.00000000
1183.11400000,0.11699348,0.18531312,1.00000000
1183.59600000,0.11760265,0.18517418,1.00000000
1184.07900000,0.11810894,0.18503505,1.00000000
1184.56100000,0.11884370,0.18489631,1.00000000
1185.04300000,0.11961474,0.18475768,1.00000000
1185.52500000,0.11978811,0.18461916,1.00000000
1186.00700000,0.12078156,0.18448074,1.00000000
1186.48900000,0.12127382,0.18434243,1.00000000
1186.97100000,0.12153108,0.18420423,1.00000000
1187.45300000,0.12219792,0.18406614,1.00000000
1187.93600000,0.12279652,0.18392788,1.00000000
1188.41800000,0.12332314,0.18379001,1.00000000
1188.90000000,0.12392979,0.18365226,1.00000000
1189.38200000,0.12441185,0.18351463,1.00000000
1189.86400000,0.12492958,0.18337711,1.00000000
1190.34600000,0.12549380,0.18323971,1.00000000
1190.82800000,0.12601339,0.18310242,1.00000000
1191.31000000,0.12642818,0.18296526,1.00000000
1191.79200000,0.12682025,0.18282822,1.00000000
1192.27500000,0.12724387,0.18269102,1.00000000
1192.75700000,0.12773796,0.18255422,1.00000000
1193.23900000,0.12823025,0.18241755,1.00000000
1193.72100000,0.12877216,0.18228100,1.00000000
1194.20300000,0.12903534,0.18214458,1.00000000
1194.68500000,0.12968084,0.18200829,1.00000000
1195.16700000,0.13012131,0.18187213,1.00000000
1195.64900000,0.13064285,0.18173610,1.00000000
1196.13100000,0.13099612,0.18160020,1.00000000
1196.61400000,0.13148729,0.18146415,1.00000000
1197.09600000,0.13189483,0.18132852,1.00000000
1197.57800000,0.13237860,0.18119302,1.00000000
1198.06000000,0.13290203,0.18105766,1.00000000
1198.54200000,0.13321635,0.18092243,1.00000000
1199.02400000,0.13378613,0.18078734,1.00000000
1199.50600000,0.13413386,0.18065240,1.00000000
1199.98800000,0.13458202,0.18051759,1.00000000
1200.47000000,0.13491082,0.18038293,1.00000000
1200.95300000,0.13506278,0.18024813,1.00000000
1201.43500000,0.13569768,0.18011375,1.00000000
1201.91700000,0.13590406,0.17997952,1.00000000
1202.39900000,0.13628440,0.17984544,1.00000000
1202.88100000,0.13640124,0.17971150,1.00000000
1203.36300000,0.13687047,0.17957771,1.00000000
1203.84500000,0.13707367,0.17944408,1.00000000
1204.32700000,0.13727889,0.17931059,1.00000000
1204.81000000,0.13774935,0.17917698,1.00000000
1205.29200000,0.13789128,0.17904380,1.00000000
1205.77400000,0.13819689,0.17891078,1.00000000
1206.25600000,0.13848693,0.17877791,1.00000000
1206.73800000,0.13881188,0.17864520,1.00000000
1207.22000000,0.13897816,0.17851264,1.00000000
1207.70200000,0.13924805,0.17838025,1.00000000
1208.18400000,0.13953993,0.17824802,1.00000000
1208.66700000,0.14003729,0.17811567,1.00000000
1209.14900000,0.14006632,0.17798376,1.00000000
1209.63100000,0.14045264,0.17785202,1.00000000
1210.11300000,0.14065389,0.17772044,1.00000000
1210.59500000,0.14086659,0.17758903,1.00000000
1211.07700000,0.14111830,0.17745778,1.00000000
1211.55900000,0.14129306,0.17732670,1.00000000
1212.04100000,0.14157181,0.17719580,1.00000000
1212.52300000,0.14168819,0.17706506,1.00000000
1213.00600000,0.14197242,0.17693423,1.00000000
1213.48800000,0.14203571,0.17680384,1.00000000
1213.97000000,0.14213876,0.17667362,1.00000000
1214.45200000,0.14225941,0.17654358,1.00000000
1214.93400000,0.14252070,0.17641372,1.00000000
1215.41600000,0.14268616,0.17628404,1.00000000
1215.89800000,0.14272834,0.17615453,1.00000000
1216.38000000,0.14269853,0.17602521,1.00000000
1216.86300000,0.14278305,0.17589580,1.00000000
1217.34500000,0.14298763,0.17576684,1.00000000
1217.82700000,0.14299815,0.17563806,1.00000000
1218.30900000,0.14295612,0.17550947,1.00000000
1218.79100000,0.14291903,0.17538106,1.00000000
1219.27300000,0.14289381,0.17525284,1.00000000
1219.75500000,0.14317068,0.17512481,1.00000000
1220.23700000,0.14300617,0.17499697,1.00000000
1220.71900000,0.14301783,0.17486932,1.00000000
1221.20200000,0.14275881,0.17474160,1.00000000
1221.68400000,0.14320325,0.17461434,1.00000000
1222.16600000,0.14319325,0.17448727,1.00000000
1222.64800000,0.14293511,0.17436039,1.00000000
1223.13000000,0.14304367,0.17423371,1.00000000
1223.61200000,0.14302020,0.17410723,1.00000000
1224.09400000,0.14286450,0.17398095,1.00000000
1224.57600000,0.14295451,0.17385487,1.00000000
1225.05800000,0.14311141,0.17372899,1.00000000
1225.54100000,0.14304026,0.17360305,1.00000000
1226.02300000,0.14301063,0.17347757,1.00000000
1226.50500000,0.14294341,0.17335230,1.00000000
1226.98700000,0.14282112,0.17322724,1.00000000
1227.46900000,0.14267514,0.17310238,1.00000000
1227.95100000,0.14269742,0.17297773,1.00000000
1228.43300000,0.14245949,0.17285329,1.00000000
1228.91500000,0.14243515,0.17272906,1.00000000
1229.39700000,0.14239463,0.17260504,1.00000000
1229.88000000,0.14222956,0.17248098,1.00000000
1230.36200000,0.14199875,0.17235738,1.00000000
1230.84400000,0.14189428,0.17223400,1.00000000
1231.32600000,0.14178817,0.17211084,1.00000000
1231.80800000,0.14181263,0.17198790,1.00000000
1232.29000000,0.14153156,0.17186517,1.00000000
1232.77200000,0.14144627,0.17174266,1.00000000
1233.25400000,0.14115955,0.17162038,1.00000000
1233.73700000,0.14105398,0.17149806,1.00000000
1234.21900000,0.14102679,0.17137622,1.00000000
1234.70100000,0.14084974,0.17125460,1.00000000
1235.18300000,0.14067806,0.17113321,1.00000000
1235.66500000,0.14054434,0.17101204,1.00000000
1236.14700000,0.14044486,0.17089110,1.00000000
1236.62900000,0.14030341,0.17077039,1.00000000
1237.11100000,0.14009147,0.17064991,1.00000000
1237.59400000,0.14005253,0.17052941,1.00000000
1238.07600000,0.13969354,0.17040939,1.00000000
1238.55800000,0.13955749,0.17028960,1.00000000
1239.04000000,0.13949892,0.17017005,1.00000000
1239.52200000,0.13945823,0.17005074,1.00000000
1240.00400000,0.13914404,0.16993166,1.00000000
1240.48600000,0.13883084,0.16981281,1.00000000
1240.96800000,0.13853129,0.16969421,1.00000000
1241.45000000,0.13859401,0.16957584,1.00000000
1241.93300000,0.13834113,0.16945748,1.00000000
1242.41500000,0.13800480,0.16933959,1.00000000
1242.89700000,0.13761220,0.16922196,1.00000000
1243.37900000,0.13736768,0.16910456,1.00000000
1243.86100000,0.13696549,0.16898741,1.00000000
1244.34300000,0.13693495,0.16887051,1.00000000
1244.82500000,0.13668113,0.16875386,1.00000000
1245.30700000,0.13646425,0.16863745,1.00000000
1245.79000000,0.13607433,0.16852105,1.00000000
1246.27200000,0.13592156,0.16840515,1.00000000
1246.75400000,0.13572064,0.16828950,1.00000000
1247.23600000,0.13548459,0.16817410,1.00000000
1247.71800000,0.13528298,0.16805895,1.00000000
1248.20000000,0.13520018,0.16794406,1.00000000
1248.68200000,0.13464426,0.16782943,1.00000000
1249.16400000,0.13455362,0.16771505,1.00000000
1249.64600000,0.13439048,0.16760093,1.00000000
1250.12900000,0.13411671,0.16748684,1.00000000
1250.61100000,0.13375809,0.16737324,1.00000000
1251.09300000,0.13370026,0.16725990,1.00000000
1251.57500000,0.13335438,0.16714683,1.00000000
1252.05700000,0.13314690,0.16703402,1.00000000
1252.53900000,0.13286827,0.16692148,1.00000000
1253.02100000,0.13268794,0.16680920,1.00000000
1253.50300000,0.13243203,0.16669719,1.00000000
1253.98500000,0.13228857,0.16658545,1.00000000
1254.46800000,0.13203183,0.16647375,1.00000000
1254.95000000,0.13183180,0.16636255,1.00000000
1255.43200000,0.13156785,0.16625162,1.00000000
1255.91400000,0.13138103,0.16614096,1.00000000
1256.39600000,0.13094682,0.16603058,1.00000000
1256.87800000,0.13066963,0.16592048,1.00000000
1257.36000000,0.13060210,0.16581064,1.00000000
1257.84200000,0.13029498,0.16570109,1.00000000
1258.32400000,0.13031967,0.16559182,1.00000000
1258.80700000,0.13011925,0.16548259,1.00000000
1259.28900000,0.12984202,0.16537388,1.00000000
1259.77100000,0.12968773,0.16526544,1.00000000
1260.25300000,0.12946558,0.16515729,1.00000000
1260.73500000,0.12914753,0.16504942,1.00000000
1261.21700000,0.12887989,0.16494184,1.00000000
1261.69900000,0.12881451,0.16483454,1.00000000
1262.18100000,0.12847601,0.16472753,1.00000000
1262.66400000,0.12852241,0.16462059,1.00000000
1263.14600000,0.12831312,0.16451415,1.00000000
1263.62800000,0.12808857,0.16440801,1.00000000
1264.11000000,0.12777801,0.16430216,1.00000000
1264.59200000,0.12773439,0.16419660,1.00000000
1265.07400000,0.12733689,0.16409133,1.00000000
1265.55600000,0.12731137,0.16398636,1.00000000
1266.03800000,0.12701468,0.16388168,1.00000000
1266.52100000,0.12695774,0.16377708,1.00000000
1267.00300000,0.12680177,0.16367300,1.00000000
1267.48500000,0.12653655,0.16356921,1.00000000
1267.96700000,0.12626972,0.16346572,1.00000000
1268.44900000,0.12633795,0.16336254,1.00000000
1268.93100000,0.12609563,0.16325965,1.00000000
1269.41300000,0.12609066,0.16315707,1.00000000
1269.89500000,0.12604829,0.16305479,1.00000000
1270.37700000,0.12580528,0.16295282,1.00000000
1270.86000000,0.12560448,0.16285094,1.00000000
1271.34200000,0.12564684,0.16274958,1.00000000
1271.82400000,0.12540649,0.16264853,1.00000000
1272.30600000,0.12525704,0.16254779,1.00000000
1272.78800000,0.12514950,0.16244735,1.00000000
1273.27000000,0.12512099,0.16234723,1.00000000
1273.75200000,0.12503368,0.16224742,1.00000000
1274.23400000,0.12471672,0.16214792,1.00000000
1274.71700000,0.12457300,0.16204853,1.00000000
1275.19900000,0.12459615,0.16194966,1.00000000
1275.68100000,0.12424345,0.16185111,1.00000000
1276.16300000,0.12426978,0.16175287,1.00000000
1276.64500000,0.12427146,0.16165495,1.00000000
1277.12700000,0.12413520,0.16155735,1.00000000
1277.60900000,0.12402819,0.16146008,1.00000000
1278.09100000,0.12397181,0.16136312,1.00000000
1278.57300000,0.12392186,0.16126648,1.00000000
1279.05600000,0.12369249,0.16116997,1.00000000
1279.53800000,0.12378692,0.16107398,1.00000000
1280.02000000,0.12353843,0.16097832,1.00000000
1280.50200000,0.12346386,0.16088298,1.00000000
1280.98400000,0.12357311,0.16078797,1.00000000
1281.46600000,0.12360133,0.16069329,1.00000000
1281.94800000,0.12349961,0.16059893,1.00000000
1282.43000000,0.12345444,0.16050491,1.00000000
1282.91200000,0.12358508,0.16041122,1.00000000
1283.39500000,0.12353723,0.16031766,1.00000000
1283.87700000,0.12351716,0.16022464,1.00000000
1284.35900000,0.12344200,0.16013194,1.00000000
1284.84100000,0.12351937,0.16003958,1.00000000
1285.32300000,0.12363398,0.15994756,1.00000000
1285.80500000,0.12349992,0.15985588,1.00000000
1286.28700000,0.12349850,0.15976453,1.00000000
1286.76900000,0.12352150,0.15967352,1.00000000
1287.25100000,0.12357618,0.15958285,1.00000000
1287.73400000,0.12369155,0.15949234,1.00000000
1288.21600000,0.12351422,0.15940235,1.00000000
1288.69800000,0.12360344,0.15931271,1.00000000
1289.18000000,0.12339965,0.15922341,1.00000000
1289.66200000,0.12332405,0.15913445,1.00000000
1290.14400000,0.12347360,0.15904584,1.00000000
1290.62600000,0.12349385,0.15895758,1.00000000
1291.10800000,0.12320641,0.15886966,1.00000000
1291.59100000,0.12352661,0.15878192,1.00000000
1292.07300000,0.12341146,0.15869470,1.00000000
1292.55500000,0.12350227,0.15860783,1.00000000
1293.03700000,0.12343318,0.15852132,1.00000000
1293.51900000,0.12355247,0.15843515,1.00000000
1294.00100000,0.12368738,0.15834934,1.00000000
1294.48300000,0.12386710,0.15826389,1.00000000
1294.96500000,0.12373572,0.15817878,1.00000000
1295.44800000,0.12388210,0.15809386,1.00000000
1295.93000000,0.12388628,0.15800947,1.00000000
1296.41200000,0.12381489,0.15792544,1.00000000
1296.89400000,0.12389750,0.15784177,1.00000000
1297.37600000,0.12404287,0.15775846,1.00000000
1297.85800000,0.12409370,0.15767551,1.00000000
1298.34000000,0.12416439,0.15759292,1.00000000
1298.82200000,0.12411924,0.15751069,1.00000000
1299.30400000,0.12415665,0.15742883,1.00000000
1299.78700000,0.12422628,0.15734716,1.00000000
1300.26900000,0.12420405,0.15726602,1.00000000
1300.75100000,0.12440814,0.15718525,1.00000000
1301.23300000,0.12446598,0.15710485,1.00000000
1301.71500000,0.12436117,0.15702482,1.00000000
1302.19700000,0.12455985,0.15694515,1.00000000
1302.67900000,0.12479132,0.15686586,1.00000000
1303.16100000,0.12479074,0.15678693,1.00000000
1303.64400000,0.12486392,0.15670821,1.00000000
1304.12600000,0.12470307,0.15663003,1.00000000
1304.60800000,0.12490742,0.15655222,1.00000000
1305.09000000,0.12512142,0.15647479,1.00000000
1305.57200000,0.12522016,0.15639773,1.00000000
1306.05400000,0.12520991,0.15632105,1.00000000
1306.53600000,0.12507177,0.15624474,1.00000000
1307.01800000,0.12516460,0.15616881,1.00000000
1307.50000000,0.12530757,0.15609326,1.00000000
1307.98300000,0.12515419,0.15601793,1.00000000
1308.46500000,0.12526765,0.15594314,1.00000000
1308.94700000,0.12532523,0.15586873,1.00000000
1309.42900000,0.12549839,0.15579470,1.00000000
1309.91100000,0.12547462,0.15572105,1.00000000
1310.39300000,0.12582541,0.15564779,1.00000000
1310.87500000,0.12580909,0.15557491,1.00000000
1311.35700000,0.12603601,0.15550242,1.00000000
1311.83900000,0.12602324,0.15543031,1.00000000
1312.32200000,0.12633755,0.15535844,1.00000000
1312.80400000,0.12641328,0.15528711,1.00000000
1313.28600000,0.12647934,0.15521617,1.00000000
1313.76800000,0.12688506,0.15514561,1.00000000
1314.25000000,0.12695976,0.15507545,1.00000000
1314.73200000,0.12706473,0.15500567,1.00000000
1315.21400000,0.12707868,0.15493629,1.00000000
1315.69600000,0.12735617,0.15486730,1.00000000
1316.17800000,0.12771874,0.15479871,1.00000000
1316.66100000,0.12776371,0.15473037,1.00000000
1317.14300000,0.12792236,0.15466256,1.00000000
1317.62500000,0.12794877,0.15459515,1.00000000
1318.10700000,0.12813521,0.15452814,1.00000000
1318.58900000,0.12819626,0.15446152,1.00000000
1319.07100000,0.12830842,0.15439531,1.00000000
1319.55300000,0.12850250,0.15432949,1.00000000
1320.03500000,0.12849179,0.15426407,1.00000000
1320.51800000,0.12873816,0.15419892,1.00000000
1321.00000000,0.12880914,0.15413430,1.00000000
1321.48200000,0.12901626,0.15407009,1.00000000
1321.96400000,0.12908551,0.15400628,1.00000000
1322.44600000,0.12932048,0.15394287,1.00000000
1322.92800000,0.12941101,0.15387987,1.00000000
1323.41000000,0.12948449,0.15381728,1.00000000
1323.89200000,0.12977938,0.15375509,1.00000000
1324.37500000,0.13006843,0.15369317,1.00000000
1324.85700000,0.13037486,0.15363180,1.00000000
1325.33900000,0.13036881,0.15357083,1.00000000
1325.82100000,0.13090859,0.15351027,1.00000000
1326.30300000,0.13102779,0.15345013,1.00000000
1326.78500000,0.13125385,0.15339039,1.00000000
1327.26700000,0.13161940,0.15333106,1.00000000
1327.74900000,0.13179097,0.15327215,1.00000000
1328.23100000,0.13221437,0.15321365,1.00000000
1328.71400000,0.13222897,0.15315544,1.00000000
1329.19600000,0.13238847,0.15309777,1.00000000
1329.67800000,0.13270930,0.15304051,1.00000000
1330.16000000,0.13276155,0.15298367,1.00000000
1330.64200000,0.13326491,0.15292724,1.00000000
1331.12400000,0.13352744,0.15287124,1.00000000
1331.60600000,0.13365309,0.15281565,1.00000000
1332.08800000,0.13391552,0.15276047,1.00000000
1332.57100000,0.13413817,0.15270561,1.00000000
1333.05300000,0.13451305,0.15265128,1.00000000
1333.53500000,0.13480427,0.15259737,1.00000000
1334.01700000,0.13488639,0.15254388,1.00000000
1334.49900000,0.13518025,0.15249081,1.00000000
1334.98100000,0.13507312,0.15243817,1.00000000
1335.46300000,0.13554282,0.15238595,1.00000000
1335.94500000,0.13552068,0.15233415,1.00000000
1336.42700000,0.13575038,0.15228278,1.00000000
1336.91000000,0.13601509,0.15223173,1.00000000
1337.39200000,0.13615328,0.15218121,1.00000000
1337.87400000,0.13641642,0.15213112,1.00000000
1338.35600000,0.13665165,0.15208145,1.00000000
1338.83800000,0.13662950,0.15203221,1.00000000
1339.32000000,0.13695258,0.15198341,1.00000000
1339.80200000,0.13745772,0.15193503,1.00000000
1340.28400000,0.13744085,0.15188708,1.00000000
1340.76600000,0.13755992,0.15183957,1.00000000
1341.24900000,0.13789673,0.15179238,1.00000000
1341.73100000,0.13808507,0.15174573,1.00000000
1342.21300000,0.13840425,0.15169951,1.00000000
1342.69500000,0.13870661,0.15165373,1.00000000
1343.17700000,0.13894719,0.15160837,1.00000000
1343.65900000,0.13932159,0.15156346,1.00000000
1344.14100000,0.13946397,0.15151898,1.00000000
1344.62300000,0.13964287,0.15147493,1.00000000
1345.10500000,0.14003480,0.15143132,1.00000000
1345.58800000,0.14048670,0.15138806,1.00000000
1346.07000000,0.14070498,0.15134533,1.00000000
1346.55200000,0.14096209,0.15130303,1.00000000
1347.03400000,0.14138112,0.15126118,1.00000000
1347.51600000,0.14179649,0.15121976,1.00000000
1347.99800000,0.14194045,0.15117878,1.00000000
1348.48000000,0.14231028,0.15113825,1.00000000
1348.96200000,0.14274579,0.15109815,1.00000000
1349.44500000,0.14314831,0.15105842,1.00000000
1349.92700000,0.14332279,0.15101921,1.00000000
1350.40900000,0.14400027,0.15098045,1.00000000
1350.89100000,0.14403497,0.15094213,1.00000000
1351.37300000,0.14439009,0.15090425,1.00000000
1351.85500000,0.14498019,0.15086682,1.00000000
1352.33700000,0.14511098,0.15082983,1.00000000
1352.81900000,0.14565496,0.15079329,1.00000000
1353.30200000,0.14571940,0.15075712,1.00000000
1353.78400000,0.14596947,0.15072147,1.00000000
1354.26600000,0.14630423,0.15068627,1.00000000
1354.74800000,0.14670697,0.15065152,1.00000000
1355.23000000,0.14671767,0.15061722,1.00000000
1355.71200000,0.14711933,0.15058337,1.00000000
1356.19400000,0.14734679,0.15054997,1.00000000
1356.67600000,0.14759723,0.15051702,1.00000000
1357.15800000,0.14803783,0.15048451,1.00000000
1357.64100000,0.14828395,0.15045240,1.00000000
1358.12300000,0.14864445,0.15042080,1.00000000
1358.60500000,0.14887005,0.15038966,1.00000000
1359.08700000,0.14923898,0.15035897,1.00000000
1359.56900000,0.14947362,0.15032873,1.00000000
1360.05100000,0.14975488,0.15029894,1.00000000
1360.53300000,0.15015841,0.15026961,1.00000000
1361.01500000,0.15064468,0.15024074,1.00000000
1361.49800000,0.15080090,0.15021226,1.00000000
1361.98000000,0.15101354,0.15018430,1.00000000
1362.46200000,0.15140118,0.15015679,1.00000000
1362.94400000,0.15168858,0.15012974,1.00000000
1363.42600000,0.15204400,0.15010315,1.00000000
1363.90800000,0.15241250,0.15007702,1.00000000
1364.39000000,0.15257378,0.15005134,1.00000000
1364.87200000,0.15284045,0.15002612,1.00000000
1365.35400000,0.15327380,0.15000137,1.00000000
1365.83700000,0.15334546,0.14997702,1.00000000
1366.31900000,0.15368709,0.14995318,1.00000000
1366.80100000,0.15378997,0.14992980,1.00000000
1367.28300000,0.15415086,0.14990689,1.00000000
1367.76500000,0.15435102,0.14988444,1.00000000
1368.24700000,0.15450179,0.14986244,1.00000000
1368.72900000,0.15491122,0.14984091,1.00000000
1369.21100000,0.15497890,0.14981985,1.00000000
1369.69300000,0.15522422,0.14979924,1.00000000
1370.17600000,0.15561685,0.14977906,1.00000000
1370.65800000,0.15580108,0.14975939,1.00000000
1371.14000000,0.15584405,0.14974018,1.00000000
1371.62200000,0.15602006,0.14972143,1.00000000
1372.10400000,0.15633947,0.14970315,1.00000000
1372.58600000,0.15656318,0.14968534,1.00000000
1373.06800000,0.15695976,0.14966799,1.00000000
1373.55000000,0.15720047,0.14965111,1.00000000
1374.03200000,0.15729605,0.14963469,1.00000000
1374.51500000,0.15762748,0.14961871,1.00000000
1374.99700000,0.15772654,0.14960323,1.00000000
1375.47900000,0.15806878,0.14958822,1.00000000
1375.96100000,0.15839290,0.14957368,1.00000000
1376.44300000,0.15877557,0.14955960,1.00000000
1376.92500000,0.15891847,0.14954600,1.00000000
1377.40700000,0.15900019,0.14953286,1.00000000
1377.88900000,0.15912711,0.14952019,1.00000000
1378.37200000,0.15936796,0.14950797,1.00000000
1378.85400000,0.15976963,0.14949625,1.00000000
1379.33600000,0.15975091,0.14948499,1.00000000
1379.81800000,0.16008647,0.14947421,1.00000000
1380.30000000,0.16037817,0.14946390,1.00000000
1380.78200000,0.16030043,0.14945406,1.00000000
1381.26400000,0.16063414,0.14944469,1.00000000
1381.74600000,0.16068148,0.14943580,1.00000000
1382.22900000,0.16087395,0.14942736,1.00000000
1382.71100000,0.16101171,0.14941941,1.00000000
1383.19300000,0.16115056,0.14941194,1.00000000
1383.67500000,0.16134926,0.14940494,1.00000000
1384.15700000,0.16143264,0.14939841,1.00000000
1384.63900000,0.16146269,0.14939236,1.00000000
1385.12100000,0.16170783,0.14938678,1.00000000
1385.60300000,0.16184119,0.14938167,1.00000000
1386.08500000,0.16180239,0.14937705,1.00000000
1386.56800000,0.16218147,0.14937289,1.00000000
1387.05000000,0.16199192,0.14936921,1.00000000
1387.53200000,0.16231268,0.14936601,1.00000000
1388.01400000,0.16219799,0.14936328,1.00000000
1388.49600000,0.16251826,0.14936104,1.00000000
1388.97800000,0.16254013,0.14935927,1.00000000
1389.46000000,0.16271171,0.14935797,1.00000000
1389.94200000,0.16268961,0.14935716,1.00000000
1390.42500000,0.16282787,0.14935682,1.00000000
1390.90700000,0.16298076,0.14935696,1.00000000
1391.38900000,0.16286822,0.14935757,1.00000000
1391.87100000,0.16306530,0.14935867,1.00000000
1392.35300000,0.16301963,0.14936024,1.00000000
1392.83500000,0.16315605,0.14936230,1.00000000
1393.31700000,0.16317344,0.14936483,1.00000000
1393.79900000,0.16326160,0.14936784,1.00000000
1394.28100000,0.16336801,0.14937133,1.00000000
1394.76400000,0.16347011,0.14937531,1.00000000
1395.24600000,0.16349389,0.14937976,1.00000000
1395.72800000,0.16359244,0.14938468,1.00000000
1396.21000000,0.16354399,0.14939009,1.00000000
1396.69200000,0.16377385,0.14939598,1.00000000
1397.17400000,0.16367456,0.14940235,1.00000000
1397.65600000,0.16366206,0.14940920,1.00000000
1398.13800000,0.16364240,0.14941654,1.00000000
1398.62000000,0.16369274,0.14942435,1.00000000
1399.10300000,0.16370179,0.14943266,1.00000000
1399.58500000,0.16361803,0.14944143,1.00000000
1400.06700000,0.16371465,0.14945069,1.00000000
1400.54900000,0.16375261,0.14946043,1.00000000
1401.03100000,0.16377710,0.14947065,1.00000000
1401.51300000,0.16376760,0.14948135,1.00000000
1401.99500000,0.16384344,0.14949253,1.00000000
1402.47700000,0.16394150,0.14950420,1.00000000
1402.95900000,0.16403680,0.14951635,1.00000000
1403.44200000,0.16394590,0.14952900,1.00000000
1403.92400000,0.16397658,0.14954212,1.00000000
1404.40600000,0.16399482,0.14955571,1.00000000
1404.88800000,0.16414841,0.14956979,1.00000000
1405.37000000,0.16403051,0.14958435,1.00000000
1405.85200000,0.16392231,0.14959939,1.00000000
1406.33400000,0.16392867,0.14961492,1.00000000
1406.81600000,0.16397943,0.14963093,1.00000000
1407.29900000,0.16415771,0.14964746,1.00000000
1407.78100000,0.16414227,0.14966443,1.00000000
1408.26300000,0.16400049,0.14968189,1.00000000
1408.74500000,0.16408293,0.14969984,1.00000000
1409.22700000,0.16409954,0.14971826,1.00000000
1409.70900000,0.16398591,0.14973717,1.00000000
1410.19100000,0.16416884,0.14975657,1.00000000
1410.67300000,0.16407836,0.14977644,1.00000000
1411.15600000,0.16415800,0.14979685,1.00000000
1411.63800000,0.16387664,0.14981769,1.00000000
1412.12000000,0.16406445,0.14983902,1.00000000
1412.60200000,0.16402782,0.14986083,1.00000000
1413.08400000,0.16398296,0.14988313,1.00000000
1413.56600000,0.16400729,0.14990591,1.00000000
1414.04800000,0.16417377,0.14992917,1.00000000
1414.53000000,0.16360718,0.14995292,1.00000000
1415.01200000,0.16397203,0.14997715,1.00000000
1415.49500000,0.16410283,0.15000191,1.00000000
1415.97700000,0.16389258,0.15002711,1.00000000
1416.45900000,0.16424345,0.15005279,1.00000000
1416.94100000,0.16386407,0.15007896,1.00000000
1417.42300000,0.16377430,0.15010561,1.00000000
1417.90500000,0.16362295,0.15013274,1.00000000
1418.38700000,0.16352049,0.15016036,1.00000000
1418.86900000,0.16343956,0.15018846,1.00000000
1419.35200000,0.16339160,0.15021710,1.00000000
1419.83400000,0.16319688,0.15024617,1.00000000
1420.31600000,0.16274675,0.15027572,1.00000000
1420.79800000,0.16297949,0.15030576,1.00000000
1421.28000000,0.16289014,0.15033628,1.00000000
1421.76200000,0.16274631,0.15036728,1.00000000
1422.24400000,0.16271321,0.15039877,1.00000000
1422.72600000,0.16284521,0.15043073,1.00000000
1423.20800000,0.16255085,0.15046319,1.00000000
1423.69000000,0.16261127,0.15049612,1.00000000
1424.17300000,0.16235754,0.15052961,1.00000000
1424.65500000,0.16222315,0.15056351,1.00000000
1425.13700000,0.16235848,0.15059789,1.00000000
1425.61900000,0.16229781,0.15063276,1.00000000
1426.10100000,0.16218296,0.15066811,1.00000000
1426.58300000,0.16214393,0.15070394,1.00000000
1427.06500000,0.16197580,0.15074025,1.00000000
1427.54700000,0.16172548,0.15077705,1.00000000
1428.03000000,0.16175763,0.15081441,1.00000000
1428.51200000,0.16176664,0.15085217,1.00000000
1428.99400000,0.16142898,0.15089041,1.00000000
1429.47600000,0.16124744,0.15092913,1.00000000
1429.95800000,0.16126312,0.15096834,1.00000000
1430.44000000,0.16103532,0.15100803,1.00000000
1430.92200000,0.16092327,0.15104820,1.00000000
1431.40400000,0.16098763,0.15108884,1.00000000
1431.88600000,0.16078350,0.15112997,1.00000000
1432.36900000,0.16077974,0.15117167,1.00000000
1432.85100000,0.16070693,0.15121377,1.00000000
1433.33300000,0.16059686,0.15125634,1.00000000
1433.81500000,0.16048535,0.15129939,1.00000000
1434.29700000,0.16021428,0.15134292,1.00000000
1434.77900000,0.16023304,0.15138694,1.00000000
1435.26100000,0.16013196,0.15143143,1.00000000
1435.74300000,0.15982440,0.15147640,1.00000000
1436.22600000,0.15939565,0.15152195,1.00000000
1436.70800000,0.15939992,0.15156788,1.00000000
1437.19000000,0.15927935,0.15161429,1.00000000
1437.67200000,0.15888630,0.15166118,1.00000000
1438.15400000,0.15878360,0.15170854,1.00000000
1438.63600000,0.15867691,0.15175639,1.00000000
1439.11800000,0.15869751,0.15180471,1.00000000
1439.60000000,0.15865429,0.15185351,1.00000000
1440.08300000,0.15845779,0.15190289,1.00000000
1440.56500000,0.15830116,0.15195265,1.00000000
1441.04700000,0.15813563,0.15200288,1.00000000
1441.52900000,0.15806814,0.15205359,1.00000000
1442.01100000,0.15797892,0.15210477,1.00000000
1442.49300000,0.15783776,0.15215644,1.00000000
1442.97500000,0.15786618,0.15220857,1.00000000
1443.45700000,0.15784154,0.15226119,1.00000000
1443.93900000,0.15758209,0.15231427,1.00000000
1444.42200000,0.15754769,0.15236795,1.00000000
1444.90400000,0.15756482,0.15242199,1.00000000
1445.38600000,0.15741978,0.15247650,1.00000000
1445.86800000,0.15694023,0.15253149,1.00000000
1446.35000000,0.15703244,0.15258695,1.00000000
1446.83200000,0.15687523,0.15264288,1.00000000
1447.31400000,0.15664450,0.15269929,1.00000000
1447.79600000,0.15641471,0.15275617,1.00000000
1448.27900000,0.15629493,0.15281364,1.00000000
1448.76000000,0.15615757,0.15287134,1.00000000
1449.24300000,0.15586401,0.15292976,1.00000000
1449.72500000,0.15586140,0.15298853,1.00000000
1450.20700000,0.15577342,0.15304777,1.00000000
1450.68900000,0.15566228,0.15310748,1.00000000
1451.17100000,0.15547075,0.15316766,1.00000000
1451.65300000,0.15524740,0.15322831,1.00000000
1452.13500000,0.15533613,0.15328943,1.00000000
1452.61700000,0.15518568,0.15335101,1.00000000
1453.10000000,0.15526079,0.15341320,1.00000000
1453.58200000,0.15505066,0.15347573,1.00000000
1454.06400000,0.15511218,0.15353872,1.00000000
1454.54600000,0.15492548,0.15360219,1.00000000
1455.02800000,0.15469088,0.15366612,1.00000000
1455.51000000,0.15451342,0.15373051,1.00000000
1455.99200000,0.15416796,0.15379538,1.00000000
1456.47400000,0.15388745,0.15386070,1.00000000
1456.95700000,0.15345722,0.15392664,1.00000000
1457.43900000,0.15298181,0.15399290,1.00000000
1457.92100000,0.15270976,0.15405962,1.00000000
1458.40300000,0.15223249,0.15412681,1.00000000
1458.88500000,0.15204689,0.15419447,1.00000000
1459.36700000,0.15177184,0.15426258,1.00000000
1459.84900000,0.15188480,0.15433116,1.00000000
1460.33100000,0.15194678,0.15440020,1.00000000
1460.81300000,0.15172802,0.15446971,1.00000000
1461.29600000,0.15192916,0.15453982,1.00000000
1461.77800000,0.15199107,0.15461025,1.00000000
1462.26000000,0.15196861,0.15468114,1.00000000
1462.74200000,0.15192433,0.15475249,1.00000000
1463.22400000,0.15185968,0.15482429,1.00000000
1463.70600000,0.15165660,0.15489656,1.00000000
1464.18800000,0.15132046,0.15496929,1.00000000
1464.67000000,0.15106189,0.15504247,1.00000000
1465.15300000,0.15126560,0.15511627,1.00000000
1465.63500000,0.15102231,0.15519037,1.00000000
1466.11700000,0.15070198,0.15526492,1.00000000
1466.59900000,0.15087163,0.15533994,1.00000000
1467.08100000,0.15045926,0.15541540,1.00000000
1467.56300000,0.15052655,0.15549133,1.00000000
1468.04500000,0.15064460,0.15556771,1.00000000
1468.52700000,0.15039636,0.15564454,1.00000000
1469.01000000,0.15026003,0.15572198,1.00000000
1469.49200000,0.15034378,0.15579972,1.00000000
1469.97400000,0.15039102,0.15587791,1.00000000
1470.45600000,0.15025351,0.15595656,1.00000000
1470.93800000,0.15019008,0.15603565,1.00000000
1471.42000000,0.15016561,0.15611520,1.00000000
1471.90200000,0.14977210,0.15619519,1.00000000
1472.38400000,0.14967807,0.15627563,1.00000000
1472.86600000,0.14928902,0.15635653,1.00000000
1473.34900000,0.14929176,0.15643804,1.00000000
1473.83100000,0.14919580,0.15651983,1.00000000
1474.31300000,0.14912236,0.15660206,1.00000000
1474.79500000,0.14888591,0.15668475,1.00000000
1475.27700000,0.14852516,0.15676788,1.00000000
1475.75900000,0.14859247,0.15685145,1.00000000
1476.24100000,0.14849125,0.15693547,1.00000000
1476.72300000,0.14847428,0.15701993,1.00000000
1477.20600000,0.14839751,0.15710502,1.00000000
1477.68800000,0.14821564,0.15719037,1.00000000
1478.17000000,0.14837111,0.15727616,1.00000000
1478.65200000,0.14829047,0.15736239,1.00000000
1479.13400000,0.14823235,0.15744907,1.00000000
1479.61600000,0.14807205,0.15753618,1.00000000
1480.09800000,0.14810971,0.15762373,1.00000000
1480.58000000,0.14816499,0.15771173,1.00000000
1481.06200000,0.14826858,0.15780016,1.00000000
1481.54400000,0.14801829,0.15788903,1.00000000
1482.02700000,0.14804629,0.15797852,1.00000000
1482.50900000,0.14799177,0.15806826,1.00000000
1482.99100000,0.14798079,0.15815844,1.00000000
1483.47300000,0.14804326,0.15824905,1.00000000
1483.95500000,0.14796112,0.15834009,1.00000000
1484.43700000,0.14785923,0.15843157,1.00000000
1484.91900000,0.14795879,0.15852349,1.00000000
1485.40100000,0.14795343,0.15861583,1.00000000
1485.88400000,0.14809030,0.15870880,1.00000000
1486.36600000,0.14800696,0.15880200,1.00000000
1486.84800000,0.14788521,0.15889564,1.00000000
1487.33000000,0.14799684,0.15898970,1.00000000
1487.81200000,0.14791540,0.15908420,1.00000000
1488.29400000,0.14781043,0.15917912,1.00000000
1488.77600000,0.14799155,0.15927446,1.00000000
1489.25800000,0.14780936,0.15937024,1.00000000
1489.74000000,0.14795065,0.15946643,1.00000000
1490.22300000,0.14773907,0.15956326,1.00000000
1490.70500000,0.14811318,0.15966030,1.00000000
1491.18700000,0.14774549,0.15975777,1.00000000
1491.66900000,0.14794689,0.15985567,1.00000000
1492.15100000,0.14817940,0.15995398,1.00000000
1492.63300000,0.14831959,0.16005271,1.00000000
1493.11500000,0.14818259,0.16015187,1.00000000
1493.59700000,0.14847644,0.16025144,1.00000000
1494.08000000,0.14846259,0.16035164,1.00000000
1494.56200000,0.14857539,0.16045204,1.00000000
1495.04400000,0.14863518,0.16055287,1.00000000
1495.52600000,0.14884294,0.16065411,1.00000000
1496.00800000,0.14884965,0.16075577,1.00000000
1496.49000000,0.14912726,0.16085784,1.00000000
1496.97200000,0.14930128,0.16096032,1.00000000
1497.45400000,0.14940363,0.16106321,1.00000000
1497.93700000,0.14953435,0.16116673,1.00000000
1498.41900000,0.14961776,0.16127045,1.00000000
1498.90100000,0.14999029,0.16137458,1.00000000
1499.38300000,0.15002542,0.16147912,1.00000000
1499.86500000,0.15013382,0.16158406,1.00000000
1500.34700000,0.15041082,0.16168941,1.00000000
1500.82900000,0.15046916,0.16179517,1.00000000
1501.31100000,0.15049146,0.16190134,1.00000000
1501.79300000,0.15049338,0.16200791,1.00000000
1502.27600000,0.15078494,0.16211510,1.00000000
1502.75800000,0.15105636,0.16222248,1.00000000
1503.24000000,0.15093721,0.16233025,1.00000000
1503.72200000,0.15102501,0.16243843,1.00000000
1504.20400000,0.15125691,0.16254701,1.00000000
1504.68600000,0.15138022,0.16265599,1.00000000
1505.16800000,0.15159095,0.16276536,1.00000000
1505.65000000,0.15196782,0.16287514,1.00000000
1506.13300000,0.15219759,0.16298554,1.00000000
1506.61500000,0.15250160,0.16309610,1.00000000
1507.09700000,0.15303294,0.16320706,1.00000000
1507.57900000,0.15340651,0.16331842,1.00000000
1508.06100000,0.15345986,0.16343016,1.00000000
1508.54300000,0.15379242,0.16354230,1.00000000
1509.02500000,0.15371620,0.16365483,1.00000000
1509.50700000,0.15358121,0.16376775,1.00000000
1509.99000000,0.15362116,0.16388130,1.00000000
1510.47100000,0.15370726,0.16399476,1.00000000
1510.95400000,0.15382567,0.16410908,1.00000000
1511.43600000,0.15367551,0.16422355,1.00000000
1511.91800000,0.15399921,0.16433840,1.00000000
1512.40000000,0.15403522,0.16445364,1.00000000
1512.88200000,0.15417230,0.16456926,1.00000000
1513.36400000,0.15415774,0.16468526,1.00000000
1513.84600000,0.15399547,0.16480165,1.00000000
1514.32800000,0.15436478,0.16491841,1.00000000
1514.81100000,0.15419845,0.16503580,1.00000000
1515.29300000,0.15446783,0.16515332,1.00000000
1515.77500000,0.15454820,0.16527122,1.00000000
1516.25700000,0.15456113,0.16538949,1.00000000
1516.73900000,0.15493177,0.16550814,1.00000000
1517.22100000,0.15492244,0.16562717,1.00000000
1517.70300000,0.15491303,0.16574656,1.00000000
1518.18500000,0.15534367,0.16586633,1.00000000
1518.66700000,0.15546103,0.16598647,1.00000000
1519.15000000,0.15569151,0.16610723,1.00000000
1519.63200000,0.15592578,0.16622811,1.00000000
1520.11400000,0.15606119,0.16634935,1.00000000
1520.59600000,0.15629604,0.16647096,1.00000000
1521.07800000,0.15663243,0.16659294,1.00000000
1521.56000000,0.15683244,0.16671528,1.00000000
1522.04200000,0.15710819,0.16683799,1.00000000
1522.52400000,0.15727593,0.16696105,1.00000000
1523.00700000,0.15745887,0.16708474,1.00000000
1523.48900000,0.15732711,0.16720852,1.00000000
1523.97100000,0.15745167,0.16733267,1.00000000
1524.45300000,0.15735294,0.16745718,1.00000000
1524.93500000,0.15722351,0.16758204,1.00000000
1525.41700000,0.15712466,0.16770725,1.00000000
1525.89900000,0.15707747,0.16783283,1.00000000
1526.38100000,0.15698603,0.16795875,1.00000000
1526.86400000,0.15687223,0.16808529,1.00000000
1527.34600000,0.15672342,0.16821192,1.00000000
1527.82800000,0.15700731,0.16833890,1.00000000
1528.31000000,0.15692712,0.16846623,1.00000000
1528.79200000,0.15698249,0.16859390,1.00000000
1529.27400000,0.15716353,0.16872192,1.00000000
1529.75600000,0.15732270,0.16885029,1.00000000
1530.23800000,0.15756715,0.16897900,1.00000000
1530.72000000,0.15758821,0.16910805,1.00000000
1531.20300000,0.15764483,0.16923772,1.00000000
1531.68500000,0.15759290,0.16936746,1.00000000
1532.16700000,0.15821060,0.16949753,1.00000000
1532.64900000,0.15847553,0.16962795,1.00000000
1533.13100000,0.15844613,0.16975870,1.00000000
1533.61300000,0.15881768,0.16988979,1.00000000
1534.09500000,0.15892158,0.17002121,1.00000000
1534.57700000,0.15911269,0.17015297,1.00000000
1535.06000000,0.15923166,0.17028533,1.00000000
1535.54200000,0.15929492,0.17041775,1.00000000
1536.02400000,0.15954646,0.17055050,1.00000000
1536.50600000,0.15951828,0.17068358,1.00000000
1536.98800000,0.15949652,0.17081699,1.00000000
1537.47000000,0.15951947,0.17095072,1.00000000
1537.95200000,0.15988130,0.17108478,1.00000000
1538.43400000,0.15984981,0.17121917,1.00000000
1538.91700000,0.16011780,0.17135415,1.00000000
1539.39800000,0.16023966,0.17148890,1.00000000
1539.88100000,0.16031622,0.17162452,1.00000000
1540.36300000,0.16020393,0.17176019,1.00000000
1540.84500000,0.16031482,0.17189617,1.00000000
1541.32700000,0.16039594,0.17203247,1.00000000
1541.80900000,0.16035359,0.17216909,1.00000000
1542.29100000,0.16015263,0.17230602,1.00000000
1542.77300000,0.16026068,0.17244326,1.00000000
1543.25500000,0.16029566,0.17258081,1.00000000
1543.73800000,0.16009911,0.17271896,1.00000000
1544.22000000,0.16035941,0.17285713,1.00000000
1544.70200000,0.16044003,0.17299561,1.00000000
1545.18400000,0.16029065,0.17313440,1.00000000
1545.66600000,0.16037443,0.17327349,1.00000000
1546.14800000,0.16036330,0.17341289,1.00000000
1546.63000000,0.16038211,0.17355258,1.00000000
1547.11200000,0.16040110,0.17369258,1.00000000
1547.59400000,0.16022060,0.17383288,1.00000000
1548.07700000,0.16028853,0.17397377,1.00000000
1548.55900000,0.16018857,0.17411466,1.00000000
1549.04100000,0.16035401,0.17425585,1.00000000
1549.52300000,0.16029416,0.17439733,1.00000000
1550.00500000,0.16025087,0.17453911,1.00000000
1550.48700000,0.16013056,0.17468118,1.00000000
1550.96900000,0.16011419,0.17482354,1.00000000
1551.45100000,0.15994372,0.17496618,1.00000000
1551.93400000,0.16009048,0.17510942,1.00000000
1552.41600000,0.15997679,0.17525264,1.00000000
1552.89800000,0.16004243,0.17539615,1.00000000
1553.38000000,0.16010615,0.17553994,1.00000000
1553.86200000,0.16010669,0.17568401,1.00000000
1554.34400000,0.16017407,0.17582836,1.00000000
1554.82600000,0.16023920,0.17597300,1.00000000
1555.30800000,0.16025697,0.17611791,1.00000000
1555.79100000,0.16031862,0.17626340,1.00000000
1556.27300000,0.16039754,0.17640887,1.00000000
1556.75500000,0.16028591,0.17655460,1.00000000
1557.23700000,0.16030144,0.17670062,1.00000000
1557.71900000,0.16018767,0.17684690,1.00000000
1558.20100000,0.16026144,0.17699345,1.00000000
1558.68300000,0.16005987,0.17714027,1.00000000
1559.16500000,0.15988330,0.17728736,1.00000000
1559.64700000,0.16003640,0.17743471,1.00000000
1560.13000000,0.16008261,0.17758264,1.00000000
1560.61200000,0.16038532,0.17773052,1.00000000
1561.09400000,0.16050706,0.17787866,1.00000000
1561.57600000,0.16074435,0.17802707,1.00000000
1562.05800000,0.16079098,0.17817573,1.00000000
1562.54000000,0.16093263,0.17832465,1.00000000
1563.02200000,0.16123640,0.17847382,1.00000000
1563.50400000,0.16147797,0.17862325,1.00000000
1563.98700000,0.16127430,0.17877324,1.00000000
1564.46900000,0.16151712,0.17892317,1.00000000
1564.95100000,0.16171588,0.17907335,1.00000000
1565.43300000,0.16156612,0.17922379,1.00000000
1565.91500000,0.16202344,0.17937446,1.00000000
1566.39700000,0.16200404,0.17952539,1.00000000
1566.87900000,0.16234854,0.17967655,1.00000000
1567.36100000,0.16254727,0.17982797,1.00000000
1567.84400000,0.16263971,0.17997993,1.00000000
1568.32500000,0.16278008,0.18013151,1.00000000
1568.80800000,0.16309159,0.18028395,1.00000000
1569.29000000,0.16332791,0.18043632,1.00000000
1569.77200000,0.16345159,0.18058892,1.00000000
1570.25400000,0.16376754,0.18074176,1.00000000
1570.73600000,0.16399901,0.18089482,1.00000000
1571.21800000,0.16435345,0.18104812,1.00000000
1571.70000000,0.16453831,0.18120165,1.00000000
1572.18200000,0.16473266,0.18135540,1.00000000
1572.66500000,0.16511394,0.18150971,1.00000000
1573.14700000,0.16502352,0.18166391,1.00000000
1573.62900000,0.16533857,0.18181834,1.00000000
1574.11100000,0.16549637,0.18197299,1.00000000
1574.59300000,0.16569153,0.18212786,1.00000000
1575.07500000,0.16585711,0.18228295,1.00000000
1575.55700000,0.16619064,0.18243826,1.00000000
1576.03900000,0.16640616,0.18259378,1.00000000
1576.52100000,0.16690461,0.18274952,1.00000000
1577.00400000,0.16730938,0.18290579,1.00000000
1577.48600000,0.16732850,0.18306196,1.00000000
1577.96800000,0.16780267,0.18321833,1.00000000
1578.45000000,0.16786705,0.18337490,1.00000000
1578.93200000,0.16814306,0.18353169,1.00000000
1579.41400000,0.16832054,0.18368868,1.00000000
1579.89600000,0.16836686,0.18384587,1.00000000
1580.37800000,0.16875087,0.18400326,1.00000000
1580.86100000,0.16873312,0.18416118,1.00000000
1581.34300000,0.16881933,0.18431898,1.00000000
1581.82500000,0.16902684,0.18447697,1.00000000
1582.30700000,0.16914942,0.18463515,1.00000000
1582.78900000,0.16949578,0.18479353,1.00000000
1583.27100000,0.16961735,0.18495210,1.00000000
1583.75300000,0.16976487,0.18511086,1.00000000
1584.23500000,0.16995113,0.18526982,1.00000000
1584.71800000,0.17023314,0.18542928,1.00000000
1585.20000000,0.17033806,0.18558861,1.00000000
1585.68200000,0.17067025,0.18574812,1.00000000
1586.16400000,0.17075015,0.18590781,1.00000000
1586.64600000,0.17112198,0.18606768,1.00000000
1587.12800000,0.17132497,0.18622773,1.00000000
1587.61000000,0.17145909,0.18638796,1.00000000
1588.09200000,0.17159778,0.18654837,1.00000000
1588.57400000,0.17175952,0.18670895,1.00000000
1589.05700000,0.17203601,0.18687004,1.00000000
1589.53900000,0.17206313,0.18703096,1.00000000
1590.02100000,0.17220843,0.18719206,1.00000000
1590.50300000,0.17253060,0.18735332,1.00000000
1590.98500000,0.17272718,0.18751475,1.00000000
1591.46700000,0.17271220,0.18767635,1.00000000
1591.94900000,0.17276406,0.18783811,1.00000000
1592.43100000,0.17297740,0.18800003,1.00000000
1592.91400000,0.17285671,0.18816244,1.00000000
1593.39600000,0.17298852,0.18832468,1.00000000
1593.87800000,0.17311194,0.18848707,1.00000000
1594.36000000,0.17304722,0.18864962,1.00000000
1594.84200000,0.17315087,0.18881233,1.00000000
1595.32400000,0.17309777,0.18897518,1.00000000
1595.80600000,0.17326269,0.18913819,1.00000000
1596.28800000,0.17313183,0.18930134,1.00000000
1596.77100000,0.17320898,0.18946498,1.00000000
1597.25200000,0.17346101,0.18962809,1.00000000
1597.73500000,0.17339087,0.18979202,1.00000000
1598.21700000,0.17344925,0.18995575,1.00000000
1598.69900000,0.17350821,0.19011962,1.00000000
1599.18100000,0.17363811,0.19028363,1.00000000
1599.66300000,0.17360829,0.19044778,1.00000000
1600.14500000,0.17355664,0.19061206,1.00000000
1600.62700000,0.17373367,0.19077647,1.00000000
1601.10900000,0.17371779,0.19094102,1.00000000
1601.59200000,0.17391489,0.19110604,1.00000000
1602.07400000,0.17388545,0.19127084,1.00000000
1602.55600000,0.17424978,0.19143577,1.00000000
1603.03800000,0.17407457,0.19160083,1.00000000
1603.52000000,0.17407731,0.19176601,1.00000000
1604.00200000,0.17411004,0.19193131,1.00000000
1604.48400000,0.17410440,0.19209673,1.00000000
1604.96600000,0.17424069,0.19226227,1.00000000
1605.44800000,0.17413569,0.19242793,1.00000000
1605.93100000,0.17422359,0.19259404,1.00000000
1606.41300000,0.17428456,0.19275992,1.00000000
1606.89500000,0.17425257,0.19292592,1.00000000
1607.37700000,0.17455052,0.19309202,1.00000000
1607.85900000,0.17431699,0.19325824,1.00000000
1608.34100000,0.17432197,0.19342455,1.00000000
1608.82300000,0.17434625,0.19359098,1.00000000
1609.30500000,0.17419528,0.19375750,1.00000000
1609.78800000,0.17396173,0.19392447,1.00000000
1610.27000000,0.17405855,0.19409120,1.00000000
1610.75200000,0.17418043,0.19425802,1.00000000
1611.23400000,0.17413107,0.19442494,1.00000000
1611.71600000,0.17414697,0.19459195,1.00000000
1612.19800000,0.17399981,0.19475906,1.00000000
1612.68000000,0.17404137,0.19492625,1.00000000
1613.16200000,0.17400073,0.19509354,1.00000000
1613.64500000,0.17403980,0.19526126,1.00000000
1614.12700000,0.17405951,0.19542871,1.00000000
1614.60900000,0.17391987,0.19559625,1.00000000
1615.09100000,0.17391993,0.19576388,1.00000000
1615.57300000,0.17395400,0.19593158,1.00000000
1616.05500000,0.17399511,0.19609936,1.00000000
1616.53700000,0.17399470,0.19626721,1.00000000
1617.01900000,0.17352921,0.19643514,1.00000000
1617.50100000,0.17364509,0.19660315,1.00000000
1617.98400000,0.17356539,0.19677157,1.00000000
1618.46600000,0.17332576,0.19693972,1.00000000
1618.94800000,0.17354364,0.19710793,1.00000000
1619.43000000,0.17349736,0.19727621,1.00000000
1619.91200000,0.17340893,0.19744455,1.00000000
1620.39400000,0.17313716,0.19761296,1.00000000
1620.87600000,0.17326153,0.19778142,1.00000000
1621.35800000,0.17341121,0.19794995,1.00000000
1621.84100000,0.17335526,0.19811888,1.00000000
1622.32300000,0.17326324,0.19828751,1.00000000
1622.80500000,0.17321996,0.19845620,1.00000000
1623.28700000,0.17314784,0.19862494,1.00000000
1623.76900000,0.17308025,0.19879374,1.00000000
1624.25100000,0.17307634,0.19896258,1.00000000
1624.73300000,0.17314456,0.19913146,1.00000000
1625.21500000,0.17314318,0.19930039,1.00000000
1625.69800000,0.17301812,0.19946971,1.00000000
1626.17900000,0.17291906,0.19963838,1.00000000
1626.66200000,0.17309815,0.19980778,1.00000000
1627.14400000,0.17299467,0.19997687,1.00000000
1627.62600000,0.17298002,0.20014600,1.00000000
1628.10800000,0.17301888,0.20031516,1.00000000
1628.59000000,0.17291846,0.20048435,1.00000000
1629.07200000,0.17280543,0.20065357,1.00000000
1629.55400000,0.17298273,0.20082282,1.00000000
1630.03600000,0.17300415,0.20099209,1.00000000
1630.51900000,0.17302555,0.20116175,1.00000000
1631.00100000,0.17320333,0.20133107,1.00000000
1631.48300000,0.17300277,0.20150041,1.00000000
1631.96500000,0.17313669,0.20166978,1.00000000
1632.44700000,0.17336933,0.20183916,1.00000000
1632.92900000,0.17337325,0.20200856,1.00000000
1633.41100000,0.17344620,0.20217797,1.00000000
1633.89300000,0.17349103,0.20234739,1.00000000
1634.37500000,0.17358450,0.20251682,1.00000000
1634.85800000,0.17372290,0.20268661,1.00000000
1635.34000000,0.17355947,0.20285606,1.00000000
1635.82200000,0.17348032,0.20302551,1.00000000
1636.30400000,0.17363883,0.20319497,1.00000000
1636.78600000,0.17354296,0.20336442,1.00000000
1637.26800000,0.17330633,0.20353388,1.00000000
1637.75000000,0.17332792,0.20370333,1.00000000
1638.23200000,0.17328034,0.20387278,1.00000000
1638.71500000,0.17333150,0.20404257,1.00000000
1639.19700000,0.17331779,0.20421200,1.00000000
1639.67900000,0.17318134,0.20438142,1.00000000
1640.16100000,0.17334950,0.20455084,1.00000000
1640.64300000,0.17343970,0.20472023,1.00000000
1641.12500000,0.17337223,0.20488961,1.00000000
1641.60700000,0.17321017,0.20505898,1.00000000
1642.08900000,0.17339279,0.20522832,1.00000000
1642.57200000,0.17324071,0.20539800,1.00000000
1643.05400000,0.17312855,0.20556730,1.00000000
1643.53600000,0.17329530,0.20573658,1.00000000
1644.01800000,0.17304588,0.20590583,1.00000000
1644.50000000,0.17314306,0.20607505,1.00000000
1644.98200000,0.17304744,0.20624424,1.00000000
1645.46400000,0.17302815,0.20641340,1.00000000
1645.94600000,0.17285505,0.20658252,1.00000000
1646.42800000,0.17267375,0.20675161,1.00000000
1646.91100000,0.17253119,0.20692101,1.00000000
1647.39300000,0.17229521,0.20709002,1.00000000
1647.87500000,0.17215396,0.20725900,1.00000000
1648.35700000,0.17216924,0.20742792,1.00000000
1648.83900000,0.17219858,0.20759680,1.00000000
1649.32100000,0.17202703,0.20776564,1.00000000
1649.80300000,0.17201386,0.20793443,1.00000000
1650.28500000,0.17194474,0.20810316,1.00000000
1650.76800000,0.17199172,0.20827219,1.00000000
1651.25000000,0.17188520,0.20844082,1.00000000
1651.73200000,0.17192088,0.20860939,1.00000000
1652.21400000,0.17168158,0.20877791,1.00000000
1652.69600000,0.17148459,0.20894636,1.00000000
1653.17800000,0.17124797,0.20911476,1.00000000
1653.66000000,0.17081027,0.20928308,1.00000000
1654.14200000,0.17071322,0.20945135,1.00000000
1654.62500000,0.17066594,0.20961989,1.00000000
1655.10600000,0.17069768,0.20978767,1.00000000
1655.58900000,0.17096299,0.20995607,1.00000000
1656.07100000,0.17084818,0.21012406,1.00000000
1656.55300000,0.17078555,0.21029196,1.00000000
1657.03500000,0.17108870,0.21045979,1.00000000
1657.51700000,0.17093275,0.21062755,1.00000000
1657.99900000,0.17098288,0.21079522,1.00000000
1658.48100000,0.17108125,0.21096281,1.00000000
1658.96300000,0.17087114,0.21113031,1.00000000
1659.44600000,0.17075998,0.21129808,1.00000000
1659.92800000,0.17082141,0.21146541,1.00000000
1660.41000000,0.17084294,0.21163265,1.00000000
1660.89200000,0.17062557,0.21179980,1.00000000
1661.37400000,0.17054552,0.21196686,1.00000000
1661.85600000,0.17036653,0.21213382,1.00000000
1662.33800000,0.17035125,0.21230068,1.00000000
1662.82000000,0.17033658,0.21246745,1.00000000
1663.30200000,0.16996318,0.21263411,1.00000000
1663.78500000,0.17011242,0.21280102,1.00000000
1664.26700000,0.17001373,0.21296747,1.00000000
1664.74900000,0.16993479,0.21313382,1.00000000
1665.23100000,0.17007799,0.21330006,1.00000000
1665.71300000,0.16989684,0.21346619,1.00000000
1666.19500000,0.17025626,0.21363221,1.00000000
1666.67700000,0.17004661,0.21379812,1.00000000
1667.15900000,0.16999964,0.21396390,1.00000000
1667.64200000,0.16999797,0.21412992,1.00000000
1668.12400000,0.16998696,0.21429547,1.00000000
1668.60600000,0.16985070,0.21446090,1.00000000
1669.08800000,0.16971523,0.21462620,1.00000000
1669.57000000,0.16954526,0.21479138,1.00000000
1670.05200000,0.16944570,0.21495644,1.00000000
1670.53400000,0.16929983,0.21512136,1.00000000
1671.01600000,0.16928462,0.21528616,1.00000000
1671.49900000,0.16903061,0.21545116,1.00000000
1671.98100000,0.16914857,0.21561568,1.00000000
1672.46300000,0.16901236,0.21578007,1.00000000
1672.94500000,0.16861788,0.21594433,1.00000000
1673.42700000,0.16845410,0.21610844,1.00000000
1673.90900000,0.16826420,0.21627241,1.00000000
1674.39100000,0.16806784,0.21643623,1.00000000
1674.87300000,0.16779544,0.21659991,1.00000000
1675.35500000,0.16788999,0.21676344,1.00000000
1675.83800000,0.16761492,0.21692716,1.00000000
1676.32000000,0.16752745,0.21709039,1.00000000
1676.80200000,0.16734796,0.21725347,1.00000000
1677.28400000,0.16706214,0.21741639,1.00000000
1677.76600000,0.16726943,0.21757916,1.00000000
1678.24800000,0.16712898,0.21774177,1.00000000
1678.73000000,0.16711883,0.21790421,1.00000000
1679.21200000,0.16694172,0.21806650,1.00000000
1679.69500000,0.16722575,0.21822895,1.00000000
1680.17700000,0.16698015,0.21839090,1.00000000
1680.65900000,0.16680941,0.21855269,1.00000000
1681.14100000,0.16686489,0.21871430,1.00000000
1681.62300000,0.16684300,0.21887575,1.00000000
1682.10500000,0.16640959,0.21903701,1.00000000
1682.58700000,0.16659256,0.21919811,1.00000000
1683.06900000,0.16633369,0.21935902,1.00000000
1683.55200000,0.16620866,0.21952009,1.00000000
1684.03300000,0.16613745,0.21968032,1.00000000
1684.51600000,0.16570492,0.21984102,1.00000000
1684.99800000,0.16549063,0.22000121,1.00000000
1685.48000000,0.16550835,0.22016121,1.00000000
1685.96200000,0.16529590,0.22032102,1.00000000
1686.44400000,0.16510645,0.22048065,1.00000000
1686.92600000,0.16518964,0.22064007,1.00000000
1687.40800000,0.16502278,0.22079931,1.00000000
1687.89000000,0.16497576,0.22095835,1.00000000
1688.37300000,0.16506430,0.22111752,1.00000000
1688.85500000,0.16494879,0.22127616,1.00000000
1689.33700000,0.16474898,0.22143461,1.00000000
1689.81900000,0.16458467,0.22159284,1.00000000
1690.30100000,0.16463918,0.22175088,1.00000000
1690.78300000,0.16454131,0.22190870,1.00000000
1691.26500000,0.16444730,0.22206632,1.00000000
1691.74700000,0.16441809,0.22222372,1.00000000
1692.22900000,0.16439158,0.22238092,1.00000000
1692.71200000,0.16412466,0.22253822,1.00000000
1693.19400000,0.16427609,0.22269499,1.00000000
1693.67600000,0.16409120,0.22285153,1.00000000
1694.15800000,0.16397997,0.22300786,1.00000000
1694.64000000,0.16398802,0.22316396,1.00000000
1695.12200000,0.16408215,0.22331984,1.00000000
1695.60400000,0.16382584,0.22347549,1.00000000
1696.08600000,0.16389983,0.22363092,1.00000000
1696.56900000,0.16374498,0.22378644,1.00000000
1697.05100000,0.16378985,0.22394141,1.00000000
1697.53300000,0.16394797,0.22409614,1.00000000
1698.01500000,0.16375689,0.22425064,1.00000000
1698.49700000,0.16363672,0.22440491,1.00000000
1698.97900000,0.16343056,0.22455893,1.00000000
1699.46100000,0.16337937,0.22471272,1.00000000
1699.94300000,0.16296616,0.22486627,1.00000000
1700.42600000,0.16275574,0.22501988,1.00000000
1700.90800000,0.16254512,0.22517294,1.00000000
1701.39000000,0.16280344,0.22532575,1.00000000
1701.87200000,0.16250751,0.22547831,1.00000000
1702.35400000,0.16254271,0.22563062,1.00000000
1702.83600000,0.16251422,0.22578267,1.00000000
1703.31800000,0.16242757,0.22593447,1.00000000
1703.80000000,0.16232312,0.22608602,1.00000000
1704.28200000,0.16220214,0.22623731,1.00000000
1704.76500000,0.16210187,0.22638865,1.00000000
1705.24700000,0.16202324,0.22653941,1.00000000
1705.72900000,0.16219084,0.22668992,1.00000000
1706.21100000,0.16171887,0.22684015,1.00000000
1706.69300000,0.16174870,0.22699012,1.00000000
1707.17500000,0.16177227,0.22713983,1.00000000
1707.65700000,0.16171711,0.22728926,1.00000000
1708.13900000,0.16182839,0.22743841,1.00000000
1708.62200000,0.16171878,0.22758761,1.00000000
1709.10400000,0.16159281,0.22773622,1.00000000
1709.58600000,0.16163457,0.22788455,1.00000000
1710.06800000,0.16162009,0.22803260,1.00000000
1710.55000000,0.16164083,0.22818037,1.00000000
1711.03200000,0.16153941,0.22832786,1.00000000
1711.51400000,0.16158315,0.22847506,1.00000000
1711.99600000,0.16154525,0.22862197,1.00000000
1712.47900000,0.16143842,0.22876890,1.00000000
1712.96000000,0.16137463,0.22891494,1.00000000
1713.44300000,0.16155365,0.22906129,1.00000000
1713.92500000,0.16155242,0.22920704,1.00000000
1714.40700000,0.16154446,0.22935249,1.00000000
1714.88900000,0.16152515,0.22949765,1.00000000
1715.37100000,0.16142248,0.22964251,1.00000000
1715.85300000,0.16139674,0.22978707,1.00000000
1716.33500000,0.16116345,0.22993133,1.00000000
1716.81700000,0.16124927,0.23007528,1.00000000
1717.30000000,0.16082067,0.23021923,1.00000000
1717.78200000,0.16055359,0.23036256,1.00000000
1718.26400000,0.16030455,0.23050559,1.00000000
1718.74600000,0.16009890,0.23064831,1.00000000
1719.22800000,0.16004066,0.23079072,1.00000000
1719.71000000,0.15974000,0.23093281,1.00000000
1720.19200000,0.16014370,0.23107458,1.00000000
1720.67400000,0.16000119,0.23121604,1.00000000
1721.15600000,0.15996935,0.23135718,1.00000000
1721.63900000,0.16003456,0.23149828,1.00000000
1722.12100000,0.16010805,0.23163877,1.00000000
1722.60300000,0.15997929,0.23177894,1.00000000
1723.08500000,0.16001488,0.23191878,1.00000000
1723.56700000,0.16007546,0.23205829,1.00000000
1724.04900000,0.16008113,0.23219747,1.00000000
1724.53100000,0.15992116,0.23233632,1.00000000
1725.01300000,0.15990202,0.23247484,1.00000000
1725.49600000,0.15986827,0.23261331,1.00000000
1725.97800000,0.15983370,0.23275115,1.00000000
1726.46000000,0.15981505,0.23288865,1.00000000
1726.94200000,0.15983074,0.23302582,1.00000000
1727.42400000,0.15981361,0.23316264,1.00000000
1727.90600000,0.15986825,0.23329912,1.00000000
1728.38800000,0.15989826,0.23343525,1.00000000
1728.87000000,0.15996183,0.23357104,1.00000000
1729.35300000,0.15994208,0.23370675,1.00000000
1729.83500000,0.15989547,0.23384184,1.00000000
1730.31700000,0.15995219,0.23397657,1.00000000
1730.79900000,0.15985553,0.23411095,1.00000000
1731.28100000,0.15989181,0.23424498,1.00000000
1731.76300000,0.15986123,0.23437865,1.00000000
1732.24500000,0.15982624,0.23451195,1.00000000
1732.72700000,0.15960966,0.23464490,1.00000000
1733.20900000,0.15960394,0.23477749,1.00000000
1733.69200000,0.15978604,0.23490998,1.00000000
1734.17400000,0.15954209,0.23504184,1.00000000
1734.65600000,0.15928297,0.23517333,1.00000000
1735.13800000,0.15956062,0.23530445,1.00000000
1735.62000000,0.15957091,0.23543520,1.00000000
1736.10200000,0.15981034,0.23556558,1.00000000
1736.58400000,0.15982666,0.23569558,1.00000000
1737.06600000,0.16006800,0.23582521,1.00000000
1737.54900000,0.16016772,0.23595473,1.00000000
1738.03100000,0.15999771,0.23608360,1.00000000
1738.51300000,0.16008855,0.23621209,1.00000000
1738.99500000,0.16026767,0.23634020,1.00000000
1739.47700000,0.16022160,0.23646793,1.00000000
1739.95900000,0.16024090,0.23659527,1.00000000
1740.44100000,0.16026956,0.23672223,1.00000000
1740.92300000,0.16017204,0.23684879,1.00000000
1741.40600000,0.16034355,0.23697523,1.00000000
1741.88700000,0.16027827,0.23710076,1.00000000
1742.37000000,0.16036925,0.23722641,1.00000000
1742.85200000,0.16025469,0.23735140,1.00000000
1743.33400000,0.16055248,0.23747600,1.00000000
1743.81600000,0.16047262,0.23760021,1.00000000
1744.29800000,0.16051419,0.23772401,1.00000000
1744.78000000,0.16057663,0.23784741,1.00000000
1745.26200000,0.16067747,0.23797041,1.00000000
1745.74400000,0.16074369,0.23809301,1.00000000
1746.22700000,0.16100981,0.23821545,1.00000000
1746.70900000,0.16087697,0.23833723,1.00000000
1747.19100000,0.16105252,0.23845860,1.00000000
1747.67300000,0.16121777,0.23857956,1.00000000
1748.15500000,0.16105805,0.23870011,1.00000000
1748.63700000,0.16122831,0.23882025,1.00000000
1749.11900000,0.16118486,0.23893997,1.00000000
1749.60100000,0.16118317,0.23905928,1.00000000
1750.08300000,0.16086692,0.23917816,1.00000000
1750.56600000,0.16102751,0.23929687,1.00000000
1751.04800000,0.16102354,0.23941492,1.00000000
1751.53000000,0.16122337,0.23953254,1.00000000
1752.01200000,0.16109327,0.23964973,1.00000000
1752.49400000,0.16132072,0.23976651,1.00000000
1752.97600000,0.16143713,0.23988285,1.00000000
1753.45800000,0.16142594,0.23999876,1.00000000
1753.94000000,0.16162009,0.24011425,1.00000000
1754.42300000,0.16176766,0.24022954,1.00000000
1754.90500000,0.16184628,0.24034416,1.00000000
1755.38700000,0.16187969,0.24045834,1.00000000
1755.86900000,0.16199212,0.24057209,1.00000000
1756.35100000,0.16213323,0.24068539,1.00000000
1756.83300000,0.16224490,0.24079826,1.00000000
1757.31500000,0.16250430,0.24091069,1.00000000
1757.79700000,0.16237433,0.24102268,1.00000000
1758.28000000,0.16248481,0.24113445,1.00000000
1758.76200000,0.16281445,0.24124554,1.00000000
1759.24400000,0.16284367,0.24135619,1.00000000
1759.72600000,0.16280029,0.24146639,1.00000000
1760.20800000,0.16275126,0.24157614,1.00000000
1760.69000000,0.16304873,0.24168544,1.00000000
1761.17200000,0.16300088,0.24179429,1.00000000
1761.65400000,0.16332664,0.24190268,1.00000000
1762.13600000,0.16341802,0.24201062,1.00000000
1762.61900000,0.16330359,0.24211832,1.00000000
1763.10100000,0.16343420,0.24222534,1.00000000
1763.58300000,0.16365219,0.24233190,1.00000000
1764.06500000,0.16378715,0.24243800,1.00000000
1764.54700000,0.16398055,0.24254364,1.00000000
1765.02900000,0.16415759,0.24264881,1.00000000
1765.51100000,0.16416317,0.24275352,1.00000000
1765.99300000,0.16426891,0.24285776,1.00000000
1766.47600000,0.16448510,0.24296175,1.00000000
1766.95800000,0.16463338,0.24306505,1.00000000
1767.44000000,0.16467527,0.24316788,1.00000000
1767.92200000,0.16495913,0.24327023,1.00000000
1768.40400000,0.16488189,0.24337212,1.00000000
1768.88600000,0.16510551,0.24347352,1.00000000
1769.36800000,0.16528377,0.24357446,1.00000000
1769.85000000,0.16522531,0.24367491,1.00000000
1770.33300000,0.16546921,0.24377509,1.00000000
1770.81400000,0.16546058,0.24387438,1.00000000
1771.29700000,0.16566887,0.24397359,1.00000000
1771.77900000,0.16570169,0.24407212,1.00000000
1772.26100000,0.16588319,0.24417016,1.00000000
1772.74300000,0.16583914,0.24426771,1.00000000
1773.22500000,0.16594513,0.24436478,1.00000000
1773.70700000,0.16619745,0.24446136,1.00000000
1774.18900000,0.16609207,0.24455745,1.00000000
1774.67100000,0.16655004,0.24465304,1.00000000
1775.15400000,0.16658888,0.24474834,1.00000000
1775.63600000,0.16662034,0.24484295,1.00000000
1776.11800000,0.16677584,0.24493707,1.00000000
1776.60000000,0.16713925,0.24503068,1.00000000
1777.08200000,0.16701357,0.24512380,1.00000000
1777.56400000,0.16727985,0.24521642,1.00000000
1778.04600000,0.16734815,0.24530854,1.00000000
1778.52800000,0.16742112,0.24540015,1.00000000
1779.01000000,0.16772792,0.24549127,1.00000000
1779.49300000,0.16791751,0.24558206,1.00000000
1779.97500000,0.16798673,0.24567216,1.00000000
1780.45700000,0.16801164,0.24576176,1.00000000
1780.93900000,0.16808566,0.24585084,1.00000000
1781.42100000,0.16834065,0.24593942,1.00000000
1781.90300000,0.16839101,0.24602748,1.00000000
1782.38500000,0.16874935,0.24611503,1.00000000
1782.86700000,0.16893153,0.24620207,1.00000000
1783.35000000,0.16892120,0.24628878,1.00000000
1783.83200000,0.16894991,0.24637479,1.00000000
1784.31400000,0.16926892,0.24646028,1.00000000
1784.79600000,0.16911529,0.24654525,1.00000000
1785.27800000,0.16942084,0.24662970,1.00000000
1785.76000000,0.16967133,0.24671363,1.00000000
1786.24200000,0.16973110,0.24679704,1.00000000
1786.72400000,0.16992973,0.24687993,1.00000000
1787.20700000,0.17012036,0.24696246,1.00000000
1787.68900000,0.17049753,0.24704430,1.00000000
1788.17100000,0.17071149,0.24712561,1.00000000
1788.65300000,0.17068394,0.24720639,1.00000000
1789.13500000,0.17091307,0.24728664,1.00000000
1789.61700000,0.17114950,0.24736636,1.00000000
1790.09900000,0.17129444,0.24744555,1.00000000
1790.58100000,0.17137941,0.24752421,1.00000000
1791.06300000,0.17171271,0.24760233,1.00000000
1791.54600000,0.17193798,0.24768008,1.00000000
1792.02800000,0.17206684,0.24775713,1.00000000
1792.51000000,0.17209008,0.24783365,1.00000000
1792.99200000,0.17210165,0.24790962,1.00000000
1793.47400000,0.17234925,0.24798506,1.00000000
1793.95600000,0.17269686,0.24805995,1.00000000
1794.43800000,0.17266489,0.24813431,1.00000000
1794.92000000,0.17284641,0.24820812,1.00000000
1795.40300000,0.17292572,0.24828154,1.00000000
1795.88500000,0.17305870,0.24835426,1.00000000
1796.36700000,0.17315787,0.24842643,1.00000000
1796.84900000,0.17322105,0.24849806,1.00000000
1797.33100000,0.17330282,0.24856914,1.00000000
1797.81300000,0.17345568,0.24863967,1.00000000
1798.29500000,0.17361095,0.24870965,1.00000000
1798.77700000,0.17386135,0.24877908,1.00000000
1799.26000000,0.17369698,0.24884809,1.00000000
1799.74100000,0.17407194,0.24891627,1.00000000
1800.22400000,0.17420389,0.24898418,1.00000000
1800.70600000,0.17434573,0.24905139,1.00000000
1801.18800000,0.17457659,0.24911804,1.00000000
1801.67000000,0.17443525,0.24918414,1.00000000
1802.15200000,0.17477533,0.24924967,1.00000000
1802.63400000,0.17505124,0.24931465,1.00000000
1803.11600000,0.17504800,0.24937906,1.00000000
1803.59800000,0.17521885,0.24944292,1.00000000
1804.08100000,0.17530159,0.24950634,1.00000000
1804.56300000,0.17537975,0.24956906,1.00000000
1805.04500000,0.17544269,0.24963122,1.00000000
1805.52700000,0.17572784,0.24969282,1.00000000
1806.00900000,0.17572439,0.24975384,1.00000000
1806.49100000,0.17585915,0.24981430,1.00000000
1806.97300000,0.17602137,0.24987419,1.00000000
1807.45500000,0.17617175,0.24993351,1.00000000
1807.93800000,0.17634749,0.24999238,1.00000000
1808.42000000,0.17634783,0.25005056,1.00000000
1808.90200000,0.17653644,0.25010816,1.00000000
1809.38400000,0.17642147,0.25016519,1.00000000
1809.86600000,0.17691498,0.25022165,1.00000000
1810.34800000,0.17679606,0.25027753,1.00000000
1810.83000000,0.17688362,0.25033283,1.00000000
1811.31200000,0.17702575,0.25038756,1.00000000
1811.79400000,0.17726517,0.25044171,1.00000000
1812.27700000,0.17733084,0.25049539,1.00000000
1812.75900000,0.17745218,0.25054838,1.00000000
1813.24100000,0.17756483,0.25060078,1.00000000
1813.72300000,0.17785207,0.25065261,1.00000000
1814.20500000,0.17787972,0.25070385,1.00000000
1814.68700000,0.17790595,0.25075451,1.00000000
1815.16900000,0.17801773,0.25080458,1.00000000
1815.65100000,0.17828186,0.25085407,1.00000000
1816.13400000,0.17831912,0.25090307,1.00000000
1816.61600000,0.17852761,0.25095139,1.00000000
1817.09800000,0.17858025,0.25099911,1.00000000
1817.58000000,0.17854131,0.25104625,1.00000000
1818.06200000,0.17878392,0.25109280,1.00000000
1818.54400000,0.17905447,0.25113875,1.00000000
1819.02600000,0.17907365,0.25118412,1.00000000
1819.50800000,0.17897652,0.25122889,1.00000000
1819.99000000,0.17939828,0.25127308,1.00000000
1820.47300000,0.17934833,0.25131675,1.00000000
1820.95500000,0.17945251,0.25135974,1.00000000
1821.43700000,0.17936140,0.25140214,1.00000000
1821.91900000,0.17952578,0.25144394,1.00000000
1822.40100000,0.17977817,0.25148514,1.00000000
1822.88300000,0.17950425,0.25152575,1.00000000
1823.36500000,0.17986941,0.25156576,1.00000000
1823.84700000,0.17984672,0.25160517,1.00000000
1824.33000000,0.18000936,0.25164405,1.00000000
1824.81200000,0.18022111,0.25168226,1.00000000
1825.29400000,0.18020462,0.25171987,1.00000000
1825.77600000,0.18017686,0.25175687,1.00000000
1826.25800000,0.18029246,0.25179327,1.00000000
1826.74000000,0.18038837,0.25182907,1.00000000
1827.22200000,0.18064178,0.25186426,1.00000000
1827.70400000,0.18065556,0.25189885,1.00000000
1828.18700000,0.18075855,0.25193290,1.00000000
1828.66800000,0.18090782,0.25196621,1.00000000
1829.15100000,0.18098001,0.25199904,1.00000000
1829.63300000,0.18092284,0.25203120,1.00000000
1830.11500000,0.18104206,0.25206275,1.00000000
1830.59700000,0.18131551,0.25209369,1.00000000
1831.07900000,0.18122468,0.25212403,1.00000000
1831.56100000,0.18137935,0.25215375,1.00000000
1832.04300000,0.18153695,0.25218286,1.00000000
1832.52500000,0.18168581,0.25221136,1.00000000
1833.00800000,0.18166159,0.25223930,1.00000000
1833.49000000,0.18170514,0.25226658,1.00000000
1833.97200000,0.18162372,0.25229324,1.00000000
1834.45400000,0.18181012,0.25231928,1.00000000
1834.93600000,0.18188352,0.25234471,1.00000000
1835.41800000,0.18201936,0.25236953,1.00000000
1835.90000000,0.18197633,0.25239373,1.00000000
1836.38200000,0.18208294,0.25241731,1.00000000
1836.86500000,0.18212865,0.25244032,1.00000000
1837.34700000,0.18204148,0.25246267,1.00000000
1837.82900000,0.18215985,0.25248440,1.00000000
1838.31100000,0.18217354,0.25250551,1.00000000
1838.79300000,0.18230315,0.25252600,1.00000000
1839.27500000,0.18243715,0.25254587,1.00000000
1839.75700000,0.18215241,0.25256512,1.00000000
1840.23900000,0.18234289,0.25258374,1.00000000
1840.72100000,0.18239265,0.25260175,1.00000000
1841.20400000,0.18262321,0.25261917,1.00000000
1841.68600000,0.18255058,0.25263593,1.00000000
1842.16800000,0.18247227,0.25265207,1.00000000
1842.65000000,0.18256150,0.25266758,1.00000000
1843.13200000,0.18260973,0.25268247,1.00000000
1843.61400000,0.18271538,0.25269674,1.00000000
1844.09600000,0.18273448,0.25271038,1.00000000
1844.57800000,0.18277935,0.25272340,1.00000000
1845.06100000,0.18280691,0.25273581,1.00000000
1845.54300000,0.18280384,0.25274757,1.00000000
1846.02500000,0.18304562,0.25275871,1.00000000
1846.50700000,0.18309962,0.25276921,1.00000000
1846.98900000,0.18307511,0.25277909,1.00000000
1847.47100000,0.18292871,0.25278834,1.00000000
1847.95300000,0.18304743,0.25279697,1.00000000
1848.43500000,0.18307486,0.25280496,1.00000000
1848.91700000,0.18311627,0.25281232,1.00000000
1849.40000000,0.18309821,0.25281907,1.00000000
1849.88200000,0.18334432,0.25282517,1.00000000
1850.36400000,0.18315547,0.25283064,1.00000000
1850.84600000,0.18307406,0.25283549,1.00000000
1851.32800000,0.18294708,0.25283969,1.00000000
1851.81000000,0.18328937,0.25284327,1.00000000
1852.29200000,0.18306894,0.25284622,1.00000000
1852.77400000,0.18290142,0.25284853,1.00000000
1853.25700000,0.18305362,0.25285021,1.00000000
1853.73900000,0.18296398,0.25285126,1.00000000
1854.22100000,0.18293126,0.25285167,1.00000000
1854.70300000,0.18314582,0.25285145,1.00000000
1855.18500000,0.18322103,0.25285059,1.00000000
1855.66700000,0.18311811,0.25284910,1.00000000
1856.14900000,0.18316994,0.25284698,1.00000000
1856.63100000,0.18313357,0.25284422,1.00000000
1857.11400000,0.18311741,0.25284081,1.00000000
1857.59500000,0.18309273,0.25283679,1.00000000
1858.07800000,0.18318371,0.25283211,1.00000000
1858.56000000,0.18306795,0.25282680,1.00000000
1859.04200000,0.18320856,0.25282086,1.00000000
1859.52400000,0.18316825,0.25281428,1.00000000
1860.00600000,0.18308029,0.25280707,1.00000000
1860.48800000,0.18314993,0.25279922,1.00000000
1860.97000000,0.18325430,0.25279073,1.00000000
1861.45200000,0.18307217,0.25278160,1.00000000
1861.93500000,0.18317714,0.25277181,1.00000000
1862.41700000,0.18309925,0.25276141,1.00000000
1862.89900000,0.18328805,0.25275036,1.00000000
1863.38100000,0.18327406,0.25273868,1.00000000
1863.86300000,0.18328689,0.25272636,1.00000000
1864.34500000,0.18332574,0.25271340,1.00000000
1864.82700000,0.18323492,0.25269980,1.00000000
1865.30900000,0.18337370,0.25268556,1.00000000
1865.79200000,0.18329171,0.25267065,1.00000000
1866.27400000,0.18342312,0.25265514,1.00000000
1866.75600000,0.18344940,0.25263898,1.00000000
1867.23800000,0.18329220,0.25262218,1.00000000
1867.72000000,0.18339447,0.25260474,1.00000000
1868.20200000,0.18313868,0.25258666,1.00000000
1868.68400000,0.18329654,0.25256794,1.00000000
1869.16600000,0.18309264,0.25254859,1.00000000
1869.64800000,0.18268138,0.25252859,1.00000000
1870.13100000,0.18282673,0.25250790,1.00000000
1870.61300000,0.18282562,0.25248662,1.00000000
1871.09500000,0.18298464,0.25246470,1.00000000
1871.57700000,0.18290949,0.25244214,1.00000000
1872.05900000,0.18279840,0.25241893,1.00000000
1872.54100000,0.18265376,0.25239509,1.00000000
1873.02300000,0.18242117,0.25237060,1.00000000
1873.50500000,0.18256563,0.25234547,1.00000000
1873.98800000,0.18252903,0.25231965,1.00000000
1874.47000000,0.18260633,0.25229324,1.00000000
1874.95200000,0.18240790,0.25226619,1.00000000
1875.43400000,0.18233397,0.25223849,1.00000000
1875.91600000,0.18251160,0.25221016,1.00000000
1876.39800000,0.18237173,0.25218118,1.00000000
1876.88000000,0.18232371,0.25215157,1.00000000
1877.36200000,0.18225091,0.25212131,1.00000000
1877.84400000,0.18219082,0.25209041,1.00000000
1878.32700000,0.18196590,0.25205881,1.00000000
1878.80900000,0.18198951,0.25202662,1.00000000
1879.29100000,0.18188995,0.25199380,1.00000000
1879.77300000,0.18201851,0.25196034,1.00000000
1880.25500000,0.18191356,0.25192623,1.00000000
1880.73700000,0.18172836,0.25189148,1.00000000
1881.21900000,0.18174554,0.25185610,1.00000000
1881.70100000,0.18161262,0.25182007,1.00000000
1882.18400000,0.18167510,0.25178332,1.00000000
1882.66600000,0.18134012,0.25174601,1.00000000
1883.14800000,0.18140220,0.25170806,1.00000000
1883.63000000,0.18151660,0.25166947,1.00000000
1884.11200000,0.18120792,0.25163024,1.00000000
1884.59400000,0.18119121,0.25159037,1.00000000
1885.07600000,0.18096827,0.25154986,1.00000000
1885.55800000,0.18103583,0.25150871,1.00000000
1886.04100000,0.18103920,0.25146683,1.00000000
1886.52200000,0.18088566,0.25142449,1.00000000
1887.00500000,0.18084442,0.25138133,1.00000000
1887.48700000,0.18071578,0.25133762,1.00000000
1887.96900000,0.18082957,0.25129327,1.00000000
1888.45100000,0.18074428,0.25124828,1.00000000
1888.93300000,0.18068157,0.25120265,1.00000000
1889.41500000,0.18033418,0.25115639,1.00000000
1889.89700000,0.18028546,0.25110949,1.00000000
1890.37900000,0.18030641,0.25106195,1.00000000
1890.86200000,0.18013978,0.25101367,1.00000000
1891.34400000,0.18010417,0.25096485,1.00000000
1891.82600000,0.18004956,0.25091539,1.00000000
1892.30800000,0.18014427,0.25086530,1.00000000
1892.79000000,0.17994729,0.25081457,1.00000000
1893.27200000,0.17987744,0.25076320,1.00000000
1893.75400000,0.17969494,0.25071120,1.00000000
1894.23600000,0.17973217,0.25065856,1.00000000
1894.71900000,0.17950331,0.25060518,1.00000000
1895.20100000,0.17943381,0.25055127,1.00000000
1895.68300000,0.17944433,0.25049672,1.00000000
1896.16500000,0.17907308,0.25044154,1.00000000
1896.64700000,0.17902459,0.25038573,1.00000000
1897.12900000,0.17901333,0.25032928,1.00000000
1897.61100000,0.17891387,0.25027219,1.00000000
1898.09300000,0.17875042,0.25021448,1.00000000
1898.57500000,0.17874332,0.25015613,1.00000000
1899.05800000,0.17870345,0.25009702,1.00000000
1899.54000000,0.17859920,0.25003740,1.00000000
1900.02200000,0.17831260,0.24997715,1.00000000
1900.50400000,0.17821329,0.24991627,1.00000000
1900.98600000,0.17820397,0.24985476,1.00000000
1901.46800000,0.17821421,0.24979261,1.00000000
1901.95000000,0.17809788,0.24972984,1.00000000
1902.43200000,0.17802097,0.24966643,1.00000000
1902.91500000,0.17794863,0.24960227,1.00000000
1903.39700000,0.17802361,0.24953760,1.00000000
1903.87900000,0.17774463,0.24947231,1.00000000
1904.36100000,0.17743741,0.24940638,1.00000000
1904.84300000,0.17760080,0.24933983,1.00000000
1905.32500000,0.17746656,0.24927265,1.00000000
1905.80700000,0.17749984,0.24920484,1.00000000
1906.28900000,0.17718607,0.24913641,1.00000000
1906.77100000,0.17697484,0.24906735,1.00000000
1907.25400000,0.17698622,0.24899752,1.00000000
1907.73600000,0.17715040,0.24892721,1.00000000
1908.21800000,0.17685501,0.24885627,1.00000000
1908.70000000,0.17663439,0.24878471,1.00000000
1909.18200000,0.17643946,0.24871252,1.00000000
1909.66400000,0.17648554,0.24863971,1.00000000
1910.14600000,0.17637054,0.24856628,1.00000000
1910.62800000,0.17621068,0.24849223,1.00000000
1911.11100000,0.17624434,0.24841740,1.00000000
1911.59300000,0.17593171,0.24834210,1.00000000
1912.07500000,0.17600981,0.24826618,1.00000000
1912.55700000,0.17592389,0.24818964,1.00000000
1913.03900000,0.17574533,0.24811248,1.00000000
1913.52100000,0.17566195,0.24803470,1.00000000
1914.00300000,0.17566186,0.24795631,1.00000000
1914.48500000,0.17544047,0.24787729,1.00000000
1914.96800000,0.17523325,0.24779749,1.00000000
1915.44900000,0.17556065,0.24771741,1.00000000
1915.93200000,0.17513299,0.24763638,1.00000000
1916.41400000,0.17507785,0.24755490,1.00000000
1916.89600000,0.17515761,0.24747280,1.00000000
1917.37800000,0.17498180,0.24739009,1.00000000
1917.86000000,0.17484745,0.24730676,1.00000000
1918.34200000,0.17477400,0.24722283,1.00000000
1918.82400000,0.17454917,0.24713828,1.00000000
1919.30600000,0.17460185,0.24705312,1.00000000
1919.78900000,0.17433164,0.24696717,1.00000000
1920.27100000,0.17426151,0.24688078,1.00000000
1920.75300000,0.17433529,0.24679379,1.00000000
1921.23500000,0.17444097,0.24670619,1.00000000
1921.71700000,0.17414890,0.24661798,1.00000000
1922.19900000,0.17397319,0.24652916,1.00000000
1922.68100000,0.17404899,0.24643974,1.00000000
1923.16300000,0.17353854,0.24634970,1.00000000
1923.64600000,0.17355597,0.24625888,1.00000000
1924.12800000,0.17342871,0.24616764,1.00000000
1924.61000000,0.17329604,0.24607579,1.00000000
1925.09200000,0.17305941,0.24598334,1.00000000
1925.57400000,0.17327775,0.24589029,1.00000000
1926.05600000,0.17283094,0.24579664,1.00000000
1926.53800000,0.17289233,0.24570239,1.00000000
1927.02000000,0.17279315,0.24560753,1.00000000
1927.50200000,0.17265974,0.24551208,1.00000000
1927.98500000,0.17254692,0.24541583,1.00000000
1928.46700000,0.17257006,0.24531918,1.00000000
1928.94900000,0.17233634,0.24522193,1.00000000
1929.43100000,0.17226313,0.24512409,1.00000000
1929.91300000,0.17237213,0.24502565,1.00000000
1930.39500000,0.17219882,0.24492661,1.00000000
1930.87700000,0.17193476,0.24482699,1.00000000
1931.35900000,0.17184756,0.24472677,1.00000000
1931.84200000,0.17182341,0.24462575,1.00000000
1932.32400000,0.17177485,0.24452434,1.00000000
1932.80600000,0.17195678,0.24442235,1.00000000
1933.28800000,0.17163463,0.24431977,1.00000000
1933.77000000,0.17156796,0.24421659,1.00000000
1934.25200000,0.17136200,0.24411284,1.00000000
1934.73400000,0.17132100,0.24400849,1.00000000
1935.21600000,0.17120768,0.24390356,1.00000000
1935.69800000,0.17115218,0.24379804,1.00000000
1936.18100000,0.17104848,0.24369172,1.00000000
1936.66300000,0.17090257,0.24358504,1.00000000
1937.14500000,0.17094576,0.24347777,1.00000000
1937.62700000,0.17100244,0.24336992,1.00000000
1938.10900000,0.17066067,0.24326150,1.00000000
1938.59100000,0.17079072,0.24315249,1.00000000
1939.07300000,0.17051968,0.24304290,1.00000000
1939.55500000,0.17054711,0.24293274,1.00000000
1940.03800000,0.17040147,0.24282177,1.00000000
1940.52000000,0.17030094,0.24271046,1.00000000
1941.00200000,0.17049744,0.24259857,1.00000000
1941.48400000,0.17044912,0.24248611,1.00000000
1941.96600000,0.17020439,0.24237307,1.00000000
1942.44800000,0.17025562,0.24225946,1.00000000
1942.93000000,0.17008258,0.24214529,1.00000000
1943.41200000,0.16986378,0.24203054,1.00000000
1943.89500000,0.16997854,0.24191499,1.00000000
1944.37600000,0.16995225,0.24179934,1.00000000
1944.85900000,0.16975984,0.24168265,1.00000000
1945.34100000,0.16960678,0.24156564,1.00000000
1945.82300000,0.16962117,0.24144806,1.00000000
1946.30500000,0.16959048,0.24132992,1.00000000
1946.78700000,0.16939751,0.24121122,1.00000000
1947.26900000,0.16945884,0.24109195,1.00000000
1947.75100000,0.16923097,0.24097213,1.00000000
1948.23300000,0.16929001,0.24085175,1.00000000
1948.71600000,0.16919910,0.24073056,1.00000000
1949.19800000,0.16931796,0.24060906,1.00000000
1949.68000000,0.16923571,0.24048701,1.00000000
1950.16200000,0.16913964,0.24036440,1.00000000
1950.64400000,0.16903236,0.24024124,1.00000000
1951.12600000,0.16895612,0.24011753,1.00000000
1951.60800000,0.16901616,0.23999326,1.00000000
1952.09000000,0.16909777,0.23986845,1.00000000
1952.57300000,0.16887048,0.23974283,1.00000000
1953.05500000,0.16882987,0.23961692,1.00000000
1953.53700000,0.16881930,0.23949046,1.00000000
1954.01900000,0.16878307,0.23936346,1.00000000
1954.50100000,0.16865290,0.23923592,1.00000000
1954.98300000,0.16866213,0.23910783,1.00000000
1955.46500000,0.16885011,0.23897920,1.00000000
1955.94700000,0.16873291,0.23885004,1.00000000
1956.42900000,0.16843954,0.23872033,1.00000000
1956.91200000,0.16844271,0.23858981,1.00000000
1957.39400000,0.16844801,0.23845903,1.00000000
1957.87600000,0.16819147,0.23832771,1.00000000
1958.35800000,0.16836751,0.23819586,1.00000000
1958.84000000,0.16841623,0.23806347,1.00000000
1959.32200000,0.16840281,0.23793056,1.00000000
1959.80400000,0.16841137,0.23779711,1.00000000
1960.28600000,0.16828583,0.23766313,1.00000000
1960.76900000,0.16833926,0.23752835,1.00000000
1961.25100000,0.16819998,0.23739332,1.00000000
1961.73300000,0.16815078,0.23725776,1.00000000
1962.21500000,0.16833587,0.23712168,1.00000000
1962.69700000,0.16821886,0.23698508,1.00000000
1963.17900000,0.16803356,0.23684795,1.00000000
1963.66100000,0.16816784,0.23671031,1.00000000
1964.14300000,0.16808953,0.23657215,1.00000000
1964.62500000,0.16827196,0.23643346,1.00000000
1965.10800000,0.16827798,0.23629398,1.00000000
1965.59000000,0.16805906,0.23615427,1.00000000
1966.07200000,0.16807504,0.23601404,1.00000000
1966.55400000,0.16808476,0.23587330,1.00000000
1967.03600000,0.16797920,0.23573206,1.00000000
1967.51800000,0.16804059,0.23559030,1.00000000
1968.00000000,0.16813016,0.23544803,1.00000000
1968.48200000,0.16797760,0.23530526,1.00000000
1968.96500000,0.16789988,0.23516169,1.00000000
1969.44700000,0.16800258,0.23501791,1.00000000
1969.92900000,0.16823746,0.23487362,1.00000000
1970.41100000,0.16794496,0.23472884,1.00000000
1970.89300000,0.16812629,0.23458356,1.00000000
1971.37500000,0.16802710,0.23443777,1.00000000
1971.85700000,0.16819888,0.23429150,1.00000000
1972.33900000,0.16807478,0.23414472,1.00000000
1972.82200000,0.16805348,0.23399715,1.00000000
1973.30300000,0.16830228,0.23384970,1.00000000
1973.78600000,0.16820591,0.23370114,1.00000000
1974.26800000,0.16783942,0.23355240,1.00000000
1974.75000000,0.16830083,0.23340317,1.00000000
1975.23200000,0.16819913,0.23325345,1.00000000
1975.71400000,0.16817226,0.23310325,1.00000000
1976.19600000,0.16817482,0.23295257,1.00000000
1976.67800000,0.16850214,0.23280140,1.00000000
1977.16000000,0.16815008,0.23264976,1.00000000
1977.64300000,0.16838612,0.23249731,1.00000000
1978.12500000,0.16832984,0.23234471,1.00000000
1978.60700000,0.16851873,0.23219163,1.00000000
1979.08900000,0.16845123,0.23203808,1.00000000
1979.57100000,0.16842226,0.23188405,1.00000000
1980.05300000,0.16849627,0.23172955,1.00000000
1980.53500000,0.16851877,0.23157458,1.00000000
1981.01700000,0.16828929,0.23141915,1.00000000
1981.50000000,0.16862288,0.23126292,1.00000000
1981.98200000,0.16846385,0.23110655,1.00000000
1982.46400000,0.16847229,0.23094972,1.00000000
1982.94600000,0.16863252,0.23079242,1.00000000
1983.42800000,0.16873608,0.23063467,1.00000000
1983.91000000,0.16877311,0.23047646,1.00000000
1984.39200000,0.16863856,0.23031778,1.00000000
1984.87400000,0.16885642,0.23015866,1.00000000
1985.35600000,0.16893956,0.22999908,1.00000000
1985.83900000,0.16886328,0.22983871,1.00000000
1986.32100000,0.16895010,0.22967822,1.00000000
1986.80300000,0.16886739,0.22951729,1.00000000
1987.28500000,0.16921754,0.22935591,1.00000000
1987.76700000,0.16911588,0.22919408,1.00000000
1988.24900000,0.16942138,0.22903181,1.00000000
1988.73100000,0.16924209,0.22886909,1.00000000
1989.21300000,0.16944091,0.22870593,1.00000000
1989.69600000,0.16924012,0.22854200,1.00000000
1990.17800000,0.16938957,0.22837796,1.00000000
1990.66000000,0.16941850,0.22821349,1.00000000
1991.14200000,0.16957094,0.22804859,1.00000000
1991.62400000,0.16959600,0.22788325,1.00000000
1992.10600000,0.16999787,0.22771748,1.00000000
1992.58800000,0.16960539,0.22755129,1.00000000
1993.07000000,0.16986957,0.22738466,1.00000000
1993.55200000,0.16986447,0.22721761,1.00000000
1994.03500000,0.16980879,0.22704979,1.00000000
1994.51700000,0.16998576,0.22688189,1.00000000
1994.99900000,0.16992905,0.22671357,1.00000000
1995.48100000,0.16993377,0.22654483,1.00000000
1995.96300000,0.17000008,0.22637567,1.00000000
1996.44500000,0.17025296,0.22620610,1.00000000
1996.92700000,0.17028884,0.22603612,1.00000000
1997.40900000,0.17023241,0.22586572,1.00000000
1997.89200000,0.17029922,0.22569456,1.00000000
1998.37400000,0.17035519,0.22552334,1.00000000
1998.85600000,0.17062660,0.22535171,1.00000000
1999.33800000,0.17066722,0.22517969,1.00000000
1999.82000000,0.17083854,0.22500725,1.00000000
2000.30200000,0.17078844,0.22482568,1.00000000
2000.78400000,0.17083881,0.22463857,1.00000000
2001.26600000,0.17086566,0.22445104,1.00000000
2001.74900000,0.17102099,0.22426271,1.00000000
2002.23000000,0.17113940,0.22407475,1.00000000
2002.71300000,0.17130780,0.22388560,1.00000000
2003.19500000,0.17138959,0.22369644,1.00000000
2003.67700000,0.17130138,0.22350688,1.00000000
2004.15900000,0.17132203,0.22331693,1.00000000
2004.64100000,0.17146686,0.22312657,1.00000000
2005.12300000,0.17180677,0.22293583,1.00000000
2005.60500000,0.17177337,0.22274469,1.00000000
2006.08700000,0.17180600,0.22255317,1.00000000
2006.57000000,0.17194348,0.22236086,1.00000000
2007.05200000,0.17190488,0.22216857,1.00000000
2007.53400000,0.17210737,0.22197590,1.00000000
2008.01600000,0.17216374,0.22178285,1.00000000
2008.49800000,0.17222373,0.22158942,1.00000000
2008.98000000,0.17237330,0.22139563,1.00000000
2009.46200000,0.17221895,0.22120146,1.00000000
2009.94400000,0.17267254,0.22100693,1.00000000
2010.42700000,0.17262805,0.22081163,1.00000000
2010.90900000,0.17283720,0.22061637,1.00000000
2011.39100000,0.17275046,0.22042075,1.00000000
2011.87300000,0.17299645,0.22022478,1.00000000
2012.35500000,0.17292204,0.22002845,1.00000000
2012.83700000,0.17288022,0.21983177,1.00000000
2013.31900000,0.17316967,0.21963474,1.00000000
2013.80100000,0.17330600,0.21943737,1.00000000
2014.28300000,0.17339932,0.21923965,1.00000000
2014.76600000,0.17343248,0.21904118,1.00000000
2015.24800000,0.17365829,0.21884279,1.00000000
2015.73000000,0.17374740,0.21864406,1.00000000
2016.21200000,0.17379529,0.21844499,1.00000000
2016.69400000,0.17385406,0.21824560,1.00000000
2017.17600000,0.17410405,0.21804588,1.00000000
2017.65800000,0.17411376,0.21784584,1.00000000
2018.14000000,0.17419294,0.21764547,1.00000000
2018.62300000,0.17458797,0.21744437,1.00000000
2019.10500000,0.17445740,0.21724336,1.00000000
2019.58700000,0.17453516,0.21704205,1.00000000
2020.06900000,0.17449752,0.21684042,1.00000000
2020.55100000,0.17478042,0.21663848,1.00000000
2021.03300000,0.17484947,0.21643624,1.00000000
2021.51500000,0.17505978,0.21623370,1.00000000
2021.99700000,0.17505137,0.21603085,1.00000000
2022.47900000,0.17526642,0.21582771,1.00000000
2022.96200000,0.17530767,0.21562385,1.00000000
2023.44400000,0.17534955,0.21542012,1.00000000
2023.92600000,0.17561916,0.21521610,1.00000000
2024.40800000,0.17567071,0.21501180,1.00000000
2024.89000000,0.17589495,0.21480721,1.00000000
2025.37200000,0.17596374,0.21460233,1.00000000
2025.85400000,0.17605285,0.21439718,1.00000000
2026.33600000,0.17612194,0.21419176,1.00000000
2026.81900000,0.17624073,0.21398563,1.00000000
2027.30100000,0.17643713,0.21377966,1.00000000
2027.78300000,0.17644930,0.21357343,1.00000000
2028.26500000,0.17641802,0.21336692,1.00000000
2028.74700000,0.17671204,0.21316016,1.00000000
2029.22900000,0.17662389,0.21295314,1.00000000
2029.71100000,0.17674439,0.21274585,1.00000000
2030.19300000,0.17703410,0.21253832,1.00000000
2030.67600000,0.17710077,0.21233010,1.00000000
2031.15700000,0.17703183,0.21212250,1.00000000
2031.64000000,0.17721493,0.21191379,1.00000000
2032.12200000,0.17725147,0.21170527,1.00000000
2032.60400000,0.17744327,0.21149650,1.00000000
2033.08600000,0.17749320,0.21128750,1.00000000
2033.56800000,0.17780238,0.21107827,1.00000000
2034.05000000,0.17784852,0.21086880,1.00000000
2034.53200000,0.17794589,0.21065910,1.00000000
2035.01400000,0.17809767,0.21044918,1.00000000
2035.49700000,0.17845135,0.21023860,1.00000000
2035.97900000,0.17835073,0.21002823,1.00000000
2036.46100000,0.17833200,0.20981764,1.00000000
2036.94300000,0.17871091,0.20960684,1.00000000
2037.42500000,0.17847766,0.20939583,1.00000000
2037.90700000,0.17873709,0.20918461,1.00000000
2038.38900000,0.17910429,0.20897318,1.00000000
2038.87100000,0.17896248,0.20876154,1.00000000
2039.35400000,0.17907967,0.20854927,1.00000000
2039.83600000,0.17939662,0.20833723,1.00000000
2040.31800000,0.17943912,0.20812500,1.00000000
2040.80000000,0.17956702,0.20791258,1.00000000
2041.28200000,0.17971071,0.20769996,1.00000000
2041.76400000,0.17985502,0.20748716,1.00000000
2042.24600000,0.17989938,0.20727418,1.00000000
2042.72800000,0.18022257,0.20706101,1.00000000
2043.21000000,0.18011877,0.20684766,1.00000000
2043.69300000,0.18038558,0.20663369,1.00000000
2044.17500000,0.18049824,0.20642000,1.00000000
2044.65700000,0.18061772,0.20620613,1.00000000
2045.13900000,0.18057650,0.20599209,1.00000000
2045.62100000,0.18078937,0.20577789,1.00000000
2046.10300000,0.18070683,0.20556353,1.00000000
2046.58500000,0.18094644,0.20534901,1.00000000
2047.06700000,0.18104016,0.20513433,1.00000000
2047.55000000,0.18115471,0.20491905,1.00000000
2048.03200000,0.18129529,0.20470407,1.00000000
2048.51400000,0.18138838,0.20448893,1.00000000
2048.99600000,0.18167712,0.20427366,1.00000000
2049.47800000,0.18170552,0.20405824,1.00000000
2049.96000000,0.18170892,0.20384268,1.00000000
2050.44200000,0.18172604,0.20362698,1.00000000
2050.92400000,0.18203765,0.20341115,1.00000000
2051.40600000,0.18208759,0.20319518,1.00000000
2051.88900000,0.18219887,0.20297864,1.00000000
2052.37100000,0.18230558,0.20276243,1.00000000
2052.85300000,0.18242154,0.20254609,1.00000000
2053.33500000,0.18267537,0.20232963,1.00000000
2053.81700000,0.18273963,0.20211305,1.00000000
2054.29900000,0.18287346,0.20189635,1.00000000
2054.78100000,0.18275853,0.20167955,1.00000000
2055.26300000,0.18301081,0.20146264,1.00000000
2055.74600000,0.18315563,0.20124517,1.00000000
2056.22800000,0.18321717,0.20102805,1.00000000
2056.71000000,0.18319994,0.20081082,1.00000000
2057.19200000,0.18347124,0.20059350,1.00000000
2057.67400000,0.18331209,0.20037609,1.00000000
2058.15600000,0.18346246,0.20015858,1.00000000
2058.63800000,0.18351495,0.19994098,1.00000000
2059.12000000,0.18365428,0.19972330,1.00000000
2059.60300000,0.18391521,0.19950508,1.00000000
2060.08400000,0.18368654,0.19928769,1.00000000
2060.56700000,0.18387991,0.19906931,1.00000000
2061.04900000,0.18392415,0.19885131,1.00000000
2061.53100000,0.18400740,0.19863324,1.00000000
2062.01300000,0.18435290,0.19841510,1.00000000
2062.49500000,0.18416791,0.19819689,1.00000000
2062.97700000,0.18426798,0.19797862,1.00000000
2063.45900000,0.18451311,0.19776028,1.00000000
2063.94100000,0.18451022,0.19754189,1.00000000
2064.42400000,0.18445189,0.19732299,1.00000000
2064.90600000,0.18470984,0.19710449,1.00000000
2065.38800000,0.18489481,0.19688595,1.00000000
2065.87000000,0.18475340,0.19666735,1.00000000
2066.35200000,0.18497797,0.19644871,1.00000000
2066.83400000,0.18501968,0.19623003,1.00000000
2067.31600000,0.18518952,0.19601131,1.00000000
2067.79800000,0.18508157,0.19579256,1.00000000
2068.28100000,0.18525919,0.19557332,1.00000000
2068.76300000,0.18529211,0.19535450,1.00000000
2069.24500000,0.18494213,0.19513565,1.00000000
2069.72700000,0.18544712,0.19491678,1.00000000
2070.20900000,0.18534784,0.19469789,1.00000000
2070.69100000,0.18546854,0.19447899,1.00000000
2071.17300000,0.18543005,0.19426006,1.00000000
2071.65500000,0.18554535,0.19404112,1.00000000
2072.13700000,0.18573151,0.19382218,1.00000000
2072.62000000,0.18556581,0.19360277,1.00000000
2073.10200000,0.18558690,0.19338381,1.00000000
2073.58400000,0.18563062,0.19316484,1.00000000
2074.06600000,0.18588612,0.19294588,1.00000000
2074.54800000,0.18577861,0.19272693,1.00000000
2075.03000000,0.18594495,0.19250798,1.00000000
2075.51200000,0.18595716,0.19228904,1.00000000
2075.99400000,0.18610683,0.19207011,1.00000000
2076.47700000,0.18607146,0.19185074,1.00000000
2076.95900000,0.18625714,0.19163184,1.00000000
2077.44100000,0.18622567,0.19141297,1.00000000
2077.92300000,0.18618127,0.19119412,1.00000000
2078.40500000,0.18633318,0.19097529,1.00000000
2078.88700000,0.18642560,0.19075650,1.00000000
2079.36900000,0.18658528,0.19053773,1.00000000
2079.85100000,0.18633060,0.19031900,1.00000000
2080.33300000,0.18664773,0.19010031,1.00000000
2080.81600000,0.18652743,0.18988121,1.00000000
2081.29800000,0.18673131,0.18966260,1.00000000
2081.78000000,0.18679516,0.18944403,1.00000000
2082.26200000,0.18669482,0.18922552,1.00000000
2082.74400000,0.18700326,0.18900706,1.00000000
2083.22600000,0.18690756,0.18878865,1.00000000
2083.70800000,0.18690618,0.18857030,1.00000000
2084.19000000,0.18691058,0.18835201,1.00000000
2084.67300000,0.18689040,0.18813332,1.00000000
2085.15500000,0.18694328,0.18791516,1.00000000
2085.63700000,0.18696652,0.18769706,1.00000000
2086.11900000,0.18688414,0.18747904,1.00000000
2086.60100000,0.18703093,0.18726109,1.00000000
2087.08300000,0.18730620,0.18704321,1.00000000
2087.56500000,0.18689879,0.18682542,1.00000000
2088.04700000,0.18730272,0.18660771,1.00000000
2088.53000000,0.18722633,0.18638963,1.00000000
2089.01100000,0.18713799,0.18617254,1.00000000
2089.49400000,0.18728242,0.18595463,1.00000000
2089.97600000,0.18752422,0.18573728,1.00000000
2090.45800000,0.18713482,0.18552002,1.00000000
2090.94000000,0.18712347,0.18530285,1.00000000
2091.42200000,0.18734080,0.18508579,1.00000000
2091.90400000,0.18735052,0.18486883,1.00000000
2092.38600000,0.18733856,0.18465198,1.00000000
2092.86800000,0.18711405,0.18443524,1.00000000
2093.35100000,0.18747621,0.18421816,1.00000000
2093.83300000,0.18724135,0.18400165,1.00000000
2094.31500000,0.18716423,0.18378525,1.00000000
2094.79700000,0.18732188,0.18356898,1.00000000
2095.27900000,0.18739678,0.18335283,1.00000000
2095.76100000,0.18712279,0.18313680,1.00000000
2096.24300000,0.18718373,0.18292091,1.00000000
2096.72500000,0.18734691,0.18270514,1.00000000
2097.20800000,0.18732611,0.18248906,1.00000000
2097.69000000,0.18739369,0.18227357,1.00000000
2098.17200000,0.18747506,0.18205821,1.00000000
2098.65400000,0.18740469,0.18184300,1.00000000
2099.13600000,0.18735870,0.18162794,1.00000000
2099.61800000,0.18734873,0.18141302,1.00000000
2100.10000000,0.18735734,0.18119825,1.00000000
2100.58200000,0.18717342,0.18098364,1.00000000
2101.06400000,0.18721888,0.18076918,1.00000000
2101.54700000,0.18747923,0.18055443,1.00000000
2102.02900000,0.18746902,0.18034030,1.00000000
2102.51100000,0.18724607,0.18012632,1.00000000
2102.99300000,0.18725567,0.17991252,1.00000000
2103.47500000,0.18743228,0.17969888,1.00000000
2103.95700000,0.18734262,0.17948541,1.00000000
2104.43900000,0.18741812,0.17927212,1.00000000
2104.92100000,0.18730964,0.17905901,1.00000000
2105.40400000,0.18721533,0.17884564,1.00000000
2105.88600000,0.18744398,0.17863289,1.00000000
2106.36800000,0.18722543,0.17842032,1.00000000
2106.85000000,0.18707375,0.17820795,1.00000000
2107.33200000,0.18710326,0.17799576,1.00000000
2107.81400000,0.18719971,0.17778377,1.00000000
2108.29600000,0.18712296,0.17757198,1.00000000
2108.77800000,0.18705714,0.17736039,1.00000000
2109.26000000,0.18688483,0.17714899,1.00000000
2109.74300000,0.18692517,0.17693737,1.00000000
2110.22500000,0.18692344,0.17672638,1.00000000
2110.70700000,0.18693046,0.17651561,1.00000000
2111.18900000,0.18671585,0.17630505,1.00000000
2111.67100000,0.18693024,0.17609471,1.00000000
2112.15300000,0.18682453,0.17588458,1.00000000
2112.63500000,0.18689995,0.17567467,1.00000000
2113.11700000,0.18692352,0.17546499,1.00000000
2113.60000000,0.18703032,0.17525510,1.00000000
2114.08200000,0.18696685,0.17504587,1.00000000
2114.56400000,0.18688338,0.17483687,1.00000000
2115.04600000,0.18707050,0.17462810,1.00000000
2115.52800000,0.18666802,0.17441957,1.00000000
2116.01000000,0.18699997,0.17421128,1.00000000
2116.49200000,0.18657824,0.17400323,1.00000000
2116.97400000,0.18670309,0.17379542,1.00000000
2117.45700000,0.18676504,0.17358743,1.00000000
2117.93800000,0.18646573,0.17338055,1.00000000
2118.42100000,0.18647080,0.17317306,1.00000000
2118.90300000,0.18643808,0.17296626,1.00000000
2119.38500000,0.18647265,0.17275971,1.00000000
2119.86700000,0.18636323,0.17255342,1.00000000
2120.34900000,0.18647343,0.17234739,1.00000000
2120.83100000,0.18638070,0.17214163,1.00000000
2121.31300000,0.18604184,0.17193613,1.00000000
2121.79500000,0.18627853,0.17173091,1.00000000
2122.27800000,0.18619653,0.17152553,1.00000000
2122.76000000,0.18599308,0.17132085,1.00000000
2123.24200000,0.18578802,0.17111645,1.00000000
2123.72400000,0.18589037,0.17091232,1.00000000
2124.20600000,0.18590263,0.17070848,1.00000000
2124.68800000,0.18592808,0.17050493,1.00000000
2125.17000000,0.18578016,0.17030166,1.00000000
2125.65200000,0.18546434,0.17009869,1.00000000
2126.13500000,0.18596517,0.16989558,1.00000000
2126.61700000,0.18585846,0.16969319,1.00000000
2127.09900000,0.18567105,0.16949110,1.00000000
2127.58100000,0.18570950,0.16928931,1.00000000
2128.06300000,0.18552264,0.16908782,1.00000000
2128.54500000,0.18560517,0.16888664,1.00000000
2129.02700000,0.18561255,0.16868576,1.00000000
2129.50900000,0.18522404,0.16848519,1.00000000
2129.99100000,0.18540930,0.16828494,1.00000000
2130.47400000,0.18526134,0.16808459,1.00000000
2130.95600000,0.18530763,0.16788497,1.00000000
2131.43800000,0.18506039,0.16768567,1.00000000
2131.92000000,0.18525356,0.16748669,1.00000000
2132.40200000,0.18524631,0.16728803,1.00000000
2132.88400000,0.18499015,0.16708971,1.00000000
2133.36600000,0.18511801,0.16689171,1.00000000
2133.84800000,0.18500765,0.16669405,1.00000000
2134.33100000,0.18480420,0.16649631,1.00000000
2134.81300000,0.18468416,0.16629932,1.00000000
2135.29500000,0.18464810,0.16610267,1.00000000
2135.77700000,0.18469145,0.16590636,1.00000000
2136.25900000,0.18474655,0.16571040,1.00000000
2136.74100000,0.18469544,0.16551478,1.00000000
2137.22300000,0.18449690,0.16531951,1.00000000
2137.70500000,0.18445093,0.16512460,1.00000000
2138.18800000,0.18433941,0.16492963,1.00000000
2138.67000000,0.18432423,0.16473543,1.00000000
2139.15200000,0.18416379,0.16454158,1.00000000
2139.63400000,0.18407793,0.16434809,1.00000000
2140.11600000,0.18406336,0.16415497,1.00000000
2140.59800000,0.18411277,0.16396222,1.00000000
2141.08000000,0.18391568,0.16376983,1.00000000
2141.56200000,0.18384947,0.16357782,1.00000000
2142.04400000,0.18375667,0.16338618,1.00000000
2142.52700000,0.18375879,0.16319452,1.00000000
2143.00900000,0.18348803,0.16300363,1.00000000
2143.49100000,0.18363206,0.16281312,1.00000000
2143.97300000,0.18344470,0.16262300,1.00000000
2144.45500000,0.18325700,0.16243326,1.00000000
2144.93700000,0.18319162,0.16224391,1.00000000
2145.41900000,0.18296617,0.16205495,1.00000000
2145.90100000,0.18305803,0.16186638,1.00000000
2146.38400000,0.18291170,0.16167781,1.00000000
2146.86500000,0.18281762,0.16149042,1.00000000
2147.34800000,0.18278105,0.16130265,1.00000000
2147.83000000,0.18272668,0.16111568,1.00000000
2148.31200000,0.18276486,0.16092910,1.00000000
2148.79400000,0.18250360,0.16074293,1.00000000
2149.27600000,0.18233226,0.16055718,1.00000000
2149.75800000,0.18233956,0.16037183,1.00000000
2150.24000000,0.18248925,0.16018689,1.00000000
2150.72200000,0.18242726,0.16000237,1.00000000
2151.20500000,0.18207445,0.15981788,1.00000000
2151.68700000,0.18190449,0.15963420,1.00000000
2152.16900000,0.18192974,0.15945094,1.00000000
2152.65100000,0.18204465,0.15926810,1.00000000
2153.13300000,0.18182552,0.15908569,1.00000000
2153.61500000,0.18179371,0.15890371,1.00000000
2154.09700000,0.18166081,0.15872215,1.00000000
2154.57900000,0.18149749,0.15854103,1.00000000
2155.06200000,0.18138776,0.15835998,1.00000000
2155.54400000,0.18117140,0.15817973,1.00000000
2156.02600000,0.18129241,0.15799992,1.00000000
2156.50800000,0.18129656,0.15782056,1.00000000
2156.99000000,0.18114985,0.15764164,1.00000000
2157.47200000,0.18097138,0.15746317,1.00000000
2157.95400000,0.18096188,0.15728514,1.00000000
2158.43600000,0.18081987,0.15710757,1.00000000
2158.91800000,0.18093485,0.15693044,1.00000000
2159.40100000,0.18083974,0.15675341,1.00000000
2159.88300000,0.18043515,0.15657720,1.00000000
2160.36500000,0.18046290,0.15640145,1.00000000
2160.84700000,0.18027541,0.15622616,1.00000000
2161.32900000,0.18040664,0.15605134,1.00000000
2161.81100000,0.18030807,0.15587698,1.00000000
2162.29300000,0.18007045,0.15570309,1.00000000
2162.77500000,0.18012886,0.15552967,1.00000000
2163.25800000,0.17988260,0.15535636,1.00000000
2163.74000000,0.17980273,0.15518388,1.00000000
2164.22200000,0.17967640,0.15501189,1.00000000
2164.70400000,0.17967962,0.15484037,1.00000000
2165.18600000,0.17978450,0.15466933,1.00000000
2165.66800000,0.17943858,0.15449877,1.00000000
2166.15000000,0.17938361,0.15432870,1.00000000
2166.63200000,0.17917036,0.15415911,1.00000000
2167.11500000,0.17914356,0.15398966,1.00000000
2167.59700000,0.17901983,0.15382106,1.00000000
2168.07900000,0.17880784,0.15365294,1.00000000
2168.56100000,0.17865779,0.15348533,1.00000000
2169.04300000,0.17876611,0.15331821,1.00000000
2169.52500000,0.17859218,0.15315158,1.00000000
2170.00700000,0.17866370,0.15298546,1.00000000
2170.48900000,0.17868692,0.15281984,1.00000000
2170.97100000,0.17840895,0.15265473,1.00000000
2171.45400000,0.17836108,0.15248978,1.00000000
2171.93600000,0.17841671,0.15232569,1.00000000
2172.41800000,0.17851169,0.15216210,1.00000000
2172.90000000,0.17827377,0.15199903,1.00000000
2173.38200000,0.17798420,0.15183647,1.00000000
2173.86400000,0.17792361,0.15167443,1.00000000
2174.34600000,0.17809661,0.15151291,1.00000000
2174.82800000,0.17794790,0.15135191,1.00000000
2175.31100000,0.17783139,0.15119110,1.00000000
2175.79200000,0.17763013,0.15103147,1.00000000
2176.27500000,0.17742745,0.15087172,1.00000000
2176.75700000,0.17756907,0.15071282,1.00000000
2177.23900000,0.17750385,0.15055445,1.00000000
2177.72100000,0.17726426,0.15039662,1.00000000
2178.20300000,0.17736073,0.15023932,1.00000000
2178.68500000,0.17713670,0.15008255,1.00000000
2179.16700000,0.17712775,0.14992633,1.00000000
2179.64900000,0.17710493,0.14977064,1.00000000
2180.13200000,0.17704339,0.14961517,1.00000000
2180.61400000,0.17700357,0.14946057,1.00000000
2181.09600000,0.17697865,0.14930652,1.00000000
2181.57800000,0.17674148,0.14915301,1.00000000
2182.06000000,0.17665898,0.14900005,1.00000000
2182.54200000,0.17667365,0.14884765,1.00000000
2183.02400000,0.17653836,0.14869579,1.00000000
2183.50600000,0.17662717,0.14854449,1.00000000
2183.98900000,0.17664161,0.14839344,1.00000000
2184.47100000,0.17647552,0.14824326,1.00000000
2184.95300000,0.17638494,0.14809363,1.00000000
2185.43500000,0.17632670,0.14794457,1.00000000
2185.91700000,0.17619380,0.14779608,1.00000000
2186.39900000,0.17616173,0.14764815,1.00000000
2186.88100000,0.17608309,0.14750078,1.00000000
2187.36300000,0.17596663,0.14735399,1.00000000
2187.84500000,0.17609032,0.14720776,1.00000000
2188.32800000,0.17589613,0.14706181,1.00000000
2188.81000000,0.17587869,0.14691673,1.00000000
2189.29200000,0.17564260,0.14677223,1.00000000
2189.77400000,0.17555216,0.14662831,1.00000000
2190.25600000,0.17550048,0.14648497,1.00000000
2190.73800000,0.17542995,0.14634221,1.00000000
2191.22000000,0.17557428,0.14620003,1.00000000
2191.70200000,0.17529627,0.14605844,1.00000000
2192.18500000,0.17516936,0.14591714,1.00000000
2192.66700000,0.17528137,0.14577672,1.00000000
2193.14900000,0.17513315,0.14563689,1.00000000
2193.63100000,0.17492442,0.14549765,1.00000000
2194.11300000,0.17501174,0.14535901,1.00000000
2194.59500000,0.17483751,0.14522096,1.00000000
2195.07700000,0.17497528,0.14508351,1.00000000
2195.55900000,0.17484114,0.14494665,1.00000000
2196.04200000,0.17487280,0.14481012,1.00000000
2196.52400000,0.17485758,0.14467446,1.00000000
2197.00600000,0.17477527,0.14453941,1.00000000
2197.48800000,0.17503589,0.14440497,1.00000000
2197.97000000,0.17482165,0.14427113,1.00000000
2198.45200000,0.17485865,0.14413790,1.00000000
2198.93400000,0.17446853,0.14400527,1.00000000
2199.41600000,0.17438286,0.14387326,1.00000000
2199.89800000,0.17449500,0.14374186,1.00000000
2200.38100000,0.17431768,0.14361081,1.00000000
2200.86300000,0.17445306,0.14348064,1.00000000
2201.34500000,0.17451694,0.14335108,1.00000000
2201.82700000,0.17442414,0.14322215,1.00000000
2202.30900000,0.17423913,0.14309384,1.00000000
2202.79100000,0.17437720,0.14296615,1.00000000
2203.27300000,0.17429064,0.14283908,1.00000000
2203.75500000,0.17431647,0.14271263,1.00000000
2204.23800000,0.17435120,0.14258656,1.00000000
2204.71900000,0.17404764,0.14246163,1.00000000
2205.20200000,0.17406380,0.14233681,1.00000000
2205.68400000,0.17384180,0.14221288,1.00000000
2206.16600000,0.17406589,0.14208958,1.00000000
2206.64800000,0.17387454,0.14196692,1.00000000
2207.13000000,0.17412378,0.14184489,1.00000000
2207.61200000,0.17395410,0.14172350,1.00000000
2208.09400000,0.17393382,0.14160274,1.00000000
2208.57600000,0.17372413,0.14148263,1.00000000
2209.05900000,0.17375025,0.14136290,1.00000000
2209.54100000,0.17369861,0.14124407,1.00000000
2210.02300000,0.17373943,0.14112588,1.00000000
2210.50500000,0.17371601,0.14100834,1.00000000
2210.98700000,0.17362764,0.14089144,1.00000000
2211.46900000,0.17360093,0.14077519,1.00000000
2211.95100000,0.17376714,0.14065959,1.00000000
2212.43300000,0.17366558,0.14054464,1.00000000
2212.91600000,0.17348933,0.14043011,1.00000000
2213.39800000,0.17370806,0.14031646,1.00000000
2213.88000000,0.17369005,0.14020347,1.00000000
2214.36200000,0.17371013,0.14009114,1.00000000
2214.84400000,0.17347536,0.13997946,1.00000000
2215.32600000,0.17362079,0.13986844,1.00000000
2215.80800000,0.17370682,0.13975808,1.00000000
2216.29000000,0.17381330,0.13964838,1.00000000
2216.77200000,0.17358941,0.13953934,1.00000000
2217.25500000,0.17339002,0.13943075,1.00000000
2217.73700000,0.17359741,0.13932304,1.00000000
2218.21900000,0.17357134,0.13921600,1.00000000
2218.70100000,0.17358449,0.13910962,1.00000000
2219.18300000,0.17372048,0.13900392,1.00000000
2219.66500000,0.17364939,0.13889888,1.00000000
2220.14700000,0.17370275,0.13879451,1.00000000
2220.62900000,0.17362398,0.13869082,1.00000000
2221.11200000,0.17361223,0.13858759,1.00000000
2221.59400000,0.17387981,0.13848524,1.00000000
2222.07600000,0.17377184,0.13838357,1.00000000
2222.55800000,0.17371534,0.13828258,1.00000000
2223.04000000,0.17360876,0.13818227,1.00000000
2223.52200000,0.17384895,0.13808263,1.00000000
2224.00400000,0.17372482,0.13798368,1.00000000
2224.48600000,0.17374141,0.13788540,1.00000000
2224.96900000,0.17392950,0.13778761,1.00000000
2225.45100000,0.17397336,0.13769070,1.00000000
2225.93300000,0.17392741,0.13759448,1.00000000
2226.41500000,0.17379431,0.13749895,1.00000000
2226.89700000,0.17394682,0.13740410,1.00000000
2227.37900000,0.17400467,0.13730994,1.00000000
2227.86100000,0.17388287,0.13721647,1.00000000
2228.34300000,0.17389989,0.13712369,1.00000000
2228.82500000,0.17385524,0.13703160,1.00000000
2229.30800000,0.17398669,0.13694001,1.00000000
2229.79000000,0.17402036,0.13684931,1.00000000
2230.27200000,0.17401968,0.13675930,1.00000000
2230.75400000,0.17411387,0.13666999,1.00000000
2231.23600000,0.17411697,0.13658137,1.00000000
2231.71800000,0.17409076,0.13649345,1.00000000
2232.20000000,0.17411410,0.13640623,1.00000000
2232.68200000,0.17412990,0.13631971,1.00000000
2233.16500000,0.17413537,0.13623372,1.00000000
2233.64600000,0.17416805,0.13614877,1.00000000
2234.12900000,0.17417529,0.13606418,1.00000000
2234.61100000,0.17432022,0.13598047,1.00000000
2235.09300000,0.17427222,0.13589747,1.00000000
2235.57500000,0.17425744,0.13581516,1.00000000
2236.05700000,0.17425656,0.13573357,1.00000000
2236.53900000,0.17437241,0.13565268,1.00000000
2237.02100000,0.17446728,0.13557250,1.00000000
2237.50300000,0.17434034,0.13549303,1.00000000
2237.98600000,0.17436047,0.13541411,1.00000000
2238.46800000,0.17441421,0.13533606,1.00000000
2238.95000000,0.17457156,0.13525872,1.00000000
2239.43200000,0.17454364,0.13518209,1.00000000
2239.91400000,0.17436255,0.13510618,1.00000000
2240.39600000,0.17464393,0.13503098,1.00000000
2240.87800000,0.17481868,0.13495650,1.00000000
2241.36000000,0.17473905,0.13488274,1.00000000
2241.84300000,0.17491887,0.13480953,1.00000000
2242.32500000,0.17481032,0.13473720,1.00000000
2242.80700000,0.17493672,0.13466559,1.00000000
2243.28900000,0.17489830,0.13459470,1.00000000
2243.77100000,0.17511547,0.13452452,1.00000000
2244.25300000,0.17505648,0.13445507,1.00000000
2244.73500000,0.17501873,0.13438634,1.00000000
2245.21700000,0.17506728,0.13431833,1.00000000
2245.69900000,0.17518890,0.13425104,1.00000000
2246.18200000,0.17504748,0.13418434,1.00000000
2246.66400000,0.17520684,0.13411851,1.00000000
2247.14600000,0.17533915,0.13405340,1.00000000
2247.62800000,0.17509578,0.13398901,1.00000000
2248.11000000,0.17516982,0.13392535,1.00000000
2248.59200000,0.17535758,0.13386242,1.00000000
2249.07400000,0.17556899,0.13380022,1.00000000
2249.55600000,0.17542159,0.13373874,1.00000000
2250.03900000,0.17555671,0.13367787,1.00000000
2250.52100000,0.17553122,0.13361785,1.00000000
2251.00300000,0.17574928,0.13355857,1.00000000
2251.48500000,0.17566734,0.13350002,1.00000000
2251.96700000,0.17576544,0.13344220,1.00000000
2252.44900000,0.17574823,0.13338511,1.00000000
2252.93100000,0.17590089,0.13332875,1.00000000
2253.41300000,0.17585268,0.13327313,1.00000000
2253.89600000,0.17594006,0.13321813,1.00000000
2254.37800000,0.17611508,0.13316398,1.00000000
2254.86000000,0.17630121,0.13311057,1.00000000
2255.34200000,0.17645359,0.13305789,1.00000000
2255.82400000,0.17626521,0.13300595,1.00000000
2256.30600000,0.17624584,0.13295474,1.00000000
2256.78800000,0.17645902,0.13290428,1.00000000
2257.27000000,0.17653875,0.13285455,1.00000000
2257.75200000,0.17666050,0.13280556,1.00000000
2258.23500000,0.17665201,0.13275721,1.00000000
2258.71700000,0.17685046,0.13270970,1.00000000
2259.19900000,0.17668001,0.13266293,1.00000000
2259.68100000,0.17681091,0.13261690,1.00000000
2260.16300000,0.17682007,0.13257161,1.00000000
2260.64500000,0.17665523,0.13252707,1.00000000
2261.12700000,0.17688247,0.13248326,1.00000000
2261.60900000,0.17725471,0.13244020,1.00000000
2262.09200000,0.17693814,0.13239780,1.00000000
2262.57300000,0.17707890,0.13235631,1.00000000
2263.05600000,0.17703398,0.13231540,1.00000000
2263.53800000,0.17708422,0.13227531,1.00000000
2264.02000000,0.17715095,0.13223597,1.00000000
2264.50200000,0.17736383,0.13219738,1.00000000
2264.98400000,0.17750132,0.13215953,1.00000000
2265.46600000,0.17765906,0.13212243,1.00000000
2265.94800000,0.17736834,0.13208607,1.00000000
2266.43000000,0.17785480,0.13205046,1.00000000
2266.91300000,0.17787666,0.13201553,1.00000000
2267.39500000,0.17794640,0.13198141,1.00000000
2267.87700000,0.17774668,0.13194805,1.00000000
2268.35900000,0.17796855,0.13191543,1.00000000
2268.84100000,0.17819723,0.13188356,1.00000000
2269.32300000,0.17820142,0.13185244,1.00000000
2269.80500000,0.17829319,0.13182206,1.00000000
2270.28700000,0.17845562,0.13179244,1.00000000
2270.77000000,0.17831130,0.13176351,1.00000000
2271.25200000,0.17849750,0.13173538,1.00000000
2271.73400000,0.17852145,0.13170801,1.00000000
2272.21600000,0.17856884,0.13168139,1.00000000
2272.69800000,0.17867058,0.13165551,1.00000000
2273.18000000,0.17865104,0.13163039,1.00000000
2273.66200000,0.17892509,0.13160602,1.00000000
2274.14400000,0.17887574,0.13158240,1.00000000
2274.62600000,0.17878930,0.13155953,1.00000000
2275.10900000,0.17906659,0.13153737,1.00000000
2275.59100000,0.17894447,0.13151601,1.00000000
2276.07300000,0.17920030,0.13149539,1.00000000
2276.55500000,0.17929294,0.13147553,1.00000000
2277.03700000,0.17921053,0.13145643,1.00000000
2277.51900000,0.17938019,0.13143807,1.00000000
2278.00100000,0.17938232,0.13142047,1.00000000
2278.48300000,0.17961486,0.13140362,1.00000000
2278.96600000,0.17983460,0.13138748,1.00000000
2279.44800000,0.18002759,0.13137214,1.00000000
2279.93000000,0.17997592,0.13135755,1.00000000
2280.41200000,0.17994844,0.13134371,1.00000000
2280.89400000,0.18002291,0.13133063,1.00000000
2281.37600000,0.18031729,0.13131829,1.00000000
2281.85800000,0.18039732,0.13130672,1.00000000
2282.34000000,0.18033032,0.13129589,1.00000000
2282.82300000,0.18049571,0.13128580,1.00000000
2283.30500000,0.18047425,0.13127648,1.00000000
2283.78700000,0.18066281,0.13126792,1.00000000
2284.26900000,0.18062700,0.13126010,1.00000000
2284.75100000,0.18077369,0.13125305,1.00000000
2285.23300000,0.18079339,0.13124674,1.00000000
2285.71500000,0.18086234,0.13124119,1.00000000
2286.19700000,0.18097334,0.13123639,1.00000000
2286.67900000,0.18115137,0.13123235,1.00000000
2287.16200000,0.18096935,0.13122905,1.00000000
2287.64400000,0.18128975,0.13122651,1.00000000
2288.12600000,0.18119079,0.13122473,1.00000000
2288.60800000,0.18105113,0.13122370,1.00000000
2289.09000000,0.18136758,0.13122342,1.00000000
2289.57200000,0.18125833,0.13122390,1.00000000
2290.05400000,0.18117663,0.13122512,1.00000000
2290.53600000,0.18117378,0.13122710,1.00000000
2291.01900000,0.18137572,0.13122984,1.00000000
2291.50000000,0.18115613,0.13123332,1.00000000
2291.98300000,0.18119419,0.13123757,1.00000000
2292.46500000,0.18128352,0.13124256,1.00000000
2292.94700000,0.18127962,0.13124830,1.00000000
2293.42900000,0.18129703,0.13125480,1.00000000
2293.91100000,0.18125455,0.13126205,1.00000000
2294.39300000,0.18108192,0.13127004,1.00000000
2294.87500000,0.18112947,0.13127879,1.00000000
2295.35700000,0.18134544,0.13128829,1.00000000
2295.84000000,0.18131306,0.13129857,1.00000000
2296.32200000,0.18133565,0.13130957,1.00000000
2296.80400000,0.18127978,0.13132132,1.00000000
2297.28600000,0.18115932,0.13133383,1.00000000
2297.76800000,0.18136811,0.13134708,1.00000000
2298.25000000,0.18132287,0.13136109,1.00000000
2298.73200000,0.18149758,0.13137584,1.00000000
2299.21400000,0.18146914,0.13139134,1.00000000
2299.69700000,0.18165323,0.13140763,1.00000000
2300.17900000,0.18157713,0.13142463,1.00000000
2300.66100000,0.18170140,0.13144238,1.00000000
2301.14300000,0.18161373,0.13146087,1.00000000
2301.62500000,0.18197849,0.13148012,1.00000000
2302.10700000,0.18185591,0.13150011,1.00000000
2302.58900000,0.18217057,0.13152085,1.00000000
2303.07100000,0.18201364,0.13154234,1.00000000
2303.55300000,0.18185071,0.13156457,1.00000000
2304.03600000,0.18180184,0.13158760,1.00000000
2304.51800000,0.18206387,0.13161132,1.00000000
2305.00000000,0.18207534,0.13163579,1.00000000
2305.48200000,0.18176839,0.13166101,1.00000000
2305.96400000,0.18189218,0.13168697,1.00000000
2306.44600000,0.18173395,0.13171367,1.00000000
2306.92800000,0.18194950,0.13174112,1.00000000
2307.41000000,0.18171534,0.13176931,1.00000000
2307.89300000,0.18172935,0.13179830,1.00000000
2308.37500000,0.18177726,0.13182798,1.00000000
2308.85700000,0.18183904,0.13185839,1.00000000
2309.33900000,0.18202546,0.13188955,1.00000000
2309.82100000,0.18198752,0.13192145,1.00000000
2310.30300000,0.18212667,0.13195409,1.00000000
2310.78500000,0.18232221,0.13198747,1.00000000
2311.26700000,0.18234664,0.13202159,1.00000000
2311.75000000,0.18243458,0.13205653,1.00000000
2312.23200000,0.18253537,0.13209213,1.00000000
2312.71400000,0.18278778,0.13212846,1.00000000
2313.19600000,0.18312215,0.13216554,1.00000000
2313.67800000,0.18319013,0.13220335,1.00000000
2314.16000000,0.18323878,0.13224189,1.00000000
2314.64200000,0.18359468,0.13228118,1.00000000
2315.12400000,0.18336857,0.13232119,1.00000000
2315.60600000,0.18362930,0.13236194,1.00000000
2316.08900000,0.18387138,0.13240352,1.00000000
2316.57100000,0.18382881,0.13244574,1.00000000
2317.05300000,0.18379387,0.13248869,1.00000000
2317.53500000,0.18392532,0.13253238,1.00000000
2318.01700000,0.18404814,0.13257679,1.00000000
2318.49900000,0.18389350,0.13262194,1.00000000
2318.98100000,0.18419014,0.13266782,1.00000000
2319.46300000,0.18402158,0.13271442,1.00000000
2319.94600000,0.18405531,0.13276186,1.00000000
2320.42700000,0.18415603,0.13280982,1.00000000
2320.91000000,0.18417679,0.13285872,1.00000000
2321.39200000,0.18433853,0.13290824,1.00000000
2321.87400000,0.18403757,0.13295848,1.00000000
2322.35600000,0.18401735,0.13300946,1.00000000
2322.83800000,0.18420124,0.13306115,1.00000000
2323.32000000,0.18409850,0.13311357,1.00000000
2323.80200000,0.18378860,0.13316672,1.00000000
2324.28400000,0.18376024,0.13322058,1.00000000
2324.76700000,0.18366683,0.13327528,1.00000000
2325.24900000,0.18377504,0.13333059,1.00000000
2325.73100000,0.18365455,0.13338663,1.00000000
2326.21300000,0.18370834,0.13344338,1.00000000
2326.69500000,0.18363758,0.13350084,1.00000000
2327.17700000,0.18357475,0.13355903,1.00000000
2327.65900000,0.18350826,0.13361794,1.00000000
2328.14100000,0.18354023,0.13367756,1.00000000
2328.62400000,0.18364615,0.13373802,1.00000000
2329.10600000,0.18367109,0.13379907,1.00000000
2329.58800000,0.18350378,0.13386083,1.00000000
2330.07000000,0.18380029,0.13392331,1.00000000
2330.55200000,0.18379034,0.13398650,1.00000000
2331.03400000,0.18374828,0.13405041,1.00000000
2331.51600000,0.18362179,0.13411502,1.00000000
2331.99800000,0.18357445,0.13418034,1.00000000
2332.48000000,0.18368400,0.13424637,1.00000000
2332.96300000,0.18359006,0.13431325,1.00000000
2333.44500000,0.18331774,0.13438069,1.00000000
2333.92700000,0.18339332,0.13444885,1.00000000
2334.40900000,0.18345119,0.13451770,1.00000000
2334.89100000,0.18356774,0.13458727,1.00000000
2335.37300000,0.18341113,0.13465753,1.00000000
2335.85500000,0.18376976,0.13472850,1.00000000
2336.33700000,0.18379827,0.13480017,1.00000000
2336.82000000,0.18407687,0.13487269,1.00000000
2337.30200000,0.18420480,0.13494575,1.00000000
2337.78400000,0.18453057,0.13501952,1.00000000
2338.26600000,0.18480085,0.13509399,1.00000000
2338.74800000,0.18481211,0.13516915,1.00000000
2339.23000000,0.18489826,0.13524501,1.00000000
2339.71200000,0.18517210,0.13532156,1.00000000
2340.19400000,0.18503401,0.13539880,1.00000000
2340.67700000,0.18505935,0.13547690,1.00000000
2341.15900000,0.18498380,0.13555553,1.00000000
2341.64100000,0.18488010,0.13563485,1.00000000
2342.12300000,0.18490799,0.13571486,1.00000000
2342.60500000,0.18475634,0.13579556,1.00000000
2343.08700000,0.18478212,0.13587694,1.00000000
2343.56900000,0.18464255,0.13595901,1.00000000
2344.05100000,0.18452265,0.13604176,1.00000000
2344.53300000,0.18481510,0.13612520,1.00000000
2345.01600000,0.18459396,0.13620950,1.00000000
2345.49800000,0.18481979,0.13629430,1.00000000
2345.98000000,0.18476597,0.13637979,1.00000000
2346.46200000,0.18479434,0.13646595,1.00000000
2346.94400000,0.18491880,0.13655279,1.00000000
2347.42600000,0.18481682,0.13664031,1.00000000
2347.90800000,0.18474794,0.13672851,1.00000000
2348.39000000,0.18472235,0.13681738,1.00000000
2348.87300000,0.18477637,0.13690711,1.00000000
2349.35400000,0.18466825,0.13699714,1.00000000
2349.83700000,0.18486945,0.13708821,1.00000000
2350.31900000,0.18465531,0.13717977,1.00000000
2350.80100000,0.18453008,0.13727200,1.00000000
2351.28300000,0.18478841,0.13736489,1.00000000
2351.76500000,0.18440875,0.13745846,1.00000000
2352.24700000,0.18474842,0.13755268,1.00000000
2352.72900000,0.18454767,0.13764757,1.00000000
2353.21100000,0.18440578,0.13774312,1.00000000
2353.69400000,0.18447810,0.13783954,1.00000000
2354.17600000,0.18460563,0.13793642,1.00000000
2354.65800000,0.18465875,0.13803395,1.00000000
2355.14000000,0.18468005,0.13813214,1.00000000
2355.62200000,0.18477426,0.13823099,1.00000000
2356.10400000,0.18472889,0.13833050,1.00000000
2356.58600000,0.18472204,0.13843065,1.00000000
2357.06800000,0.18488814,0.13853147,1.00000000
2357.55100000,0.18506336,0.13863314,1.00000000
2358.03300000,0.18487414,0.13873525,1.00000000
2358.51500000,0.18498937,0.13883801,1.00000000
2358.99700000,0.18473379,0.13894142,1.00000000
2359.47900000,0.18466403,0.13904548,1.00000000
2359.96100000,0.18448617,0.13915017,1.00000000
2360.44300000,0.18457827,0.13925552,1.00000000
2360.92500000,0.18470574,0.13936150,1.00000000
2361.40700000,0.18460437,0.13946813,1.00000000
2361.89000000,0.18500726,0.13957561,1.00000000
2362.37200000,0.18506877,0.13968351,1.00000000
2362.85400000,0.18535659,0.13979205,1.00000000
2363.33600000,0.18562880,0.13990123,1.00000000
2363.81800000,0.18580273,0.14001103,1.00000000
2364.30000000,0.18588875,0.14012147,1.00000000
2364.78200000,0.18579818,0.14023254,1.00000000
2365.26400000,0.18556960,0.14034424,1.00000000
2365.74700000,0.18535140,0.14045680,1.00000000
2366.22900000,0.18537525,0.14056976,1.00000000
2366.71100000,0.18533252,0.14068334,1.00000000
2367.19300000,0.18490621,0.14079754,1.00000000
2367.67500000,0.18487790,0.14091237,1.00000000
2368.15700000,0.18489433,0.14102781,1.00000000
2368.63900000,0.18484664,0.14114387,1.00000000
2369.12100000,0.18465751,0.14126056,1.00000000
2369.60400000,0.18467390,0.14137810,1.00000000
2370.08600000,0.18474746,0.14149601,1.00000000
2370.56800000,0.18490615,0.14161454,1.00000000
2371.05000000,0.18496332,0.14173368,1.00000000
2371.53200000,0.18487709,0.14185342,1.00000000
2372.01400000,0.18501252,0.14197378,1.00000000
2372.49600000,0.18545436,0.14209474,1.00000000
2372.97800000,0.18522931,0.14221631,1.00000000
2373.46000000,0.18536007,0.14233848,1.00000000
2373.94300000,0.18543329,0.14246151,1.00000000
2374.42500000,0.18552028,0.14258489,1.00000000
2374.90700000,0.18548591,0.14270887,1.00000000
2375.38900000,0.18552189,0.14283344,1.00000000
2375.87100000,0.18545310,0.14295861,1.00000000
2376.35300000,0.18567391,0.14308437,1.00000000
2376.83500000,0.18555857,0.14321073,1.00000000
2377.31700000,0.18567939,0.14333767,1.00000000
2377.79900000,0.18554560,0.14346521,1.00000000
2378.28100000,0.18564248,0.14359333,1.00000000
2378.76400000,0.18564618,0.14372231,1.00000000
2379.24600000,0.18556367,0.14385161,1.00000000
2379.72800000,0.18570071,0.14398149,1.00000000
2380.21000000,0.18580051,0.14411195,1.00000000
2380.69200000,0.18582333,0.14424299,1.00000000
2381.17400000,0.18570390,0.14437460,1.00000000
2381.65600000,0.18599052,0.14450680,1.00000000
2382.13800000,0.18591939,0.14463957,1.00000000
2382.62100000,0.18598709,0.14477319,1.00000000
2383.10300000,0.18585398,0.14490710,1.00000000
2383.58500000,0.18623135,0.14504158,1.00000000
2384.06700000,0.18605684,0.14517663,1.00000000
2384.54900000,0.18634250,0.14531225,1.00000000
2385.03100000,0.18633850,0.14544843,1.00000000
2385.51300000,0.18661104,0.14558518,1.00000000
2385.99500000,0.18665069,0.14572248,1.00000000
2386.47800000,0.18680357,0.14586063,1.00000000
2386.96000000,0.18680339,0.14599906,1.00000000
2387.44200000,0.18677441,0.14613804,1.00000000
2387.92400000,0.18678445,0.14627757,1.00000000
2388.40600000,0.18694639,0.14641765,1.00000000
2388.88800000,0.18677535,0.14655829,1.00000000
2389.37000000,0.18699107,0.14669947,1.00000000
2389.85200000,0.18689402,0.14684120,1.00000000
2390.33400000,0.18672736,0.14698348,1.00000000
2390.81700000,0.18690850,0.14712659,1.00000000
2391.29900000,0.18680337,0.14726995,1.00000000
2391.78100000,0.18655714,0.14741386,1.00000000
2392.26300000,0.18671017,0.14755829,1.00000000
2392.74500000,0.18670414,0.14770327,1.00000000
2393.22700000,0.18642213,0.14784878,1.00000000
2393.70900000,0.18651772,0.14799482,1.00000000
2394.19100000,0.18658816,0.14814139,1.00000000
2394.67400000,0.18662008,0.14828880,1.00000000
2395.15600000,0.18650265,0.14843643,1.00000000
2395.63800000,0.18636311,0.14858458,1.00000000
2396.12000000,0.18618624,0.14873325,1.00000000
2396.60200000,0.18630320,0.14888245,1.00000000
2397.08400000,0.18627413,0.14903217,1.00000000
2397.56600000,0.18608021,0.14918240,1.00000000
2398.04800000,0.18609407,0.14933315,1.00000000
2398.53100000,0.18607162,0.14948473,1.00000000
2399.01200000,0.18607411,0.14963619,1.00000000
2399.49500000,0.18596277,0.14978879,1.00000000
2399.97700000,0.18590945,0.14994158,1.00000000
2400.45900000,0.18582612,0.15009488,1.00000000
2400.94100000,0.18585926,0.15024869,1.00000000
2401.42300000,0.18575330,0.15040299,1.00000000
2401.90500000,0.18549940,0.15055780,1.00000000
2402.38700000,0.18575557,0.15071310,1.00000000
2402.86900000,0.18536171,0.15086890,1.00000000
2403.35200000,0.18556795,0.15102552,1.00000000
2403.83400000,0.18547023,0.15118231,1.00000000
2404.31600000,0.18522694,0.15133959,1.00000000
2404.79800000,0.18537714,0.15149736,1.00000000
2405.28000000,0.18526216,0.15165561,1.00000000
2405.76200000,0.18511438,0.15181435,1.00000000
2406.24400000,0.18527669,0.15197357,1.00000000
2406.72600000,0.18506196,0.15213327,1.00000000
2407.20800000,0.18481579,0.15229345,1.00000000
2407.69100000,0.18489659,0.15245444,1.00000000
2408.17300000,0.18467191,0.15261558,1.00000000
2408.65500000,0.18471103,0.15277718,1.00000000
2409.13700000,0.18460288,0.15293925,1.00000000
2409.61900000,0.18447128,0.15310180,1.00000000
2410.10100000,0.18448852,0.15326481,1.00000000
2410.58300000,0.18445868,0.15342828,1.00000000
2411.06500000,0.18427765,0.15359222,1.00000000
2411.54800000,0.18417100,0.15375696,1.00000000
2412.03000000,0.18414052,0.15392181,1.00000000
2412.51200000,0.18412601,0.15408712,1.00000000
2412.99400000,0.18403952,0.15425289,1.00000000
2413.47600000,0.18387412,0.15441911,1.00000000
2413.95800000,0.18370644,0.15458578,1.00000000
2414.44000000,0.18368066,0.15475289,1.00000000
2414.92200000,0.18353038,0.15492046,1.00000000
2415.40500000,0.18348412,0.15508881,1.00000000
2415.88700000,0.18340849,0.15525726,1.00000000
2416.36900000,0.18339577,0.15542615,1.00000000
2416.85100000,0.18338128,0.15559547,1.00000000
2417.33300000,0.18333128,0.15576523,1.00000000
2417.81500000,0.18316992,0.15593543,1.00000000
2418.29700000,0.18328599,0.15610605,1.00000000
2418.77900000,0.18317020,0.15627710,1.00000000
2419.26100000,0.18297539,0.15644859,1.00000000
2419.74400000,0.18288215,0.15662085,1.00000000
2420.22600000,0.18276575,0.15679318,1.00000000
2420.70800000,0.18286386,0.15696593,1.00000000
2421.19000000,0.18288910,0.15713909,1.00000000
2421.67200000,0.18265623,0.15731268,1.00000000
2422.15400000,0.18251915,0.15748667,1.00000000
2422.63600000,0.18266205,0.15766108,1.00000000
2423.11800000,0.18263962,0.15783590,1.00000000
2423.60100000,0.18242807,0.15801149,1.00000000
2424.08300000,0.18235974,0.15818713,1.00000000
2424.56500000,0.18234675,0.15836316,1.00000000
2425.04700000,0.18236105,0.15853960,1.00000000
2425.52900000,0.18206535,0.15871643,1.00000000
2426.01100000,0.18202841,0.15889367,1.00000000
2426.49300000,0.18198094,0.15907129,1.00000000
2426.97500000,0.18179649,0.15924931,1.00000000
2427.45800000,0.18203759,0.15942809,1.00000000
2427.93900000,0.18188001,0.15960652,1.00000000
2428.42200000,0.18164052,0.15978607,1.00000000
2428.90400000,0.18151968,0.15996564,1.00000000
2429.38600000,0.18150776,0.16014558,1.00000000
2429.86800000,0.18153381,0.16032591,1.00000000
2430.35000000,0.18140131,0.16050661,1.00000000
2430.83200000,0.18139758,0.16068769,1.00000000
2431.31400000,0.18122312,0.16086914,1.00000000
2431.79600000,0.18123468,0.16105096,1.00000000
2432.27900000,0.18122750,0.16123352,1.00000000
2432.76100000,0.18129761,0.16141607,1.00000000
2433.24300000,0.18120532,0.16159899,1.00000000
2433.72500000,0.18116387,0.16178226,1.00000000
2434.20700000,0.18097938,0.16196590,1.00000000
2434.68900000,0.18077243,0.16214989,1.00000000
2435.17100000,0.18091950,0.16233424,1.00000000
2435.65300000,0.18082157,0.16251893,1.00000000
2436.13500000,0.18075993,0.16270398,1.00000000
2436.61800000,0.18067581,0.16288976,1.00000000
2437.10000000,0.18054569,0.16307550,1.00000000
2437.58200000,0.18059511,0.16326158,1.00000000
2438.06400000,0.18034705,0.16344800,1.00000000
2438.54600000,0.18039871,0.16363477,1.00000000
2439.02800000,0.18023497,0.16382186,1.00000000
2439.51000000,0.18038589,0.16400929,1.00000000
2439.99200000,0.18018595,0.16419705,1.00000000
2440.47500000,0.18015072,0.16438553,1.00000000
2440.95700000,0.18007576,0.16457395,1.00000000
2441.43900000,0.18008070,0.16476269,1.00000000
2441.92100000,0.17979025,0.16495175,1.00000000
2442.40300000,0.17998293,0.16514114,1.00000000
2442.88500000,0.17977983,0.16533083,1.00000000
2443.36700000,0.17998537,0.16552085,1.00000000
2443.84900000,0.17973683,0.16571118,1.00000000
2444.33200000,0.17964384,0.16590221,1.00000000
2444.81400000,0.17954109,0.16609315,1.00000000
2445.29600000,0.17969148,0.16628440,1.00000000
2445.77800000,0.17951056,0.16647596,1.00000000
2446.26000000,0.17950254,0.16666781,1.00000000
2446.74200000,0.17952335,0.16685997,1.00000000
2447.22400000,0.17943749,0.16705242,1.00000000
2447.70600000,0.17940078,0.16724516,1.00000000
2448.18800000,0.17935299,0.16743819,1.00000000
2448.67100000,0.17940234,0.16763192,1.00000000
2449.15300000,0.17917477,0.16782553,1.00000000
2449.63500000,0.17914794,0.16801942,1.00000000
2450.11700000,0.17920089,0.16821360,1.00000000
2450.59900000,0.17914800,0.16840805,1.00000000
2451.08100000,0.17927604,0.16860278,1.00000000
2451.56300000,0.17907166,0.16879779,1.00000000
2452.04500000,0.17904990,0.16899307,1.00000000
2452.52800000,0.17895509,0.16918902,1.00000000
2453.01000000,0.17880551,0.16938484,1.00000000
2453.49200000,0.17908277,0.16958092,1.00000000
2453.97400000,0.17902964,0.16977727,1.00000000
2454.45600000,0.17898182,0.16997387,1.00000000
2454.93800000,0.17882366,0.17017073,1.00000000
2455.42000000,0.17892254,0.17036785,1.00000000
2455.90200000,0.17883839,0.17056522,1.00000000
2456.38500000,0.17885512,0.17076325,1.00000000
2456.86700000,0.17893795,0.17096112,1.00000000
2457.34900000,0.17892752,0.17115924,1.00000000
2457.83100000,0.17897167,0.17135760,1.00000000
2458.31300000,0.17887289,0.17155620,1.00000000
2458.79500000,0.17871314,0.17175504,1.00000000
2459.27700000,0.17865672,0.17195411,1.00000000
2459.75900000,0.17883844,0.17215342,1.00000000
2460.24100000,0.17884133,0.17235296,1.00000000
2460.72400000,0.17870508,0.17255314,1.00000000
2461.20600000,0.17873002,0.17275313,1.00000000
2461.68800000,0.17872227,0.17295335,1.00000000
2462.17000000,0.17857396,0.17315379,1.00000000
2462.65200000,0.17852534,0.17335445,1.00000000
2463.13400000,0.17864510,0.17355532,1.00000000
2463.61600000,0.17844860,0.17375641,1.00000000
2464.09800000,0.17839135,0.17395771,1.00000000
2464.58100000,0.17860562,0.17415963,1.00000000
2465.06200000,0.17863093,0.17436093,1.00000000
2465.54500000,0.17855950,0.17456327,1.00000000
2466.02700000,0.17853883,0.17476539,1.00000000
2466.50900000,0.17855059,0.17496771,1.00000000
2466.99100000,0.17853547,0.17517023,1.00000000
2467.47300000,0.17842819,0.17537294,1.00000000
2467.95500000,0.17850624,0.17557584,1.00000000
2468.43800000,0.17826285,0.17577936,1.00000000
2468.91900000,0.17841812,0.17598221,1.00000000
2469.40200000,0.17843043,0.17618610,1.00000000
2469.88400000,0.17829908,0.17638975,1.00000000
2470.36600000,0.17813854,0.17659357,1.00000000
2470.84800000,0.17834927,0.17679757,1.00000000
2471.33000000,0.17821844,0.17700175,1.00000000
2471.81200000,0.17821120,0.17720610,1.00000000
2472.29400000,0.17834921,0.17741061,1.00000000
2472.77600000,0.17844831,0.17761530,1.00000000
2473.25900000,0.17829090,0.17782057,1.00000000
2473.74100000,0.17829968,0.17802558,1.00000000
2474.22300000,0.17832675,0.17823075,1.00000000
2474.70500000,0.17845839,0.17843608,1.00000000
2475.18700000,0.17842401,0.17864156,1.00000000
2475.66900000,0.17816813,0.17884719,1.00000000
2476.15100000,0.17853751,0.17905298,1.00000000
2476.63300000,0.17838419,0.17925891,1.00000000
2477.11500000,0.17834641,0.17946498,1.00000000
2477.59800000,0.17832438,0.17967163,1.00000000
2478.08000000,0.17839603,0.17987798,1.00000000
2478.56200000,0.17827350,0.18008447,1.00000000
2479.04400000,0.17833577,0.18029110,1.00000000
2479.52600000,0.17833762,0.18049786,1.00000000
2480.00800000,0.17817661,0.18070475,1.00000000
2480.49000000,0.17843389,0.18091176,1.00000000
2480.97200000,0.17843694,0.18111890,1.00000000
2481.45500000,0.17846751,0.18132659,1.00000000
2481.93700000,0.17851274,0.18153397,1.00000000
2482.41900000,0.17861933,0.18174147,1.00000000
2482.90100000,0.17843394,0.18194908,1.00000000
2483.38300000,0.17853292,0.18215680,1.00000000
2483.86500000,0.17876512,0.18236464,1.00000000
2484.34700000,0.17865950,0.18257257,1.00000000
2484.82900000,0.17847400,0.18278062,1.00000000
2485.31200000,0.17868234,0.18298919,1.00000000
2485.79400000,0.17865781,0.18319744,1.00000000
2486.27600000,0.17854079,0.18340578,1.00000000
2486.75800000,0.17867010,0.18361421,1.00000000
2487.24000000,0.17859826,0.18382274,1.00000000
2487.72200000,0.17851572,0.18403135,1.00000000
2488.20400000,0.17875432,0.18424005,1.00000000
2488.68600000,0.17870113,0.18444884,1.00000000
2489.16800000,0.17879033,0.18465770,1.00000000
2489.65100000,0.17871501,0.18486708,1.00000000
2490.13300000,0.17872687,0.18507611,1.00000000
2490.61500000,0.17872718,0.18528520,1.00000000
2491.09700000,0.17876747,0.18549437,1.00000000
2491.57900000,0.17905045,0.18570360,1.00000000
2492.06100000,0.17886719,0.18591290,1.00000000
2492.54300000,0.17896840,0.18612227,1.00000000
2493.02500000,0.17907914,0.18633170,1.00000000
2493.50800000,0.17914515,0.18654162,1.00000000
2493.99000000,0.17891137,0.18675116,1.00000000
2494.47200000,0.17913940,0.18696075,1.00000000
2494.95400000,0.17925488,0.18717040,1.00000000
2495.43600000,0.17893684,0.18738009,1.00000000
2495.91800000,0.17907916,0.18758983,1.00000000
2496.40000000,0.17916047,0.18779961,1.00000000
2496.88200000,0.17911500,0.18800944,1.00000000
2497.36500000,0.17911188,0.18821974,1.00000000
2497.84600000,0.17926182,0.18842920,1.00000000
2498.32900000,0.17906813,0.18863956,1.00000000
2498.81100000,0.17908070,0.18884953,1.00000000
2499.29300000,0.17919328,0.18905952,1.00000000
2499.77500000,0.17932192,0.18926953,1.00000000
2500.25700000,0.17931173,0.18947957,1.00000000
2500.73900000,0.17930611,0.18968963,1.00000000
2501.22100000,0.17937358,0.18989971,1.00000000
2501.70300000,0.17942563,0.19010980,1.00000000
2502.18600000,0.17938930,0.19032034,1.00000000
2502.66800000,0.17947207,0.19053046,1.00000000
2503.15000000,0.17948598,0.19074058,1.00000000
2503.63200000,0.17948295,0.19095071,1.00000000
2504.11400000,0.17953567,0.19116084,1.00000000
2504.59600000,0.17962986,0.19137097,1.00000000
2505.07800000,0.17967150,0.19158110,1.00000000
2505.56000000,0.17970850,0.19179123,1.00000000
2506.04200000,0.17966637,0.19200135,1.00000000
2506.52500000,0.17980469,0.19221189,1.00000000
2507.00700000,0.17974500,0.19242198,1.00000000
2507.48900000,0.17988926,0.19263207,1.00000000
2507.97100000,0.18001979,0.19284213,1.00000000
2508.45300000,0.18008173,0.19305217,1.00000000
2508.93500000,0.18015171,0.19326219,1.00000000
2509.41700000,0.18043810,0.19347219,1.00000000
2509.89900000,0.18048005,0.19368215,1.00000000
2510.38200000,0.18053103,0.19389253,1.00000000
2510.86400000,0.18059336,0.19410243,1.00000000
2511.34600000,0.18072300,0.19431230,1.00000000
2511.82800000,0.18070512,0.19452213,1.00000000
2512.31000000,0.18087638,0.19473192,1.00000000
2512.79200000,0.18088936,0.19494167,1.00000000
2513.27400000,0.18078585,0.19515138,1.00000000
2513.75600000,0.18086456,0.19536103,1.00000000
2514.23900000,0.18109608,0.19557107,1.00000000
2514.72100000,0.18100727,0.19578062,1.00000000
2515.20300000,0.18114954,0.19599012,1.00000000
2515.68500000,0.18102526,0.19619956,1.00000000
2516.16700000,0.18124953,0.19640894,1.00000000
2516.64900000,0.18142141,0.19661825,1.00000000
2517.13100000,0.18119261,0.19682750,1.00000000
2517.61300000,0.18106771,0.19703669,1.00000000
2518.09500000,0.18127595,0.19724580,1.00000000
2518.57800000,0.18123068,0.19745527,1.00000000
2519.06000000,0.18154207,0.19766423,1.00000000
2519.54200000,0.18161167,0.19787312,1.00000000
2520.02400000,0.18153712,0.19808193,1.00000000
2520.50600000,0.18156417,0.19829065,1.00000000
2520.98800000,0.18171755,0.19849928,1.00000000
2521.47000000,0.18178023,0.19870783,1.00000000
2521.95200000,0.18171231,0.19891629,1.00000000
2522.43500000,0.18175234,0.19912509,1.00000000
2522.91700000,0.18192314,0.19933336,1.00000000
2523.39900000,0.18199550,0.19954153,1.00000000
2523.88100000,0.18204539,0.19974960,1.00000000
2524.36300000,0.18194387,0.19995757,1.00000000
2524.84500000,0.18222162,0.20016543,1.00000000
2525.32700000,0.18227090,0.20037318,1.00000000
2525.80900000,0.18228674,0.20058083,1.00000000
2526.29200000,0.18245310,0.20078879,1.00000000
2526.77300000,0.18242865,0.20099577,1.00000000
2527.25600000,0.18264942,0.20120350,1.00000000
2527.73800000,0.18262246,0.20141068,1.00000000
2528.22000000,0.18268456,0.20161773,1.00000000
2528.70200000,0.18287684,0.20182466,1.00000000
2529.18400000,0.18287438,0.20203146,1.00000000
2529.66600000,0.18285979,0.20223813,1.00000000
2530.14800000,0.18295258,0.20244467,1.00000000
2530.63000000,0.18317151,0.20265107,1.00000000
2531.11300000,0.18318033,0.20285776,1.00000000
2531.59500000,0.18304088,0.20306389,1.00000000
2532.07700000,0.18300752,0.20326987,1.00000000
2532.55900000,0.18336403,0.20347571,1.00000000
2533.04100000,0.18327990,0.20368140,1.00000000
2533.52300000,0.18326193,0.20388694,1.00000000
2534.00500000,0.18355456,0.20409232,1.00000000
2534.48700000,0.18349727,0.20429755,1.00000000
2534.96900000,0.18373810,0.20450263,1.00000000
2535.45200000,0.18366140,0.20470797,1.00000000
2535.93400000,0.18343518,0.20491272,1.00000000
2536.41600000,0.18384877,0.20511731,1.00000000
2536.89800000,0.18399568,0.20532173,1.00000000
2537.38000000,0.18362340,0.20552598,1.00000000
2537.86200000,0.18412868,0.20573006,1.00000000
2538.34400000,0.18407898,0.20593396,1.00000000
2538.82600000,0.18414929,0.20613769,1.00000000
2539.30900000,0.18458684,0.20634166,1.00000000
2539.79100000,0.18416994,0.20654503,1.00000000
2540.27300000,0.18439276,0.20674821,1.00000000
2540.75500000,0.18460789,0.20695120,1.00000000
2541.23700000,0.18479537,0.20715401,1.00000000
2541.71900000,0.18476578,0.20735662,1.00000000
2542.20100000,0.18479970,0.20755904,1.00000000
2542.68300000,0.18489782,0.20776127,1.00000000
2543.16600000,0.18498940,0.20796371,1.00000000
2543.64800000,0.18505159,0.20816554,1.00000000
2544.13000000,0.18514546,0.20836716,1.00000000
2544.61200000,0.18519734,0.20856858,1.00000000
2545.09400000,0.18535921,0.20876978,1.00000000
2545.57600000,0.18544630,0.20897078,1.00000000
2546.05800000,0.18555573,0.20917156,1.00000000
2546.54000000,0.18557466,0.20937213,1.00000000
2547.02200000,0.18550553,0.20957248,1.00000000
2547.50500000,0.18572708,0.20977303,1.00000000
2547.98700000,0.18593162,0.20997293,1.00000000
2548.46900000,0.18589748,0.21017261,1.00000000
2548.95100000,0.18600385,0.21037207,1.00000000
2549.43300000,0.18580133,0.21057129,1.00000000
2549.91500000,0.18637026,0.21077029,1.00000000
2550.39700000,0.18605946,0.21096905,1.00000000
2550.87900000,0.18614044,0.21116757,1.00000000
2551.36200000,0.18626876,0.21136626,1.00000000
2551.84400000,0.18642952,0.21156430,1.00000000
2552.32600000,0.18637100,0.21176210,1.00000000
2552.80800000,0.18674563,0.21195965,1.00000000
2553.29000000,0.18667048,0.21215695,1.00000000
2553.77200000,0.18659956,0.21235400,1.00000000
2554.25400000,0.18679202,0.21255080,1.00000000
2554.73600000,0.18680834,0.21274735,1.00000000
2555.21900000,0.18677777,0.21294404,1.00000000
2555.70000000,0.18692599,0.21313965,1.00000000
2556.18300000,0.18702974,0.21333582,1.00000000
2556.66500000,0.18713725,0.21353132,1.00000000
2557.14700000,0.18711592,0.21372655,1.00000000
2557.62900000,0.18743417,0.21392151,1.00000000
2558.11100000,0.18747564,0.21411620,1.00000000
2558.59300000,0.18754127,0.21431061,1.00000000
2559.07500000,0.18748616,0.21450475,1.00000000
2559.55700000,0.18739051,0.21469861,1.00000000
2560.04000000,0.18759826,0.21489259,1.00000000
2560.52200000,0.18777029,0.21508589,1.00000000
2561.00400000,0.18780070,0.21527889,1.00000000
2561.48600000,0.18772153,0.21547162,1.00000000
2561.96800000,0.18778506,0.21566405,1.00000000
2562.45000000,0.18796920,0.21585619,1.00000000
2562.93200000,0.18783486,0.21604803,1.00000000
2563.41400000,0.18803304,0.21623958,1.00000000
2563.89600000,0.18818213,0.21643083,1.00000000
2564.37900000,0.18803258,0.21662217,1.00000000
2564.86100000,0.18824402,0.21681281,1.00000000
2565.34300000,0.18814303,0.21700315,1.00000000
2565.82500000,0.18810648,0.21719318,1.00000000
2566.30700000,0.18835861,0.21738290,1.00000000
2566.78900000,0.18813595,0.21757230,1.00000000
2567.27100000,0.18841986,0.21776139,1.00000000
2567.75300000,0.18839070,0.21795016,1.00000000
2568.23600000,0.18838026,0.21813901,1.00000000
2568.71800000,0.18848990,0.21832714,1.00000000
2569.20000000,0.18859198,0.21851495,1.00000000
2569.68200000,0.18878412,0.21870243,1.00000000
2570.16400000,0.18884294,0.21888959,1.00000000
2570.64600000,0.18882214,0.21907641,1.00000000
2571.12800000,0.18898082,0.21926290,1.00000000
2571.61000000,0.18877773,0.21944906,1.00000000
2572.09300000,0.18900459,0.21963526,1.00000000
2572.57500000,0.18916408,0.21982074,1.00000000
2573.05700000,0.18913791,0.22000588,1.00000000
2573.53900000,0.18939907,0.22019067,1.00000000
2574.02100000,0.18929765,0.22037512,1.00000000
2574.50300000,0.18938810,0.22055922,1.00000000
2574.98500000,0.18943625,0.22074297,1.00000000
2575.46700000,0.18952612,0.22092637,1.00000000
2575.94900000,0.18945735,0.22110942,1.00000000
2576.43200000,0.18948487,0.22129248,1.00000000
2576.91400000,0.18955638,0.22147481,1.00000000
2577.39600000,0.18977832,0.22165678,1.00000000
2577.87800000,0.18965440,0.22183838,1.00000000
2578.36000000,0.18974540,0.22201962,1.00000000
2578.84200000,0.18989425,0.22220050,1.00000000
2579.32400000,0.18969115,0.22238100,1.00000000
2579.80600000,0.18957965,0.22256113,1.00000000
2580.28900000,0.18981669,0.22274126,1.00000000
2580.77100000,0.19003995,0.22292064,1.00000000
2581.25300000,0.18990548,0.22309965,1.00000000
2581.73500000,0.19022226,0.22327827,1.00000000
2582.21700000,0.18990331,0.22345651,1.00000000
2582.69900000,0.19004718,0.22363437,1.00000000
2583.18100000,0.19003401,0.22381185,1.00000000
2583.66300000,0.19023218,0.22398893,1.00000000
2584.14600000,0.19017998,0.22416599,1.00000000
2584.62700000,0.19014333,0.22434192,1.00000000
2585.11000000,0.19030169,0.22451820,1.00000000
2585.59200000,0.19012018,0.22469371,1.00000000
2586.07400000,0.19034526,0.22486882,1.00000000
2586.55600000,0.19028022,0.22504353,1.00000000
2587.03800000,0.19019289,0.22521783,1.00000000
2587.52000000,0.19038482,0.22539174,1.00000000
2588.00200000,0.19038499,0.22556523,1.00000000
2588.48400000,0.19034029,0.22573832,1.00000000
2588.96700000,0.19053061,0.22591136,1.00000000
2589.44900000,0.19044576,0.22608362,1.00000000
2589.93100000,0.19057411,0.22625547,1.00000000
2590.41300000,0.19046745,0.22642690,1.00000000
2590.89500000,0.19061665,0.22659792,1.00000000
2591.37700000,0.19072631,0.22676851,1.00000000
2591.85900000,0.19064000,0.22693868,1.00000000
2592.34100000,0.19057140,0.22710842,1.00000000
2592.82300000,0.19069005,0.22727774,1.00000000
2593.30600000,0.19057229,0.22744698,1.00000000
2593.78800000,0.19059007,0.22761544,1.00000000
2594.27000000,0.19067732,0.22778347,1.00000000
2594.75200000,0.19071291,0.22795106,1.00000000
2595.23400000,0.19077919,0.22811821,1.00000000
2595.71600000,0.19089624,0.22828493,1.00000000
2596.19800000,0.19100006,0.22845121,1.00000000
2596.68000000,0.19103966,0.22861704,1.00000000
2597.16300000,0.19102127,0.22878277,1.00000000
2597.64500000,0.19107100,0.22894771,1.00000000
2598.12700000,0.19102730,0.22911221,1.00000000
2598.60900000,0.19088969,0.22927625,1.00000000
2599.09100000,0.19093280,0.22943984,1.00000000
2599.57300000,0.19116236,0.22960298,1.00000000
2600.05500000,0.19109945,0.22976566,1.00000000
2600.53700000,0.19086098,0.22992789,1.00000000
2601.02000000,0.19104992,0.23008999,1.00000000
2601.50200000,0.19092490,0.23025129,1.00000000
2601.98400000,0.19096879,0.23041213,1.00000000
2602.46600000,0.19105273,0.23057251,1.00000000
2602.94800000,0.19106851,0.23073242,1.00000000
2603.43000000,0.19109595,0.23089186,1.00000000
2603.91200000,0.19091127,0.23105082,1.00000000
2604.39400000,0.19110693,0.23120932,1.00000000
2604.87600000,0.19116866,0.23136734,1.00000000
2605.35900000,0.19107806,0.23152521,1.00000000
2605.84100000,0.19126093,0.23168228,1.00000000
2606.32300000,0.19124566,0.23183887,1.00000000
2606.80500000,0.19118623,0.23199497,1.00000000
2607.28700000,0.19122548,0.23215059,1.00000000
2607.76900000,0.19117225,0.23230573,1.00000000
2608.25100000,0.19127261,0.23246038,1.00000000
2608.73300000,0.19113177,0.23261454,1.00000000
2609.21600000,0.19146043,0.23276853,1.00000000
2609.69800000,0.19122758,0.23292170,1.00000000
2610.18000000,0.19136797,0.23307439,1.00000000
2610.66200000,0.19127399,0.23322657,1.00000000
2611.14400000,0.19123929,0.23337826,1.00000000
2611.62600000,0.19116913,0.23352945,1.00000000
2612.10800000,0.19123981,0.23368014,1.00000000
2612.59000000,0.19121975,0.23383033,1.00000000
2613.07300000,0.19113102,0.23398032,1.00000000
2613.55400000,0.19100055,0.23412918,1.00000000
2614.03700000,0.19126926,0.23427816,1.00000000
2614.51900000,0.19121667,0.23442631,1.00000000
2615.00100000,0.19114416,0.23457396,1.00000000
2615.48300000,0.19110819,0.23472109,1.00000000
2615.96500000,0.19119596,0.23486771,1.00000000
2616.44700000,0.19130401,0.23501381,1.00000000
2616.92900000,0.19110904,0.23515939,1.00000000
2617.41100000,0.19146872,0.23530445,1.00000000
2617.89400000,0.19129573,0.23544929,1.00000000
2618.37600000,0.19122710,0.23559331,1.00000000
2618.85800000,0.19117765,0.23573680,1.00000000
2619.34000000,0.19142729,0.23587976,1.00000000
2619.82200000,0.19123805,0.23602220,1.00000000
2620.30400000,0.19125422,0.23616410,1.00000000
2620.78600000,0.19130163,0.23630548,1.00000000
2621.26800000,0.19097477,0.23644632,1.00000000
2621.75000000,0.19096447,0.23658663,1.00000000
2622.23300000,0.19094673,0.23672669,1.00000000
2622.71500000,0.19108253,0.23686592,1.00000000
2623.19700000,0.19088184,0.23700462,1.00000000
2623.67900000,0.19110599,0.23714277,1.00000000
2624.16100000,0.19095129,0.23728038,1.00000000
2624.64300000,0.19102610,0.23741744,1.00000000
2625.12500000,0.19098754,0.23755396,1.00000000
2625.60700000,0.19080889,0.23768994,1.00000000
2626.09000000,0.19088990,0.23782564,1.00000000
2626.57200000,0.19091214,0.23796051,1.00000000
2627.05400000,0.19076676,0.23809483,1.00000000
2627.53600000,0.19064105,0.23822860,1.00000000
2628.01800000,0.19067217,0.23836181,1.00000000
2628.50000000,0.19061880,0.23849446,1.00000000
2628.98200000,0.19059684,0.23862656,1.00000000
2629.46400000,0.19078108,0.23875810,1.00000000
2629.94700000,0.19073036,0.23888935,1.00000000
2630.42900000,0.19057191,0.23901976,1.00000000
2630.91100000,0.19050460,0.23914961,1.00000000
2631.39300000,0.19061795,0.23927889,1.00000000
2631.87500000,0.19065232,0.23940761,1.00000000
2632.35700000,0.19051813,0.23953576,1.00000000
2632.83900000,0.19052064,0.23966333,1.00000000
2633.32100000,0.19022971,0.23979034,1.00000000
2633.80300000,0.19043465,0.23991678,1.00000000
2634.28600000,0.19043819,0.24004290,1.00000000
2634.76800000,0.19038664,0.24016818,1.00000000
2635.25000000,0.19015749,0.24029289,1.00000000
2635.73200000,0.19041744,0.24041701,1.00000000
2636.21400000,0.19019910,0.24054056,1.00000000
2636.69600000,0.19047018,0.24066353,1.00000000
2637.17800000,0.19040410,0.24078591,1.00000000
2637.66000000,0.19011248,0.24090771,1.00000000
2638.14300000,0.19013475,0.24102918,1.00000000
2638.62500000,0.19011471,0.24114981,1.00000000
2639.10700000,0.19007357,0.24126985,1.00000000
2639.58900000,0.19010969,0.24138930,1.00000000
2640.07100000,0.19003525,0.24150815,1.00000000
2640.55300000,0.19014564,0.24162642,1.00000000
2641.03500000,0.19006970,0.24174409,1.00000000
2641.51700000,0.18989672,0.24186117,1.00000000
2642.00000000,0.19003828,0.24197790,1.00000000
2642.48100000,0.18975575,0.24209354,1.00000000
2642.96400000,0.18966136,0.24220906,1.00000000
2643.44600000,0.18990311,0.24232375,1.00000000
2643.92800000,0.18982612,0.24243783,1.00000000
2644.41000000,0.18978720,0.24255131,1.00000000
2644.89200000,0.18954974,0.24266419,1.00000000
2645.37400000,0.18942173,0.24277646,1.00000000
2645.85600000,0.18939096,0.24288813,1.00000000
2646.33800000,0.18956022,0.24299919,1.00000000
2646.82100000,0.18933586,0.24310987,1.00000000
2647.30300000,0.18938189,0.24321971,1.00000000
2647.78500000,0.18925151,0.24332893,1.00000000
2648.26700000,0.18914098,0.24343755,1.00000000
2648.74900000,0.18904994,0.24354555,1.00000000
2649.23100000,0.18903822,0.24365293,1.00000000
2649.71300000,0.18901884,0.24375970,1.00000000
2650.19500000,0.18893161,0.24386585,1.00000000
2650.67700000,0.18886250,0.24397139,1.00000000
2651.16000000,0.18907146,0.24407652,1.00000000
2651.64200000,0.18880628,0.24418081,1.00000000
2652.12400000,0.18900292,0.24428448,1.00000000
2652.60600000,0.18884648,0.24438753,1.00000000
2653.08800000,0.18911350,0.24448995,1.00000000
2653.57000000,0.18860550,0.24459175,1.00000000
2654.05200000,0.18877745,0.24469292,1.00000000
2654.53400000,0.18875069,0.24479346,1.00000000
2655.01700000,0.18879829,0.24489358,1.00000000
2655.49900000,0.18860821,0.24499287,1.00000000
2655.98100000,0.18855435,0.24509152,1.00000000
2656.46300000,0.18833032,0.24518954,1.00000000
2656.94500000,0.18854006,0.24528693,1.00000000
2657.42700000,0.18829878,0.24538368,1.00000000
2657.90900000,0.18832714,0.24547980,1.00000000
2658.39100000,0.18827311,0.24557528,1.00000000
2658.87400000,0.18817446,0.24567032,1.00000000
2659.35600000,0.18804058,0.24576452,1.00000000
2659.83800000,0.18804812,0.24585809,1.00000000
2660.32000000,0.18796169,0.24595101,1.00000000
2660.80200000,0.18791527,0.24604329,1.00000000
2661.28400000,0.18800284,0.24613493,1.00000000
2661.76600000,0.18791079,0.24622593,1.00000000
2662.24800000,0.18775530,0.24631628,1.00000000
2662.73000000,0.18776426,0.24640599,1.00000000
2663.21300000,0.18777640,0.24649523,1.00000000
2663.69500000,0.18754740,0.24658364,1.00000000
2664.17700000,0.18747160,0.24667141,1.00000000
2664.65900000,0.18756924,0.24675852,1.00000000
2665.14100000,0.18755476,0.24684498,1.00000000
2665.62300000,0.18749937,0.24693080,1.00000000
2666.10500000,0.18745023,0.24701596,1.00000000
2666.58700000,0.18734331,0.24710046,1.00000000
2667.07000000,0.18730092,0.24718449,1.00000000
2667.55200000,0.18723144,0.24726769,1.00000000
2668.03400000,0.18715657,0.24735023,1.00000000
2668.51600000,0.18711685,0.24743211,1.00000000
2668.99800000,0.18711594,0.24751334,1.00000000
2669.48000000,0.18711833,0.24759391,1.00000000
2669.96200000,0.18700208,0.24767382,1.00000000
2670.44400000,0.18690915,0.24775306,1.00000000
2670.92700000,0.18673891,0.24783182,1.00000000
2671.40800000,0.18678179,0.24790958,1.00000000
2671.89100000,0.18660031,0.24798700,1.00000000
2672.37300000,0.18661284,0.24806360,1.00000000
2672.85500000,0.18669582,0.24813953,1.00000000
2673.33700000,0.18650992,0.24821480,1.00000000
2673.81900000,0.18636567,0.24828941,1.00000000
2674.30100000,0.18664798,0.24836334,1.00000000
2674.78300000,0.18637338,0.24843661,1.00000000
2675.26500000,0.18635971,0.24850921,1.00000000
2675.74800000,0.18624254,0.24858129,1.00000000
2676.23000000,0.18624411,0.24865255,1.00000000
2676.71200000,0.18630147,0.24872314,1.00000000
2677.19400000,0.18605296,0.24879306,1.00000000
2677.67600000,0.18609470,0.24886231,1.00000000
2678.15800000,0.18597878,0.24893088,1.00000000
2678.64000000,0.18588329,0.24899878,1.00000000
2679.12200000,0.18569299,0.24906601,1.00000000
2679.60400000,0.18574215,0.24913256,1.00000000
2680.08700000,0.18569137,0.24919857,1.00000000
2680.56900000,0.18561073,0.24926377,1.00000000
2681.05100000,0.18564090,0.24932829,1.00000000
2681.53300000,0.18551278,0.24939214,1.00000000
2682.01500000,0.18566044,0.24945530,1.00000000
2682.49700000,0.18527675,0.24951779,1.00000000
2682.97900000,0.18542415,0.24957960,1.00000000
2683.46100000,0.18517709,0.24964072,1.00000000
2683.94400000,0.18522836,0.24970129,1.00000000
2684.42600000,0.18539053,0.24976106,1.00000000
2684.90800000,0.18495958,0.24982014,1.00000000
2685.39000000,0.18486606,0.24987854,1.00000000
2685.87200000,0.18497474,0.24993625,1.00000000
2686.35400000,0.18489674,0.24999328,1.00000000
2686.83600000,0.18501820,0.25004963,1.00000000
2687.31800000,0.18485733,0.25010529,1.00000000
2687.80100000,0.18469645,0.25016038,1.00000000
2688.28300000,0.18468625,0.25021467,1.00000000
2688.76500000,0.18464092,0.25026827,1.00000000
2689.24700000,0.18472125,0.25032119,1.00000000
2689.72900000,0.18459606,0.25037342,1.00000000
2690.21100000,0.18440757,0.25042496,1.00000000
2690.69300000,0.18440274,0.25047581,1.00000000
2691.17500000,0.18432806,0.25052597,1.00000000
2691.65700000,0.18429074,0.25057544,1.00000000
2692.14000000,0.18419669,0.25062432,1.00000000
2692.62200000,0.18424060,0.25067241,1.00000000
2693.10400000,0.18401697,0.25071981,1.00000000
2693.58600000,0.18415024,0.25076652,1.00000000
2694.06800000,0.18391829,0.25081253,1.00000000
2694.55000000,0.18396671,0.25085785,1.00000000
2695.03200000,0.18381737,0.25090248,1.00000000
2695.51400000,0.18364043,0.25094642,1.00000000
2695.99700000,0.18374822,0.25098975,1.00000000
2696.47900000,0.18394949,0.25103230,1.00000000
2696.96100000,0.18371456,0.25107415,1.00000000
2697.44300000,0.18369831,0.25111531,1.00000000
2697.92500000,0.18378016,0.25115577,1.00000000
2698.40700000,0.18377517,0.25119554,1.00000000
2698.88900000,0.18377831,0.25123461,1.00000000
2699.37100000,0.18354259,0.25127298,1.00000000
2699.85400000,0.18374359,0.25131073,1.00000000
2700.33500000,0.18363348,0.25134764,1.00000000
2700.81800000,0.18358595,0.25138399,1.00000000
2701.30000000,0.18364339,0.25141958,1.00000000
2701.78200000,0.18350047,0.25145446,1.00000000
2702.26400000,0.18345475,0.25148865,1.00000000
2702.74600000,0.18338223,0.25152214,1.00000000
2703.22800000,0.18334185,0.25155493,1.00000000
2703.71000000,0.18331266,0.25158702,1.00000000
2704.19200000,0.18326414,0.25161841,1.00000000
2704.67500000,0.18304641,0.25164916,1.00000000
2705.15700000,0.18287747,0.25167915,1.00000000
2705.63900000,0.18303364,0.25170844,1.00000000
2706.12100000,0.18311543,0.25173703,1.00000000
2706.60300000,0.18307117,0.25176492,1.00000000
2707.08500000,0.18291536,0.25179210,1.00000000
2707.56700000,0.18293997,0.25181859,1.00000000
2708.04900000,0.18285610,0.25184437,1.00000000
2708.53100000,0.18274026,0.25186945,1.00000000
2709.01400000,0.18273352,0.25189388,1.00000000
2709.49600000,0.18293334,0.25191756,1.00000000
2709.97800000,0.18266100,0.25194054,1.00000000
2710.46000000,0.18282678,0.25196281,1.00000000
2710.94200000,0.18274808,0.25198438,1.00000000
2711.42400000,0.18261377,0.25200525,1.00000000
2711.90600000,0.18259661,0.25202541,1.00000000
2712.38800000,0.18273550,0.25204487,1.00000000
2712.87100000,0.18256389,0.25206367,1.00000000
2713.35300000,0.18280469,0.25208173,1.00000000
2713.83500000,0.18285703,0.25209908,1.00000000
2714.31700000,0.18275264,0.25211573,1.00000000
2714.79900000,0.18275645,0.25213167,1.00000000
2715.28100000,0.18265456,0.25214691,1.00000000
2715.76300000,0.18267717,0.25216145,1.00000000
2716.24500000,0.18268759,0.25217529,1.00000000
2716.72800000,0.18247702,0.25218844,1.00000000
2717.21000000,0.18255477,0.25220087,1.00000000
2717.69200000,0.18254551,0.25221259,1.00000000
2718.17400000,0.18244301,0.25222361,1.00000000
2718.65600000,0.18260267,0.25223392,1.00000000
2719.13800000,0.18240175,0.25224353,1.00000000
2719.62000000,0.18247961,0.25225244,1.00000000
2720.10200000,0.18241169,0.25226064,1.00000000
2720.58400000,0.18237876,0.25226814,1.00000000
2721.06700000,0.18221576,0.25227495,1.00000000
2721.54900000,0.18218453,0.25228104,1.00000000
2722.03100000,0.18224857,0.25228643,1.00000000
2722.51300000,0.18208262,0.25229112,1.00000000
2722.99500000,0.18229446,0.25229510,1.00000000
2723.47700000,0.18228077,0.25229837,1.00000000
2723.95900000,0.18223497,0.25230095,1.00000000
2724.44100000,0.18237135,0.25230282,1.00000000
2724.92400000,0.18202313,0.25230398,1.00000000
2725.40600000,0.18218397,0.25230445,1.00000000
2725.88800000,0.18225843,0.25230421,1.00000000
2726.37000000,0.18219992,0.25230326,1.00000000
2726.85200000,0.18211448,0.25230162,1.00000000
2727.33400000,0.18215557,0.25229927,1.00000000
2727.81600000,0.18228199,0.25229622,1.00000000
2728.29800000,0.18234297,0.25229246,1.00000000
2728.78100000,0.18217528,0.25228800,1.00000000
2729.26200000,0.18240078,0.25228285,1.00000000
2729.74500000,0.18228818,0.25227698,1.00000000
2730.22700000,0.18217048,0.25227042,1.00000000
2730.70900000,0.18221274,0.25226315,1.00000000
2731.19100000,0.18217905,0.25225519,1.00000000
2731.67300000,0.18218068,0.25224652,1.00000000
2732.15500000,0.18210955,0.25223716,1.00000000
2732.63700000,0.18219007,0.25222709,1.00000000
2733.11900000,0.18218920,0.25221632,1.00000000
2733.60200000,0.18215550,0.25220483,1.00000000
2734.08400000,0.18203874,0.25219266,1.00000000
2734.56600000,0.18221002,0.25217980,1.00000000
2735.04800000,0.18218445,0.25216623,1.00000000
2735.53000000,0.18213302,0.25215196,1.00000000
2736.01200000,0.18215971,0.25213700,1.00000000
2736.49400000,0.18234912,0.25212133,1.00000000
2736.97600000,0.18227748,0.25210497,1.00000000
2737.45800000,0.18232421,0.25208791,1.00000000
2737.94100000,0.18230820,0.25207012,1.00000000
2738.42300000,0.18236787,0.25205166,1.00000000
2738.90500000,0.18262565,0.25203251,1.00000000
2739.38700000,0.18247086,0.25201266,1.00000000
2739.86900000,0.18223828,0.25199212,1.00000000
2740.35100000,0.18228502,0.25197088,1.00000000
2740.83300000,0.18245387,0.25194895,1.00000000
2741.31500000,0.18225574,0.25192632,1.00000000
2741.79800000,0.18231542,0.25190294,1.00000000
2742.28000000,0.18211576,0.25187892,1.00000000
2742.76200000,0.18209515,0.25185421,1.00000000
2743.24400000,0.18213574,0.25182880,1.00000000
2743.72600000,0.18213631,0.25180270,1.00000000
2744.20800000,0.18232391,0.25177591,1.00000000
2744.69000000,0.18220736,0.25174842,1.00000000
2745.17200000,0.18217067,0.25172025,1.00000000
2745.65500000,0.18215827,0.25169132,1.00000000
2746.13700000,0.18235057,0.25166176,1.00000000
2746.61900000,0.18226961,0.25163151,1.00000000
2747.10100000,0.18229249,0.25160057,1.00000000
2747.58300000,0.18234994,0.25156894,1.00000000
2748.06500000,0.18241433,0.25153662,1.00000000
2748.54700000,0.18236064,0.25150362,1.00000000
2749.02900000,0.18236682,0.25146992,1.00000000
2749.51100000,0.18274875,0.25143554,1.00000000
2749.99400000,0.18247786,0.25140040,1.00000000
2750.47600000,0.18264867,0.25136465,1.00000000
2750.95800000,0.18264998,0.25132821,1.00000000
2751.44000000,0.18250234,0.25129108,1.00000000
2751.92200000,0.18259020,0.25125327,1.00000000
2752.40400000,0.18274853,0.25121478,1.00000000
2752.88600000,0.18269971,0.25117560,1.00000000
2753.36800000,0.18270220,0.25113574,1.00000000
2753.85100000,0.18285116,0.25109512,1.00000000
2754.33300000,0.18300726,0.25105389,1.00000000
2754.81500000,0.18302506,0.25101199,1.00000000
2755.29700000,0.18299738,0.25096940,1.00000000
2755.77900000,0.18311961,0.25092613,1.00000000
2756.26100000,0.18302091,0.25088219,1.00000000
2756.74300000,0.18308964,0.25083757,1.00000000
2757.22500000,0.18320340,0.25079227,1.00000000
2757.70800000,0.18302361,0.25074619,1.00000000
2758.18900000,0.18315035,0.25069963,1.00000000
2758.67200000,0.18301170,0.25065221,1.00000000
2759.15400000,0.18316930,0.25060420,1.00000000
2759.63600000,0.18335924,0.25055552,1.00000000
2760.11800000,0.18316394,0.25050617,1.00000000
2760.60000000,0.18307152,0.25045614,1.00000000
2761.08200000,0.18321747,0.25040544,1.00000000
2761.56400000,0.18324950,0.25035407,1.00000000
2762.04600000,0.18328166,0.25030203,1.00000000
2762.52900000,0.18306315,0.25024921,1.00000000
2763.01100000,0.18326468,0.25019582,1.00000000
2763.49300000,0.18322038,0.25014177,1.00000000
2763.97500000,0.18346849,0.25008705,1.00000000
2764.45700000,0.18355810,0.25003167,1.00000000
2764.93900000,0.18349069,0.24997562,1.00000000
2765.42100000,0.18325936,0.24991890,1.00000000
2765.90300000,0.18361508,0.24986152,1.00000000
2766.38500000,0.18358321,0.24980347,1.00000000
2766.86800000,0.18367103,0.24974464,1.00000000
2767.35000000,0.18388538,0.24968527,1.00000000
2767.83200000,0.18363924,0.24962524,1.00000000
2768.31400000,0.18376391,0.24956455,1.00000000
2768.79600000,0.18376467,0.24950319,1.00000000
2769.27800000,0.18367914,0.24944118,1.00000000
2769.76000000,0.18378095,0.24937851,1.00000000
2770.24200000,0.18395114,0.24931519,1.00000000
2770.72500000,0.18399290,0.24925107,1.00000000
2771.20700000,0.18414795,0.24918643,1.00000000
2771.68900000,0.18407086,0.24912114,1.00000000
2772.17100000,0.18424019,0.24905519,1.00000000
2772.65300000,0.18421547,0.24898859,1.00000000
2773.13500000,0.18414432,0.24892134,1.00000000
2773.61700000,0.18423750,0.24885344,1.00000000
2774.09900000,0.18433732,0.24878488,1.00000000
2774.58200000,0.18430443,0.24871554,1.00000000
2775.06400000,0.18433926,0.24864569,1.00000000
2775.54600000,0.18434407,0.24857519,1.00000000
2776.02800000,0.18428825,0.24850405,1.00000000
2776.51000000,0.18441312,0.24843226,1.00000000
2776.99200000,0.18451994,0.24835983,1.00000000
2777.47400000,0.18467728,0.24828675,1.00000000
2777.95600000,0.18471021,0.24821303,1.00000000
2778.43800000,0.18484748,0.24813868,1.00000000
2778.92100000,0.18483750,0.24806352,1.00000000
2779.40300000,0.18481683,0.24798788,1.00000000
2779.88500000,0.18494030,0.24791160,1.00000000
2780.36700000,0.18479630,0.24783469,1.00000000
2780.84900000,0.18483599,0.24775714,1.00000000
2781.33100000,0.18496799,0.24767896,1.00000000
2781.81300000,0.18510441,0.24760014,1.00000000
2782.29500000,0.18517605,0.24752069,1.00000000
2782.77800000,0.18517858,0.24744044,1.00000000
2783.26000000,0.18531078,0.24735972,1.00000000
2783.74200000,0.18512972,0.24727838,1.00000000
2784.22400000,0.18528170,0.24719640,1.00000000
2784.70600000,0.18549881,0.24711380,1.00000000
2785.18800000,0.18556320,0.24703057,1.00000000
2785.67000000,0.18540164,0.24694672,1.00000000
2786.15200000,0.18548379,0.24686225,1.00000000
2786.63500000,0.18557394,0.24677697,1.00000000
2787.11600000,0.18558556,0.24669143,1.00000000
2787.59900000,0.18556937,0.24660490,1.00000000
2788.08100000,0.18546011,0.24651794,1.00000000
2788.56300000,0.18570703,0.24643036,1.00000000
2789.04500000,0.18582369,0.24634216,1.00000000
2789.52700000,0.18576551,0.24625335,1.00000000
2790.00900000,0.18581647,0.24616392,1.00000000
2790.49100000,0.18576507,0.24607388,1.00000000
2790.97300000,0.18595223,0.24598322,1.00000000
2791.45600000,0.18593104,0.24589177,1.00000000
2791.93800000,0.18599202,0.24579989,1.00000000
2792.42000000,0.18623924,0.24570741,1.00000000
2792.90200000,0.18605440,0.24561431,1.00000000
2793.38400000,0.18608491,0.24552061,1.00000000
2793.86600000,0.18606476,0.24542631,1.00000000
2794.34800000,0.18650191,0.24533140,1.00000000
2794.83000000,0.18612493,0.24523589,1.00000000
2795.31200000,0.18656073,0.24513977,1.00000000
2795.79500000,0.18643812,0.24504286,1.00000000
2796.27700000,0.18643005,0.24494555,1.00000000
2796.75900000,0.18649137,0.24484764,1.00000000
2797.24100000,0.18651248,0.24474913,1.00000000
2797.72300000,0.18654929,0.24465003,1.00000000
2798.20500000,0.18669049,0.24455033,1.00000000
2798.68700000,0.18672732,0.24445005,1.00000000
2799.16900000,0.18712382,0.24434917,1.00000000
2799.65200000,0.18674566,0.24424749,1.00000000
2800.13400000,0.18693779,0.24414543,1.00000000
2800.61600000,0.18691676,0.24404278,1.00000000
2801.09800000,0.18691239,0.24393955,1.00000000
2801.58000000,0.18717654,0.24383574,1.00000000
2802.06200000,0.18713311,0.24373134,1.00000000
2802.54400000,0.18713799,0.24362636,1.00000000
2803.02600000,0.18739232,0.24352080,1.00000000
2803.50900000,0.18734883,0.24341444,1.00000000
2803.99100000,0.18724358,0.24330772,1.00000000
2804.47300000,0.18732617,0.24320043,1.00000000
2804.95500000,0.18738360,0.24309256,1.00000000
2805.43700000,0.18753386,0.24298412,1.00000000
2805.91900000,0.18766423,0.24287511,1.00000000
2806.40100000,0.18751731,0.24276552,1.00000000
2806.88300000,0.18775765,0.24265537,1.00000000
2807.36500000,0.18772931,0.24254465,1.00000000
2807.84800000,0.18776395,0.24243313,1.00000000
2808.33000000,0.18787879,0.24232128,1.00000000
2808.81200000,0.18807533,0.24220886,1.00000000
2809.29400000,0.18808930,0.24209588,1.00000000
2809.77600000,0.18823586,0.24198234,1.00000000
2810.25800000,0.18840132,0.24186825,1.00000000
2810.74000000,0.18842941,0.24175359,1.00000000
2811.22200000,0.18848118,0.24163838,1.00000000
2811.70500000,0.18855311,0.24152238,1.00000000
2812.18700000,0.18840967,0.24140606,1.00000000
2812.66900000,0.18850700,0.24128919,1.00000000
2813.15100000,0.18848251,0.24117177,1.00000000
2813.63300000,0.18838405,0.24105380,1.00000000
2814.11500000,0.18872803,0.24093528,1.00000000
2814.59700000,0.18866857,0.24081622,1.00000000
2815.07900000,0.18894602,0.24069662,1.00000000
2815.56200000,0.18894698,0.24057622,1.00000000
2816.04300000,0.18883796,0.24045578,1.00000000
2816.52600000,0.18896442,0.24033430,1.00000000
2817.00800000,0.18901719,0.24021254,1.00000000
2817.49000000,0.18926717,0.24009024,1.00000000
2817.97200000,0.18927767,0.23996740,1.00000000
2818.45400000,0.18921134,0.23984403,1.00000000
2818.93600000,0.18916910,0.23972013,1.00000000
2819.41800000,0.18910173,0.23959570,1.00000000
2819.90000000,0.18907103,0.23947074,1.00000000
2820.38300000,0.18948527,0.23934500,1.00000000
2820.86500000,0.18930265,0.23921899,1.00000000
2821.34700000,0.18943037,0.23909245,1.00000000
2821.82900000,0.18940204,0.23896540,1.00000000
2822.31100000,0.18938250,0.23883782,1.00000000
2822.79300000,0.18971786,0.23870973,1.00000000
2823.27500000,0.18967054,0.23858112,1.00000000
2823.75700000,0.18979358,0.23845199,1.00000000
2824.24000000,0.18966934,0.23832208,1.00000000
2824.72200000,0.18968655,0.23819193,1.00000000
2825.20400000,0.18971321,0.23806127,1.00000000
2825.68600000,0.18992644,0.23793010,1.00000000
2826.16800000,0.18985768,0.23779842,1.00000000
2826.65000000,0.19015971,0.23766624,1.00000000
2827.13200000,0.19008861,0.23753356,1.00000000
2827.61400000,0.19016901,0.23740037,1.00000000
2828.09600000,0.19027179,0.23726668,1.00000000
2828.57900000,0.18996905,0.23713222,1.00000000
2829.06100000,0.19027275,0.23699753,1.00000000
2829.54300000,0.19026135,0.23686236,1.00000000
2830.02500000,0.19049227,0.23672668,1.00000000
2830.50700000,0.19032350,0.23659052,1.00000000
2830.98900000,0.19008775,0.23645387,1.00000000
2831.47100000,0.19040744,0.23631673,1.00000000
2831.95300000,0.19040462,0.23617910,1.00000000
2832.43600000,0.19032178,0.23604071,1.00000000
2832.91800000,0.19072079,0.23590211,1.00000000
2833.40000000,0.19056196,0.23576304,1.00000000
2833.88200000,0.19045980,0.23562348,1.00000000
2834.36400000,0.19081160,0.23548345,1.00000000
2834.84600000,0.19069804,0.23534295,1.00000000
2835.32800000,0.19065791,0.23520197,1.00000000
2835.81000000,0.19094550,0.23506051,1.00000000
2836.29200000,0.19099492,0.23491859,1.00000000
2836.77500000,0.19080708,0.23477590,1.00000000
2837.25700000,0.19097877,0.23463304,1.00000000
2837.73900000,0.19120040,0.23448972,1.00000000
2838.22100000,0.19097897,0.23434593,1.00000000
2838.70300000,0.19098875,0.23420169,1.00000000
2839.18500000,0.19095736,0.23405698,1.00000000
2839.66700000,0.19094664,0.23391182,1.00000000
2840.14900000,0.19099274,0.23376620,1.00000000
2840.63200000,0.19099947,0.23361982,1.00000000
2841.11400000,0.19123745,0.23347329,1.00000000
2841.59600000,0.19105293,0.23332632,1.00000000
2842.07800000,0.19102585,0.23317889,1.00000000
2842.56000000,0.19103967,0.23303102,1.00000000
2843.04200000,0.19122051,0.23288271,1.00000000
2843.52400000,0.19111358,0.23273395,1.00000000
2844.00600000,0.19135745,0.23258475,1.00000000
2844.48900000,0.19121675,0.23243480,1.00000000
2844.97000000,0.19132069,0.23228504,1.00000000
2845.45300000,0.19147051,0.23213422,1.00000000
2845.93500000,0.19133014,0.23198328,1.00000000
2846.41700000,0.19150021,0.23183190,1.00000000
2846.89900000,0.19132933,0.23168010,1.00000000
2847.38100000,0.19133772,0.23152787,1.00000000
2847.86300000,0.19138439,0.23137521,1.00000000
2848.34500000,0.19140377,0.23122213,1.00000000
2848.82700000,0.19141133,0.23106863,1.00000000
2849.31000000,0.19131747,0.23091439,1.00000000
2849.79200000,0.19145702,0.23076005,1.00000000
2850.27400000,0.19145582,0.23060529,1.00000000
2850.75600000,0.19148367,0.23045013,1.00000000
2851.23800000,0.19141133,0.23029454,1.00000000
2851.72000000,0.19148731,0.23013855,1.00000000
2852.20200000,0.19166481,0.22998216,1.00000000
2852.68400000,0.19172772,0.22982535,1.00000000
2853.16700000,0.19158894,0.22966782,1.00000000
2853.64900000,0.19178102,0.22951020,1.00000000
2854.13100000,0.19164173,0.22935219,1.00000000
2854.61300000,0.19168628,0.22919378,1.00000000
2855.09500000,0.19166038,0.22903498,1.00000000
2855.57700000,0.19175249,0.22887578,1.00000000
2856.05900000,0.19172057,0.22871619,1.00000000
2856.54100000,0.19164682,0.22855621,1.00000000
2857.02300000,0.19171471,0.22839584,1.00000000
2857.50600000,0.19163232,0.22823475,1.00000000
2857.98800000,0.19177223,0.22807361,1.00000000
2858.47000000,0.19180015,0.22791209,1.00000000
2858.95200000,0.19169678,0.22775019,1.00000000
2859.43400000,0.19158229,0.22758791,1.00000000
2859.91600000,0.19162937,0.22742525,1.00000000
2860.39800000,0.19172823,0.22726222,1.00000000
2860.88000000,0.19180851,0.22709882,1.00000000
2861.36300000,0.19165367,0.22693471,1.00000000
2861.84500000,0.19168550,0.22677057,1.00000000
2862.32700000,0.19164660,0.22660607,1.00000000
2862.80900000,0.19183462,0.22644120,1.00000000
2863.29100000,0.19177337,0.22627597,1.00000000
2863.77300000,0.19173349,0.22611038,1.00000000
2864.25500000,0.19181905,0.22594444,1.00000000
2864.73700000,0.19169677,0.22577813,1.00000000
2865.21900000,0.19184117,0.22561148,1.00000000
2865.70200000,0.19173947,0.22544413,1.00000000
2866.18400000,0.19193769,0.22527677,1.00000000
2866.66600000,0.19182374,0.22510907,1.00000000
2867.14800000,0.19183740,0.22494102,1.00000000
2867.63000000,0.19184049,0.22477264,1.00000000
2868.11200000,0.19173896,0.22460391,1.00000000
2868.59400000,0.19171333,0.22443484,1.00000000
2869.07600000,0.19192619,0.22426543,1.00000000
2869.55900000,0.19196844,0.22409534,1.00000000
2870.04100000,0.19196763,0.22392527,1.00000000
2870.52300000,0.19193463,0.22375487,1.00000000
2871.00500000,0.19210094,0.22358414,1.00000000
2871.48700000,0.19192935,0.22341309,1.00000000
2871.96900000,0.19190602,0.22324171,1.00000000
2872.45100000,0.19197435,0.22307001,1.00000000
2872.93300000,0.19199771,0.22289799,1.00000000
2873.41600000,0.19206547,0.22272530,1.00000000
2873.89700000,0.19206413,0.22255300,1.00000000
2874.38000000,0.19185782,0.22237968,1.00000000
2874.86200000,0.19183688,0.22220641,1.00000000
2875.34400000,0.19173350,0.22203282,1.00000000
2875.82600000,0.19178930,0.22185893,1.00000000
2876.30800000,0.19172345,0.22168474,1.00000000
2876.79000000,0.19156365,0.22151024,1.00000000
2877.27200000,0.19177360,0.22133545,1.00000000
2877.75400000,0.19171148,0.22116036,1.00000000
2878.23700000,0.19181650,0.22098460,1.00000000
2878.71900000,0.19181873,0.22080892,1.00000000
2879.20100000,0.19192952,0.22063295,1.00000000
2879.68300000,0.19168612,0.22045669,1.00000000
2880.16500000,0.19179076,0.22028014,1.00000000
2880.64700000,0.19168179,0.22010330,1.00000000
2881.12900000,0.19186753,0.21992619,1.00000000
2881.61100000,0.19171757,0.21974879,1.00000000
2882.09400000,0.19155282,0.21957075,1.00000000
2882.57600000,0.19178820,0.21939280,1.00000000
2883.05800000,0.19152880,0.21921458,1.00000000
2883.54000000,0.19165623,0.21903609,1.00000000
2884.02200000,0.19166471,0.21885732,1.00000000
2884.50400000,0.19163253,0.21867829,1.00000000
2884.98600000,0.19171428,0.21849900,1.00000000
2885.46800000,0.19148571,0.21831944,1.00000000
2885.95000000,0.19145909,0.21813963,1.00000000
2886.43300000,0.19144203,0.21795918,1.00000000
2886.91500000,0.19147492,0.21777885,1.00000000
2887.39700000,0.19131636,0.21759827,1.00000000
2887.87900000,0.19127960,0.21741743,1.00000000
2888.36100000,0.19124211,0.21723635,1.00000000
2888.84300000,0.19149120,0.21705502,1.00000000
2889.32500000,0.19123314,0.21687344,1.00000000
2889.80700000,0.19123773,0.21669163,1.00000000
2890.29000000,0.19108071,0.21650919,1.00000000
2890.77200000,0.19121574,0.21632690,1.00000000
2891.25400000,0.19141025,0.21614437,1.00000000
2891.73600000,0.19118388,0.21596161,1.00000000
2892.21800000,0.19093713,0.21577862,1.00000000
2892.70000000,0.19104768,0.21559539,1.00000000
2893.18200000,0.19106240,0.21541195,1.00000000
2893.66400000,0.19104930,0.21522827,1.00000000
2894.14600000,0.19120931,0.21504438,1.00000000
2894.62900000,0.19104734,0.21485989,1.00000000
2895.11100000,0.19104961,0.21467556,1.00000000
2895.59300000,0.19104578,0.21449101,1.00000000
2896.07500000,0.19087962,0.21430625,1.00000000
2896.55700000,0.19097348,0.21412129,1.00000000
2897.03900000,0.19102368,0.21393611,1.00000000
2897.52100000,0.19104895,0.21375073,1.00000000
2898.00300000,0.19087274,0.21356515,1.00000000
2898.48600000,0.19089282,0.21337897,1.00000000
2898.96800000,0.19088568,0.21319299,1.00000000
2899.45000000,0.19048434,0.21300681,1.00000000
2899.93200000,0.19072474,0.21282043,1.00000000
2900.41400000,0.19075489,0.21263387,1.00000000
2900.89600000,0.19065424,0.21244711,1.00000000
2901.37800000,0.19071195,0.21226017,1.00000000
2901.86000000,0.19051729,0.21207304,1.00000000
2902.34300000,0.19050024,0.21188534,1.00000000
2902.82400000,0.19061164,0.21169824,1.00000000
2903.30700000,0.19056202,0.21151018,1.00000000
2903.78900000,0.19047238,0.21132233,1.00000000
2904.27100000,0.19070731,0.21113432,1.00000000
2904.75300000,0.19033546,0.21094613,1.00000000
2905.23500000,0.19054761,0.21075777,1.00000000
2905.71700000,0.19026754,0.21056924,1.00000000
2906.19900000,0.19072844,0.21038056,1.00000000
2906.68100000,0.19035824,0.21019171,1.00000000
2907.16400000,0.19035596,0.21000231,1.00000000
2907.64600000,0.19025943,0.20981314,1.00000000
2908.12800000,0.19039724,0.20962382,1.00000000
2908.61000000,0.19031428,0.20943435,1.00000000
2909.09200000,0.19024722,0.20924472,1.00000000
2909.57400000,0.19018949,0.20905495,1.00000000
2910.05600000,0.19012118,0.20886504,1.00000000
2910.53800000,0.19012563,0.20867498,1.00000000
2911.02100000,0.19015543,0.20848438,1.00000000
2911.50300000,0.18993167,0.20829405,1.00000000
2911.98500000,0.19002744,0.20810357,1.00000000
2912.46700000,0.18992438,0.20791297,1.00000000
2912.94900000,0.18981920,0.20772223,1.00000000
2913.43100000,0.18985766,0.20753136,1.00000000
2913.91300000,0.18993720,0.20734037,1.00000000
2914.39500000,0.19004101,0.20714925,1.00000000
2914.87700000,0.18949319,0.20695801,1.00000000
2915.36000000,0.18967998,0.20676625,1.00000000
2915.84200000,0.18986126,0.20657478,1.00000000
2916.32400000,0.18941835,0.20638319,1.00000000
2916.80600000,0.18960778,0.20619148,1.00000000
2917.28800000,0.18957720,0.20599967,1.00000000
2917.77000000,0.18946281,0.20580775,1.00000000
2918.25200000,0.18941525,0.20561573,1.00000000
2918.73400000,0.18935242,0.20542360,1.00000000
2919.21700000,0.18933197,0.20523097,1.00000000
2919.69900000,0.18934845,0.20503864,1.00000000
2920.18100000,0.18919471,0.20484622,1.00000000
2920.66300000,0.18909711,0.20465370,1.00000000
2921.14500000,0.18927087,0.20446110,1.00000000
2921.62700000,0.18904283,0.20426840,1.00000000
2922.10900000,0.18923472,0.20407562,1.00000000
2922.59100000,0.18918066,0.20388275,1.00000000
2923.07300000,0.18915500,0.20368981,1.00000000
2923.55600000,0.18907145,0.20349638,1.00000000
2924.03800000,0.18908162,0.20330328,1.00000000
2924.52000000,0.18888948,0.20311010,1.00000000
2925.00200000,0.18894113,0.20291685,1.00000000
2925.48400000,0.18901664,0.20272353,1.00000000
2925.96600000,0.18860833,0.20253014,1.00000000
2926.44800000,0.18875988,0.20233669,1.00000000
2926.93000000,0.18854231,0.20214318,1.00000000
2927.41300000,0.18850144,0.20194920,1.00000000
2927.89500000,0.18858034,0.20175557,1.00000000
2928.37700000,0.18840826,0.20156188,1.00000000
2928.85900000,0.18850842,0.20136814,1.00000000
2929.34100000,0.18837187,0.20117435,1.00000000
2929.82300000,0.18841137,0.20098051,1.00000000
2930.30500000,0.18839803,0.20078663,1.00000000
2930.78700000,0.18834285,0.20059270,1.00000000
2931.27000000,0.18826533,0.20039833,1.00000000
2931.75100000,0.18819548,0.20020472,1.00000000
2932.23400000,0.18804398,0.20001028,1.00000000
2932.71600000,0.18788394,0.19981620,1.00000000
2933.19800000,0.18810218,0.19962209,1.00000000
2933.68000000,0.18802430,0.19942795,1.00000000
2934.16200000,0.18803227,0.19923379,1.00000000
2934.64400000,0.18793724,0.19903960,1.00000000
2935.12600000,0.18800762,0.19884538,1.00000000
2935.60800000,0.18781335,0.19865115,1.00000000
2936.09100000,0.18755933,0.19845650,1.00000000
2936.57300000,0.18765180,0.19826224,1.00000000
2937.05500000,0.18755054,0.19806796,1.00000000
2937.53700000,0.18747222,0.19787368,1.00000000
2938.01900000,0.18764077,0.19767938,1.00000000
2938.50100000,0.18737752,0.19748508,1.00000000
2938.98300000,0.18751894,0.19729078,1.00000000
2939.46500000,0.18737101,0.19709648,1.00000000
2939.94800000,0.18747104,0.19690177,1.00000000
2940.43000000,0.18731226,0.19670748,1.00000000
2940.91200000,0.18723294,0.19651319,1.00000000
2941.39400000,0.18726778,0.19631891,1.00000000
2941.87600000,0.18719754,0.19612464,1.00000000
2942.35800000,0.18716603,0.19593038,1.00000000
2942.84000000,0.18715612,0.19573614,1.00000000
2943.32200000,0.18731770,0.19554192,1.00000000
2943.80400000,0.18700401,0.19534772,1.00000000
2944.28700000,0.18706445,0.19515314,1.00000000
2944.76900000,0.18683442,0.19495899,1.00000000
2945.25100000,0.18708742,0.19476487,1.00000000
2945.73300000,0.18682872,0.19457078,1.00000000
2946.21500000,0.18695982,0.19437672,1.00000000
2946.69700000,0.18688431,0.19418269,1.00000000
2947.17900000,0.18695182,0.19398870,1.00000000
2947.66100000,0.18694884,0.19379476,1.00000000
2948.14400000,0.18685117,0.19360045,1.00000000
2948.62600000,0.18673168,0.19340659,1.00000000
2949.10800000,0.18686750,0.19321278,1.00000000
2949.59000000,0.18677601,0.19301901,1.00000000
2950.07200000,0.18670389,0.19282530,1.00000000
2950.55400000,0.18680234,0.19263164,1.00000000
2951.03600000,0.18657484,0.19243804,1.00000000
2951.51800000,0.18650391,0.19224450,1.00000000
2952.00000000,0.18647979,0.19205102,1.00000000
2952.48300000,0.18639699,0.19185720,1.00000000
2952.96500000,0.18651827,0.19166384,1.00000000
2953.44700000,0.18648688,0.19147056,1.00000000
2953.92900000,0.18622344,0.19127735,1.00000000
2954.41100000,0.18631744,0.19108421,1.00000000
2954.89300000,0.18640334,0.19089114,1.00000000
2955.37500000,0.18624591,0.19069816,1.00000000
2955.85700000,0.18608957,0.19050525,1.00000000
2956.34000000,0.18611920,0.19031203,1.00000000
2956.82200000,0.18605231,0.19011929,1.00000000
2957.30400000,0.18608583,0.18992664,1.00000000
2957.78600000,0.18601047,0.18973407,1.00000000
2958.26800000,0.18609790,0.18954160,1.00000000
2958.75000000,0.18581654,0.18934923,1.00000000
2959.23200000,0.18593788,0.18915695,1.00000000
2959.71400000,0.18590624,0.18896477,1.00000000
2960.19700000,0.18584663,0.18877229,1.00000000
2960.67800000,0.18579663,0.18858071,1.00000000
2961.16100000,0.18571554,0.18838844,1.00000000
2961.64300000,0.18585832,0.18819668,1.00000000
2962.12500000,0.18575197,0.18800503,1.00000000
2962.60700000,0.18568580,0.18781349,1.00000000
2963.08900000,0.18566697,0.18762207,1.00000000
2963.57100000,0.18569436,0.18743077,1.00000000
2964.05300000,0.18568421,0.18723958,1.00000000
2964.53500000,0.18553172,0.18704852,1.00000000
2965.01800000,0.18557032,0.18685719,1.00000000
2965.50000000,0.18529822,0.18666638,1.00000000
2965.98200000,0.18551452,0.18647569,1.00000000
2966.46400000,0.18551654,0.18628514,1.00000000
2966.94600000,0.18565093,0.18609473,1.00000000
2967.42800000,0.18543284,0.18590445,1.00000000
2967.91000000,0.18546314,0.18571431,1.00000000
2968.39200000,0.18536147,0.18552431,1.00000000
2968.87500000,0.18538545,0.18533406,1.00000000
2969.35700000,0.18536601,0.18514435,1.00000000
2969.83900000,0.18536688,0.18495478,1.00000000
2970.32100000,0.18542121,0.18476537,1.00000000
2970.80300000,0.18549979,0.18457611,1.00000000
2971.28500000,0.18543988,0.18438701,1.00000000
2971.76700000,0.18533854,0.18419806,1.00000000
2972.24900000,0.18537317,0.18400927,1.00000000
2972.73100000,0.18540467,0.18382064,1.00000000
2973.21400000,0.18533916,0.18363179,1.00000000
2973.69600000,0.18525879,0.18344349,1.00000000
2974.17800000,0.18542607,0.18325536,1.00000000
2974.66000000,0.18535125,0.18306740,1.00000000
2975.14200000,0.18536800,0.18287962,1.00000000
2975.62400000,0.18522142,0.18269201,1.00000000
2976.10600000,0.18518687,0.18250458,1.00000000
2976.58800000,0.18525211,0.18231732,1.00000000
2977.07100000,0.18499647,0.18212987,1.00000000
2977.55300000,0.18523664,0.18194298,1.00000000
2978.03500000,0.18509767,0.18175628,1.00000000
2978.51700000,0.18526912,0.18156978,1.00000000
2978.99900000,0.18489869,0.18138346,1.00000000
2979.48100000,0.18501257,0.18119734,1.00000000
2979.96300000,0.18492197,0.18101141,1.00000000
2980.44500000,0.18501186,0.18082568,1.00000000
2980.92700000,0.18493886,0.18064015,1.00000000
2981.41000000,0.18492505,0.18045444,1.00000000
2981.89200000,0.18506952,0.18026932,1.00000000
2982.37400000,0.18490283,0.18008440,1.00000000
2982.85600000,0.18506047,0.17989970,1.00000000
2983.33800000,0.18515322,0.17971520,1.00000000
2983.82000000,0.18499290,0.17953092,1.00000000
2984.30200000,0.18511269,0.17934686,1.00000000
2984.78400000,0.18522291,0.17916301,1.00000000
2985.26700000,0.18522072,0.17897901,1.00000000
2985.74900000,0.18525070,0.17879561,1.00000000
2986.23100000,0.18512764,0.17861243,1.00000000
2986.71300000,0.18502999,0.17842948,1.00000000
2987.19500000,0.18515366,0.17824676,1.00000000
2987.67700000,0.18514826,0.17806427,1.00000000
2988.15900000,0.18508382,0.17788202,1.00000000
2988.64100000,0.18518694,0.17770000,1.00000000
2989.12400000,0.18509666,0.17751784,1.00000000
2989.60500000,0.18495778,0.17733668,1.00000000
2990.08800000,0.18499932,0.17715501,1.00000000
2990.57000000,0.18522852,0.17697396,1.00000000
2991.05200000,0.18513765,0.17679315,1.00000000
2991.53400000,0.18503398,0.17661260,1.00000000
2992.01600000,0.18506782,0.17643229,1.00000000
2992.49800000,0.18496294,0.17625224,1.00000000
2992.98000000,0.18513517,0.17607245,1.00000000
2993.46200000,0.18520277,0.17589291,1.00000000
2993.94500000,0.18522471,0.17571327,1.00000000
2994.42700000,0.18514832,0.17553425,1.00000000
2994.90900000,0.18526584,0.17535551,1.00000000
2995.39100000,0.18526180,0.17517702,1.00000000
2995.87300000,0.18520381,0.17499881,1.00000000
2996.35500000,0.18530977,0.17482087,1.00000000
2996.83700000,0.18513523,0.17464320,1.00000000
2997.31900000,0.18522877,0.17446581,1.00000000
2997.80200000,0.18500789,0.17428833,1.00000000
2998.28400000,0.18518938,0.17411149,1.00000000
2998.76600000,0.18519066,0.17393494,1.00000000
2999.24800000,0.18521403,0.17375867,1.00000000
2999.73000000,0.18485595,0.17358268,1.00000000
3000.21200000,0.18510510,0.17340699,1.00000000
3000.69400000,0.18506417,0.17323158,1.00000000
3001.17600000,0.18518019,0.17305647,1.00000000
3001.65800000,0.18515057,0.17288165,1.00000000
3002.14100000,0.18514752,0.17270677,1.00000000
3002.62300000,0.18522525,0.17253254,1.00000000
3003.10500000,0.18537809,0.17235862,1.00000000
3003.58700000,0.18527322,0.17218500,1.00000000
3004.06900000,0.18538120,0.17201169,1.00000000
3004.55100000,0.18541336,0.17183868,1.00000000
3005.03300000,0.18547660,0.17166599,1.00000000
3005.51500000,0.18512989,0.17149360,1.00000000
3005.99800000,0.18539049,0.17132117,1.00000000
3006.48000000,0.18524599,0.17114942,1.00000000
3006.96200000,0.18536468,0.17097798,1.00000000
3007.44400000,0.18537901,0.17080686,1.00000000
3007.92600000,0.18534538,0.17063606,1.00000000
3008.40800000,0.18569982,0.17046559,1.00000000
3008.89000000,0.18536633,0.17029544,1.00000000
3009.37200000,0.18551344,0.17012562,1.00000000
3009.85400000,0.18547788,0.16995613,1.00000000
3010.33700000,0.18566568,0.16978662,1.00000000
3010.81900000,0.18559177,0.16961780,1.00000000
3011.30100000,0.18546705,0.16944931,1.00000000
3011.78300000,0.18545002,0.16928116,1.00000000
3012.26500000,0.18564458,0.16911336,1.00000000
3012.74700000,0.18547832,0.16894589,1.00000000
3013.22900000,0.18571234,0.16877877,1.00000000
3013.71100000,0.18560837,0.16861199,1.00000000
3014.19400000,0.18543900,0.16844522,1.00000000
3014.67600000,0.18551730,0.16827914,1.00000000
3015.15800000,0.18572184,0.16811342,1.00000000
3015.64000000,0.18552336,0.16794804,1.00000000
3016.12200000,0.18568011,0.16778303,1.00000000
3016.60400000,0.18558381,0.16761837,1.00000000
3017.08600000,0.18571081,0.16745408,1.00000000
3017.56800000,0.18601989,0.16729014,1.00000000
3018.05100000,0.18606965,0.16712624,1.00000000
3018.53200000,0.18588334,0.16696337,1.00000000
3019.01500000,0.18610874,0.16680020,1.00000000
3019.49700000,0.18612537,0.16663773,1.00000000
3019.97900000,0.18624643,0.16647564,1.00000000
3020.46100000,0.18630631,0.16631392,1.00000000
3020.94300000,0.18613562,0.16615258,1.00000000
3021.42500000,0.18609637,0.16599161,1.00000000
3021.90700000,0.18614959,0.16583103,1.00000000
3022.38900000,0.18640065,0.16567083,1.00000000
3022.87200000,0.18623820,0.16551068,1.00000000
3023.35400000,0.18650025,0.16535124,1.00000000
3023.83600000,0.18639892,0.16519220,1.00000000
3024.31800000,0.18617310,0.16503354,1.00000000
3024.80000000,0.18644714,0.16487527,1.00000000
3025.28200000,0.18638633,0.16471740,1.00000000
3025.76400000,0.18641691,0.16455993,1.00000000
3026.24600000,0.18646886,0.16440285,1.00000000
3026.72900000,0.18662585,0.16424584,1.00000000
3027.21100000,0.18648929,0.16408956,1.00000000
3027.69300000,0.18661384,0.16393369,1.00000000
3028.17500000,0.18664165,0.16377821,1.00000000
3028.65700000,0.18661055,0.16362315,1.00000000
3029.13900000,0.18694573,0.16346849,1.00000000
3029.62100000,0.18671838,0.16331424,1.00000000
3030.10300000,0.18686977,0.16316041,1.00000000
3030.58500000,0.18701757,0.16300699,1.00000000
3031.06800000,0.18681575,0.16285366,1.00000000
3031.55000000,0.18696889,0.16270108,1.00000000
3032.03200000,0.18713921,0.16254891,1.00000000
3032.51400000,0.18701611,0.16239716,1.00000000
3032.99600000,0.18683640,0.16224584,1.00000000
3033.47800000,0.18713470,0.16209494,1.00000000
3033.96000000,0.18681485,0.16194447,1.00000000
3034.44200000,0.18707427,0.16179443,1.00000000
3034.92500000,0.18700333,0.16164450,1.00000000
3035.40700000,0.18707311,0.16149532,1.00000000
3035.88900000,0.18716456,0.16134658,1.00000000
3036.37100000,0.18710199,0.16119826,1.00000000
3036.85300000,0.18732686,0.16105039,1.00000000
3037.33500000,0.18718807,0.16090296,1.00000000
3037.81700000,0.18730948,0.16075596,1.00000000
3038.29900000,0.18761485,0.16060941,1.00000000
3038.78100000,0.18755177,0.16046331,1.00000000
3039.26400000,0.18733658,0.16031734,1.00000000
3039.74600000,0.18759855,0.16017213,1.00000000
3040.22800000,0.18754941,0.16002737,1.00000000
3040.71000000,0.18768035,0.15988306,1.00000000
3041.19200000,0.18772681,0.15973921,1.00000000
3041.67400000,0.18777589,0.15959580,1.00000000
3042.15600000,0.18763644,0.15945286,1.00000000
3042.63800000,0.18760633,0.15931037,1.00000000
3043.12100000,0.18776073,0.15916805,1.00000000
3043.60300000,0.18780579,0.15902649,1.00000000
3044.08500000,0.18783640,0.15888539,1.00000000
3044.56700000,0.18788077,0.15874475,1.00000000
3045.04900000,0.18799637,0.15860458,1.00000000
3045.53100000,0.18806576,0.15846488,1.00000000
3046.01300000,0.18794385,0.15832565,1.00000000
3046.49500000,0.18807883,0.15818689,1.00000000
3046.97800000,0.18794441,0.15804832,1.00000000
3047.45900000,0.18823702,0.15791080,1.00000000
3047.94200000,0.18812434,0.15777318,1.00000000
3048.42400000,0.18806500,0.15763633,1.00000000
3048.90600000,0.18815469,0.15749996,1.00000000
3049.38800000,0.18826628,0.15736407,1.00000000
3049.87000000,0.18807575,0.15722866,1.00000000
3050.35200000,0.18816190,0.15709373,1.00000000
3050.83400000,0.18814316,0.15695930,1.00000000
3051.31600000,0.18821451,0.15682535,1.00000000
3051.79900000,0.18832248,0.15669161,1.00000000
3052.28100000,0.18848876,0.15655865,1.00000000
3052.76300000,0.18854285,0.15642618,1.00000000
3053.24500000,0.18858665,0.15629420,1.00000000
3053.72700000,0.18864963,0.15616271,1.00000000
3054.20900000,0.18869544,0.15603173,1.00000000
3054.69100000,0.18881936,0.15590124,1.00000000
3055.17300000,0.18879881,0.15577126,1.00000000
3055.65600000,0.18871507,0.15564151,1.00000000
3056.13800000,0.18885790,0.15551253,1.00000000
3056.62000000,0.18889760,0.15538406,1.00000000
3057.10200000,0.18886349,0.15525609,1.00000000
3057.58400000,0.18893681,0.15512864,1.00000000
3058.06600000,0.18912439,0.15500169,1.00000000
3058.54800000,0.18905847,0.15487526,1.00000000
3059.03000000,0.18921137,0.15474934,1.00000000
3059.51200000,0.18935639,0.15462393,1.00000000
3059.99500000,0.18921877,0.15449878,1.00000000
3060.47700000,0.18926495,0.15437441,1.00000000
3060.95900000,0.18936832,0.15425055,1.00000000
3061.44100000,0.18944016,0.15412722,1.00000000
3061.92300000,0.18934170,0.15400441,1.00000000
3062.40500000,0.18936758,0.15388212,1.00000000
3062.88700000,0.18970279,0.15376036,1.00000000
3063.36900000,0.18964763,0.15363912,1.00000000
3063.85200000,0.18967673,0.15351817,1.00000000
3064.33400000,0.18953102,0.15339799,1.00000000
3064.81600000,0.18987393,0.15327834,1.00000000
3065.29800000,0.18978077,0.15315923,1.00000000
3065.78000000,0.18972337,0.15304064,1.00000000
3066.26200000,0.18989168,0.15292260,1.00000000
3066.74400000,0.18993545,0.15280509,1.00000000
3067.22600000,0.19011970,0.15268811,1.00000000
3067.70800000,0.18999998,0.15257168,1.00000000
3068.19100000,0.19014091,0.15245555,1.00000000
3068.67300000,0.19016950,0.15234020,1.00000000
3069.15500000,0.19022115,0.15222539,1.00000000
3069.63700000,0.19041143,0.15211113,1.00000000
3070.11900000,0.19031850,0.15199741,1.00000000
3070.60100000,0.19041926,0.15188424,1.00000000
3071.08300000,0.19038167,0.15177162,1.00000000
3071.56500000,0.19078081,0.15165955,1.00000000
3072.04800000,0.19057732,0.15154780,1.00000000
3072.53000000,0.19069512,0.15143684,1.00000000
3073.01200000,0.19073893,0.15132643,1.00000000
3073.49400000,0.19081897,0.15121657,1.00000000
3073.97600000,0.19063920,0.15110727,1.00000000
3074.45800000,0.19069383,0.15099853,1.00000000
3074.94000000,0.19101800,0.15089035,1.00000000
3075.42200000,0.19077641,0.15078273,1.00000000
3075.90500000,0.19066426,0.15067545,1.00000000
3076.38600000,0.19087228,0.15056917,1.00000000
3076.86900000,0.19082691,0.15046302,1.00000000
3077.35100000,0.19093890,0.15035765,1.00000000
3077.83300000,0.19050931,0.15025285,1.00000000
3078.31500000,0.19086298,0.15014862,1.00000000
3078.79700000,0.19080199,0.15004496,1.00000000
3079.27900000,0.19066273,0.14994187,1.00000000
3079.76100000,0.19090345,0.14983935,1.00000000
3080.24300000,0.19087278,0.14973741,1.00000000
3080.72600000,0.19105964,0.14963582,1.00000000
3081.20800000,0.19107796,0.14953503,1.00000000
3081.69000000,0.19103374,0.14943481,1.00000000
3082.17200000,0.19133145,0.14933517,1.00000000
3082.65400000,0.19138895,0.14923610,1.00000000
3083.13600000,0.19133465,0.14913762,1.00000000
3083.61800000,0.19122311,0.14903972,1.00000000
3084.10000000,0.19138480,0.14894240,1.00000000
3084.58300000,0.19115654,0.14884546,1.00000000
3085.06500000,0.19145737,0.14874931,1.00000000
3085.54700000,0.19153167,0.14865375,1.00000000
3086.02900000,0.19144111,0.14855877,1.00000000
3086.51100000,0.19146992,0.14846439,1.00000000
3086.99300000,0.19173251,0.14837059,1.00000000
3087.47500000,0.19156150,0.14827738,1.00000000
3087.95700000,0.19154193,0.14818476,1.00000000
3088.43900000,0.19175505,0.14809273,1.00000000
3088.92200000,0.19176867,0.14800111,1.00000000
3089.40400000,0.19175390,0.14791028,1.00000000
3089.88600000,0.19165290,0.14782004,1.00000000
3090.36800000,0.19201355,0.14773039,1.00000000
3090.85000000,0.19180441,0.14764135,1.00000000
3091.33200000,0.19180803,0.14755290,1.00000000
3091.81400000,0.19179657,0.14746505,1.00000000
3092.29600000,0.19171854,0.14737781,1.00000000
3092.77900000,0.19190394,0.14729098,1.00000000
3093.26100000,0.19194356,0.14720494,1.00000000
3093.74300000,0.19200288,0.14711951,1.00000000
3094.22500000,0.19192818,0.14703468,1.00000000
3094.70700000,0.19220342,0.14695045,1.00000000
3095.18900000,0.19217242,0.14686684,1.00000000
3095.67100000,0.19226280,0.14678383,1.00000000
3096.15300000,0.19229948,0.14670142,1.00000000
3096.63500000,0.19234300,0.14661963,1.00000000
3097.11800000,0.19231146,0.14653829,1.00000000
3097.60000000,0.19247404,0.14645772,1.00000000
3098.08200000,0.19255304,0.14637777,1.00000000
3098.56400000,0.19243358,0.14629843,1.00000000
3099.04600000,0.19233349,0.14621970,1.00000000
3099.52800000,0.19263097,0.14614159,1.00000000
3100.01000000,0.19258922,0.14606410,1.00000000
3100.49200000,0.19254592,0.14598722,1.00000000
3100.97500000,0.19266315,0.14591080,1.00000000
3101.45700000,0.19239354,0.14583517,1.00000000
3101.93900000,0.19274008,0.14576015,1.00000000
3102.42100000,0.19240730,0.14568575,1.00000000
3102.90300000,0.19255679,0.14561198,1.00000000
3103.38500000,0.19244941,0.14553883,1.00000000
3103.86700000,0.19245550,0.14546630,1.00000000
3104.34900000,0.19255627,0.14539440,1.00000000
3104.83200000,0.19260020,0.14532297,1.00000000
3105.31300000,0.19258392,0.14525246,1.00000000
3105.79600000,0.19254487,0.14518229,1.00000000
3106.27800000,0.19270911,0.14511290,1.00000000
3106.76000000,0.19242395,0.14504413,1.00000000
3107.24200000,0.19266867,0.14497599,1.00000000
3107.72400000,0.19269857,0.14490848,1.00000000
3108.20600000,0.19251376,0.14484160,1.00000000
3108.68800000,0.19247197,0.14477536,1.00000000
3109.17000000,0.19251901,0.14470974,1.00000000
3109.65300000,0.19244008,0.14464463,1.00000000
3110.13500000,0.19260111,0.14458028,1.00000000
3110.61700000,0.19277914,0.14451657,1.00000000
3111.09900000,0.19279805,0.14445350,1.00000000
3111.58100000,0.19249643,0.14439106,1.00000000
3112.06300000,0.19262725,0.14432926,1.00000000
3112.54500000,0.19268470,0.14426809,1.00000000
3113.02700000,0.19267768,0.14420757,1.00000000
3113.51000000,0.19268571,0.14414756,1.00000000
3113.99200000,0.19279739,0.14408831,1.00000000
3114.47400000,0.19285109,0.14402971,1.00000000
3114.95600000,0.19275391,0.14397174,1.00000000
3115.43800000,0.19277778,0.14391442,1.00000000
3115.92000000,0.19279720,0.14385774,1.00000000
3116.40200000,0.19273875,0.14380170,1.00000000
3116.88400000,0.19293365,0.14374631,1.00000000
3117.36600000,0.19310675,0.14369156,1.00000000
3117.84900000,0.19291976,0.14363734,1.00000000
3118.33100000,0.19309428,0.14358389,1.00000000
3118.81300000,0.19298644,0.14353107,1.00000000
3119.29500000,0.19287008,0.14347891,1.00000000
3119.77700000,0.19302188,0.14342739,1.00000000
3120.25900000,0.19293903,0.14337653,1.00000000
3120.74100000,0.19304011,0.14332631,1.00000000
3121.22300000,0.19309815,0.14327673,1.00000000
3121.70600000,0.19299737,0.14322771,1.00000000
3122.18800000,0.19289992,0.14317944,1.00000000
3122.67000000,0.19297480,0.14313182,1.00000000
3123.15200000,0.19291990,0.14308486,1.00000000
3123.63400000,0.19297846,0.14303854,1.00000000
3124.11600000,0.19306805,0.14299288,1.00000000
3124.59800000,0.19313854,0.14294787,1.00000000
3125.08000000,0.19298278,0.14290351,1.00000000
3125.56200000,0.19294406,0.14285981,1.00000000
3126.04500000,0.19294830,0.14281667,1.00000000
3126.52700000,0.19309994,0.14277428,1.00000000
3127.00900000,0.19310779,0.14273255,1.00000000
3127.49100000,0.19306873,0.14269147,1.00000000
3127.97300000,0.19280404,0.14265104,1.00000000
3128.45500000,0.19304783,0.14261128,1.00000000
3128.93700000,0.19309014,0.14257217,1.00000000
3129.41900000,0.19295895,0.14253371,1.00000000
3129.90200000,0.19283568,0.14249584,1.00000000
3130.38400000,0.19302508,0.14245871,1.00000000
3130.86600000,0.19297142,0.14242223,1.00000000
3131.34800000,0.19298542,0.14238642,1.00000000
3131.83000000,0.19291367,0.14235126,1.00000000
3132.31200000,0.19296917,0.14231677,1.00000000
3132.79400000,0.19302119,0.14228293,1.00000000
3133.27600000,0.19282438,0.14224976,1.00000000
3133.75900000,0.19284395,0.14221718,1.00000000
3134.24000000,0.19297129,0.14218540,1.00000000
3134.72300000,0.19296150,0.14215415,1.00000000
3135.20500000,0.19286486,0.14212362,1.00000000
3135.68700000,0.19304525,0.14209376,1.00000000
3136.16900000,0.19290654,0.14206456,1.00000000
3136.65100000,0.19302245,0.14203603,1.00000000
3137.13300000,0.19295496,0.14200815,1.00000000
3137.61500000,0.19289679,0.14198095,1.00000000
3138.09700000,0.19299954,0.14195440,1.00000000
3138.58000000,0.19291582,0.14192847,1.00000000
3139.06200000,0.19297252,0.14190326,1.00000000
3139.54400000,0.19306477,0.14187871,1.00000000
3140.02600000,0.19319165,0.14185483,1.00000000
3140.50800000,0.19290638,0.14183162,1.00000000
3140.99000000,0.19294684,0.14180906,1.00000000
3141.47200000,0.19277262,0.14178718,1.00000000
3141.95400000,0.19274995,0.14176596,1.00000000
3142.43700000,0.19264596,0.14174537,1.00000000
3142.91900000,0.19277011,0.14172549,1.00000000
3143.40100000,0.19266843,0.14170627,1.00000000
3143.88300000,0.19253698,0.14168772,1.00000000
3144.36500000,0.19244147,0.14166984,1.00000000
3144.84700000,0.19255455,0.14165263,1.00000000
3145.32900000,0.19258042,0.14163608,1.00000000
3145.81100000,0.19243318,0.14162021,1.00000000
3146.29300000,0.19248898,0.14160500,1.00000000
3146.77600000,0.19263490,0.14159043,1.00000000
3147.25800000,0.19263039,0.14157655,1.00000000
3147.74000000,0.19249780,0.14156335,1.00000000
3148.22200000,0.19251206,0.14155082,1.00000000
3148.70400000,0.19266425,0.14153895,1.00000000
3149.18600000,0.19255962,0.14152776,1.00000000
3149.66800000,0.19219210,0.14151723,1.00000000
3150.15000000,0.19262692,0.14150737,1.00000000
3150.63300000,0.19234752,0.14149816,1.00000000
3151.11500000,0.19239060,0.14148964,1.00000000
3151.59700000,0.19247591,0.14148179,1.00000000
3152.07900000,0.19244937,0.14147461,1.00000000
3152.56100000,0.19239035,0.14146810,1.00000000
3153.04300000,0.19243785,0.14146226,1.00000000
3153.52500000,0.19245836,0.14145709,1.00000000
3154.00700000,0.19254620,0.14145259,1.00000000
3154.49000000,0.19255826,0.14144875,1.00000000
3154.97200000,0.19270119,0.14144559,1.00000000
3155.45400000,0.19224003,0.14144310,1.00000000
3155.93600000,0.19236842,0.14144128,1.00000000
3156.41800000,0.19246041,0.14144012,1.00000000
3156.90000000,0.19235734,0.14143964,1.00000000
3157.38200000,0.19224039,0.14143983,1.00000000
3157.86400000,0.19226006,0.14144068,1.00000000
3158.34600000,0.19210946,0.14144221,1.00000000
3158.82900000,0.19218302,0.14144441,1.00000000
3159.31100000,0.19215513,0.14144728,1.00000000
3159.79300000,0.19212634,0.14145081,1.00000000
3160.27500000,0.19211289,0.14145502,1.00000000
3160.75700000,0.19208279,0.14145989,1.00000000
3161.23900000,0.19181928,0.14146543,1.00000000
3161.72100000,0.19188643,0.14147165,1.00000000
3162.20300000,0.19218181,0.14147853,1.00000000
3162.68600000,0.19175841,0.14148609,1.00000000
3163.16700000,0.19190040,0.14149429,1.00000000
3163.65000000,0.19221173,0.14150320,1.00000000
3164.13200000,0.19194546,0.14151276,1.00000000
3164.61400000,0.19202654,0.14152298,1.00000000
3165.09600000,0.19201877,0.14153387,1.00000000
3165.57800000,0.19209605,0.14154543,1.00000000
3166.06000000,0.19214904,0.14155766,1.00000000
3166.54200000,0.19185694,0.14157056,1.00000000
3167.02400000,0.19184662,0.14158412,1.00000000
3167.50700000,0.19183867,0.14159838,1.00000000
3167.98900000,0.19180571,0.14161328,1.00000000
3168.47100000,0.19183115,0.14162884,1.00000000
3168.95300000,0.19158645,0.14164508,1.00000000
3169.43500000,0.19146372,0.14166197,1.00000000
3169.91700000,0.19159372,0.14167954,1.00000000
3170.39900000,0.19152887,0.14169777,1.00000000
3170.88100000,0.19152300,0.14171666,1.00000000
3171.36400000,0.19132776,0.14173626,1.00000000
3171.84600000,0.19127233,0.14175649,1.00000000
3172.32800000,0.19127379,0.14177738,1.00000000
3172.81000000,0.19138325,0.14179894,1.00000000
3173.29200000,0.19126850,0.14182116,1.00000000
3173.77400000,0.19117814,0.14184404,1.00000000
3174.25600000,0.19133992,0.14186759,1.00000000
3174.73800000,0.19112795,0.14189180,1.00000000
3175.22000000,0.19109618,0.14191668,1.00000000
3175.70300000,0.19111094,0.14194227,1.00000000
3176.18500000,0.19142782,0.14196847,1.00000000
3176.66700000,0.19125918,0.14199533,1.00000000
3177.14900000,0.19120325,0.14202285,1.00000000
3177.63100000,0.19104427,0.14205104,1.00000000
3178.11300000,0.19100953,0.14207988,1.00000000
3178.59500000,0.19094817,0.14210939,1.00000000
3179.07700000,0.19102101,0.14213956,1.00000000
3179.56000000,0.19083017,0.14217045,1.00000000
3180.04200000,0.19091466,0.14220193,1.00000000
3180.52400000,0.19090820,0.14223408,1.00000000
3181.00600000,0.19086815,0.14226688,1.00000000
3181.48800000,0.19072379,0.14230034,1.00000000
3181.97000000,0.19093004,0.14233446,1.00000000
3182.45200000,0.19083269,0.14236924,1.00000000
3182.93400000,0.19070841,0.14240467,1.00000000
3183.41700000,0.19060751,0.14244084,1.00000000
3183.89900000,0.19071888,0.14247758,1.00000000
3184.38100000,0.19046716,0.14251498,1.00000000
3184.86300000,0.19064703,0.14255304,1.00000000
3185.34500000,0.19025549,0.14259175,1.00000000
3185.82700000,0.19048765,0.14263112,1.00000000
3186.30900000,0.19038201,0.14267113,1.00000000
3186.79100000,0.19046648,0.14271180,1.00000000
3187.27300000,0.19034537,0.14275313,1.00000000
3187.75600000,0.19027425,0.14279519,1.00000000
3188.23800000,0.19024157,0.14283782,1.00000000
3188.72000000,0.19037071,0.14288109,1.00000000
3189.20200000,0.19022687,0.14292502,1.00000000
3189.68400000,0.19049198,0.14296960,1.00000000
3190.16600000,0.19020821,0.14301482,1.00000000
3190.64800000,0.19028793,0.14306070,1.00000000
3191.13000000,0.19017809,0.14310722,1.00000000
3191.61300000,0.19020625,0.14315449,1.00000000
3192.09400000,0.19017033,0.14320221,1.00000000
3192.57700000,0.19012096,0.14325077,1.00000000
3193.05900000,0.18987701,0.14329988,1.00000000
3193.54100000,0.18993565,0.14334963,1.00000000
3194.02300000,0.18993974,0.14340003,1.00000000
3194.50500000,0.18990831,0.14345107,1.00000000
3194.98700000,0.18985025,0.14350276,1.00000000
3195.46900000,0.18988132,0.14355508,1.00000000
3195.95100000,0.18982750,0.14360805,1.00000000
3196.43400000,0.18976638,0.14366177,1.00000000
3196.91600000,0.18973943,0.14371602,1.00000000
3197.39800000,0.18989367,0.14377091,1.00000000
3197.88000000,0.18971511,0.14382644,1.00000000
3198.36200000,0.18940105,0.14388261,1.00000000
3198.84400000,0.18961962,0.14393941,1.00000000
3199.32600000,0.18952699,0.14399685,1.00000000
3199.80800000,0.18965952,0.14405493,1.00000000
3200.29100000,0.18934615,0.14411376,1.00000000
3200.77300000,0.18945957,0.14417311,1.00000000
3201.25500000,0.18958453,0.14423309,1.00000000
3201.73700000,0.18938220,0.14429371,1.00000000
3202.21900000,0.18935212,0.14435495,1.00000000
3202.70100000,0.18945652,0.14441683,1.00000000
3203.18300000,0.18945198,0.14447934,1.00000000
3203.66500000,0.18940023,0.14454248,1.00000000
3204.14700000,0.18929595,0.14460625,1.00000000
3204.63000000,0.18922087,0.14467078,1.00000000
3205.11200000,0.18924350,0.14473581,1.00000000
3205.59400000,0.18902409,0.14480146,1.00000000
3206.07600000,0.18905200,0.14486774,1.00000000
3206.55800000,0.18946714,0.14493464,1.00000000
3207.04000000,0.18921615,0.14500217,1.00000000
3207.52200000,0.18889474,0.14507032,1.00000000
3208.00400000,0.18901729,0.14513909,1.00000000
3208.48700000,0.18898468,0.14520863,1.00000000
3208.96900000,0.18880942,0.14527865,1.00000000
3209.45100000,0.18875736,0.14534928,1.00000000
3209.93300000,0.18874746,0.14542054,1.00000000
3210.41500000,0.18889197,0.14549241,1.00000000
3210.89700000,0.18884021,0.14556490,1.00000000
3211.37900000,0.18880772,0.14563801,1.00000000
3211.86100000,0.18880077,0.14571174,1.00000000
3212.34400000,0.18861829,0.14578623,1.00000000
3212.82600000,0.18893812,0.14586118,1.00000000
3213.30800000,0.18886849,0.14593675,1.00000000
3213.79000000,0.18872934,0.14601292,1.00000000
3214.27200000,0.18861037,0.14608971,1.00000000
3214.75400000,0.18870382,0.14616711,1.00000000
3215.23600000,0.18867656,0.14624512,1.00000000
3215.71800000,0.18872401,0.14632373,1.00000000
3216.20000000,0.18862102,0.14640295,1.00000000
3216.68300000,0.18869970,0.14648295,1.00000000
3217.16500000,0.18853360,0.14656338,1.00000000
3217.64700000,0.18844684,0.14664442,1.00000000
3218.12900000,0.18856541,0.14672606,1.00000000
3218.61100000,0.18846793,0.14680830,1.00000000
3219.09300000,0.18848851,0.14689115,1.00000000
3219.57500000,0.18867865,0.14697459,1.00000000
3220.05700000,0.18843906,0.14705863,1.00000000
3220.54000000,0.18844669,0.14714345,1.00000000
3221.02100000,0.18856789,0.14722851,1.00000000
3221.50400000,0.18841464,0.14731452,1.00000000
3221.98600000,0.18845346,0.14740095,1.00000000
3222.46800000,0.18829676,0.14748798,1.00000000
3222.95000000,0.18816380,0.14757559,1.00000000
3223.43200000,0.18819710,0.14766380,1.00000000
3223.91400000,0.18818282,0.14775259,1.00000000
3224.39600000,0.18810410,0.14784198,1.00000000
3224.87800000,0.18815810,0.14793196,1.00000000
3225.36100000,0.18821411,0.14802271,1.00000000
3225.84300000,0.18830325,0.14811385,1.00000000
3226.32500000,0.18806298,0.14820559,1.00000000
3226.80700000,0.18819398,0.14829791,1.00000000
3227.28900000,0.18829549,0.14839080,1.00000000
3227.77100000,0.18815655,0.14848429,1.00000000
3228.25300000,0.18811232,0.14857835,1.00000000
3228.73500000,0.18818646,0.14867299,1.00000000
3229.21800000,0.18801424,0.14876841,1.00000000
3229.70000000,0.18816155,0.14886420,1.00000000
3230.18200000,0.18809298,0.14896057,1.00000000
3230.66400000,0.18799846,0.14905752,1.00000000
3231.14600000,0.18802491,0.14915504,1.00000000
3231.62800000,0.18812793,0.14925313,1.00000000
3232.11000000,0.18796740,0.14935179,1.00000000
3232.59200000,0.18812070,0.14945103,1.00000000
3233.07400000,0.18782492,0.14955083,1.00000000
3233.55700000,0.18798632,0.14965140,1.00000000
3234.03900000,0.18788294,0.14975234,1.00000000
3234.52100000,0.18794799,0.14985384,1.00000000
3235.00300000,0.18785562,0.14995590,1.00000000
3235.48500000,0.18781278,0.15005853,1.00000000
3235.96700000,0.18803083,0.15016171,1.00000000
3236.44900000,0.18811454,0.15026546,1.00000000
3236.93100000,0.18788509,0.15036976,1.00000000
3237.41400000,0.18788280,0.15047484,1.00000000
3237.89600000,0.18782198,0.15058026,1.00000000
3238.37800000,0.18789052,0.15068623,1.00000000
3238.86000000,0.18782187,0.15079276,1.00000000
3239.34200000,0.18777615,0.15089983,1.00000000
3239.82400000,0.18794723,0.15100746,1.00000000
3240.30600000,0.18770442,0.15111564,1.00000000
3240.78800000,0.18778943,0.15122436,1.00000000
3241.27100000,0.18785640,0.15133386,1.00000000
3241.75300000,0.18808655,0.15144368,1.00000000
3242.23500000,0.18792298,0.15155404,1.00000000
3242.71700000,0.18806239,0.15166495,1.00000000
3243.19900000,0.18803375,0.15177639,1.00000000
3243.68100000,0.18789444,0.15188838,1.00000000
3244.16300000,0.18814674,0.15200090,1.00000000
3244.64500000,0.18812307,0.15211396,1.00000000
3245.12700000,0.18802845,0.15222756,1.00000000
3245.61000000,0.18809951,0.15234193,1.00000000
3246.09200000,0.18804036,0.15245660,1.00000000
3246.57400000,0.18820422,0.15257179,1.00000000
3247.05600000,0.18806350,0.15268752,1.00000000
3247.53800000,0.18801606,0.15280377,1.00000000
3248.02000000,0.18807843,0.15292056,1.00000000
3248.50200000,0.18807288,0.15303787,1.00000000
3248.98400000,0.18784070,0.15315570,1.00000000
3249.46700000,0.18805418,0.15327430,1.00000000
3249.94800000,0.18785856,0.15339293,1.00000000
3250.43100000,0.18796096,0.15351258,1.00000000
3250.91300000,0.18793163,0.15363250,1.00000000
3251.39500000,0.18786712,0.15375293,1.00000000
3251.87700000,0.18794561,0.15387388,1.00000000
3252.35900000,0.18805175,0.15399534,1.00000000
3252.84100000,0.18791490,0.15411732,1.00000000
3253.32300000,0.18788202,0.15423981,1.00000000
3253.80500000,0.18798472,0.15436281,1.00000000
3254.28800000,0.18795126,0.15448657,1.00000000
3254.77000000,0.18808370,0.15461058,1.00000000
3255.25200000,0.18779364,0.15473510,1.00000000
3255.73400000,0.18801370,0.15486012,1.00000000
3256.21600000,0.18783813,0.15498565,1.00000000
3256.69800000,0.18771913,0.15511167,1.00000000
3257.18000000,0.18778408,0.15523820,1.00000000
3257.66200000,0.18788744,0.15536522,1.00000000
3258.14500000,0.18791910,0.15549300,1.00000000
3258.62700000,0.18771188,0.15562102,1.00000000
3259.10900000,0.18798994,0.15574952,1.00000000
3259.59100000,0.18778666,0.15587852,1.00000000
3260.07300000,0.18790209,0.15600801,1.00000000
3260.55500000,0.18794675,0.15613798,1.00000000
3261.03700000,0.18793157,0.15626844,1.00000000
3261.51900000,0.18798556,0.15639939,1.00000000
3262.00100000,0.18806334,0.15653082,1.00000000
3262.48400000,0.18827382,0.15666301,1.00000000
3262.96600000,0.18812398,0.15679540,1.00000000
3263.44800000,0.18795141,0.15692827,1.00000000
3263.93000000,0.18797768,0.15706162,1.00000000
3264.41200000,0.18792430,0.15719544,1.00000000
3264.89400000,0.18824667,0.15732974,1.00000000
3265.37600000,0.18809197,0.15746451,1.00000000
3265.85800000,0.18818595,0.15759975,1.00000000
3266.34100000,0.18800171,0.15773574,1.00000000
3266.82300000,0.18816458,0.15787192,1.00000000
3267.30500000,0.18830214,0.15800856,1.00000000
3267.78700000,0.18830800,0.15814567,1.00000000
3268.26900000,0.18852524,0.15828324,1.00000000
3268.75100000,0.18837289,0.15842126,1.00000000
3269.23300000,0.18831701,0.15855975,1.00000000
3269.71500000,0.18823305,0.15869870,1.00000000
3270.19800000,0.18839442,0.15883839,1.00000000
3270.68000000,0.18830796,0.15897824,1.00000000
3271.16200000,0.18834750,0.15911855,1.00000000
3271.64400000,0.18847688,0.15925930,1.00000000
3272.12600000,0.18861260,0.15940051,1.00000000
3272.60800000,0.18832930,0.15954216,1.00000000
3273.09000000,0.18852953,0.15968426,1.00000000
3273.57200000,0.18829446,0.15982680,1.00000000
3274.05400000,0.18826359,0.15996978,1.00000000
3274.53700000,0.18821117,0.16011350,1.00000000
3275.01900000,0.18831291,0.16025736,1.00000000
3275.50100000,0.18855666,0.16040166,1.00000000
3275.98300000,0.18855251,0.16054639,1.00000000
3276.46500000,0.18843397,0.16069156,1.00000000
3276.94700000,0.18858624,0.16083715,1.00000000
3277.42900000,0.18859891,0.16098318,1.00000000
3277.91100000,0.18846218,0.16112963,1.00000000
3278.39400000,0.18867421,0.16127682,1.00000000
3278.87500000,0.18868113,0.16142381,1.00000000
3279.35800000,0.18882743,0.16157185,1.00000000
3279.84000000,0.18873045,0.16171999,1.00000000
3280.32200000,0.18874590,0.16186856,1.00000000
3280.80400000,0.18884608,0.16201754,1.00000000
3281.28600000,0.18890603,0.16216694,1.00000000
3281.76800000,0.18893939,0.16231675,1.00000000
3282.25000000,0.18882541,0.16246697,1.00000000
3282.73200000,0.18897081,0.16261760,1.00000000
3283.21500000,0.18891941,0.16276896,1.00000000
3283.69700000,0.18901006,0.16292040,1.00000000
3284.17900000,0.18909345,0.16307225,1.00000000
3284.66100000,0.18891971,0.16322451,1.00000000
3285.14300000,0.18884689,0.16337716,1.00000000
3285.62500000,0.18888930,0.16353021,1.00000000
3286.10700000,0.18903877,0.16368366,1.00000000
3286.58900000,0.18883855,0.16383750,1.00000000
3287.07200000,0.18902277,0.16399206,1.00000000
3287.55400000,0.18905581,0.16414669,1.00000000
3288.03600000,0.18899987,0.16430171,1.00000000
3288.51800000,0.18897923,0.16445711,1.00000000
3289.00000000,0.18901450,0.16461290,1.00000000
3289.48200000,0.18903418,0.16476908,1.00000000
3289.96400000,0.18923659,0.16492563,1.00000000
3290.44600000,0.18917425,0.16508257,1.00000000
3290.92800000,0.18917463,0.16523988,1.00000000
3291.41100000,0.18917950,0.16539790,1.00000000
3291.89300000,0.18939353,0.16555596,1.00000000
3292.37500000,0.18955763,0.16571440,1.00000000
3292.85700000,0.18938819,0.16587321,1.00000000
3293.33900000,0.18923883,0.16603238,1.00000000
3293.82100000,0.18941583,0.16619192,1.00000000
3294.30300000,0.18953318,0.16635183,1.00000000
3294.78500000,0.18940538,0.16651210,1.00000000
3295.26800000,0.18957395,0.16667306,1.00000000
3295.75000000,0.18979726,0.16683405,1.00000000
3296.23200000,0.18965966,0.16699539,1.00000000
3296.71400000,0.18985919,0.16715709,1.00000000
3297.19600000,0.18975874,0.16731915,1.00000000
3297.67800000,0.18980452,0.16748155,1.00000000
3298.16000000,0.18986077,0.16764430,1.00000000
3298.64200000,0.18971614,0.16780740,1.00000000
3299.12500000,0.18990990,0.16797119,1.00000000
3299.60700000,0.18983876,0.16813498,1.00000000
3300.08900000,0.19014817,0.16829910,1.00000000
3300.57100000,0.18991901,0.16846357,1.00000000
3301.05300000,0.18990367,0.16862838,1.00000000
3301.53500000,0.19011023,0.16879352,1.00000000
3302.01700000,0.19023231,0.16895899,1.00000000
3302.49900000,0.19032638,0.16912480,1.00000000
3302.98100000,0.19024395,0.16929093,1.00000000
3303.46400000,0.19055548,0.16945773,1.00000000
3303.94600000,0.19029987,0.16962452,1.00000000
3304.42800000,0.19050558,0.16979163,1.00000000
3304.91000000,0.19044035,0.16995906,1.00000000
3305.39200000,0.19049009,0.17012681,1.00000000
3305.87400000,0.19043119,0.17029487,1.00000000
3306.35600000,0.19057099,0.17046325,1.00000000
3306.83800000,0.19060165,0.17063195,1.00000000
3307.32100000,0.19050564,0.17080130,1.00000000
3307.80200000,0.19078705,0.17097026,1.00000000
3308.28500000,0.19042955,0.17114024,1.00000000
3308.76700000,0.19064808,0.17131016,1.00000000
3309.24900000,0.19050817,0.17148039,1.00000000
3309.73100000,0.19064654,0.17165092,1.00000000
3310.21300000,0.19069511,0.17182174,1.00000000
3310.69500000,0.19060550,0.17199287,1.00000000
3311.17700000,0.19064126,0.17216428,1.00000000
3311.65900000,0.19073412,0.17233599,1.00000000
3312.14200000,0.19086855,0.17250835,1.00000000
3312.62400000,0.19067291,0.17268064,1.00000000
3313.10600000,0.19101696,0.17285322,1.00000000
3313.58800000,0.19105551,0.17302607,1.00000000
3314.07000000,0.19101051,0.17319922,1.00000000
3314.55200000,0.19105229,0.17337264,1.00000000
3315.03400000,0.19106192,0.17354633,1.00000000
3315.51600000,0.19131479,0.17372031,1.00000000
3315.99900000,0.19117763,0.17389492,1.00000000
3316.48100000,0.19115903,0.17406944,1.00000000
3316.96300000,0.19124966,0.17424423,1.00000000
3317.44500000,0.19135846,0.17441928,1.00000000
3317.92700000,0.19138372,0.17459460,1.00000000
3318.40900000,0.19140874,0.17477019,1.00000000
3318.89100000,0.19132614,0.17494603,1.00000000
3319.37300000,0.19151941,0.17512214,1.00000000
3319.85500000,0.19147081,0.17529850,1.00000000
3320.33800000,0.19165841,0.17547548,1.00000000
3320.82000000,0.19156072,0.17565235,1.00000000
3321.30200000,0.19159057,0.17582947,1.00000000
3321.78400000,0.19174903,0.17600683,1.00000000
3322.26600000,0.19179693,0.17618444,1.00000000
3322.74800000,0.19164697,0.17636230,1.00000000
3323.23000000,0.19201458,0.17654040,1.00000000
3323.71200000,0.19194214,0.17671873,1.00000000
3324.19500000,0.19214879,0.17689768,1.00000000
3324.67700000,0.19186878,0.17707649,1.00000000
3325.15900000,0.19193164,0.17725553,1.00000000
3325.64100000,0.19216441,0.17743481,1.00000000
3326.12300000,0.19205623,0.17761431,1.00000000
3326.60500000,0.19200622,0.17779404,1.00000000
3327.08700000,0.19221715,0.17797400,1.00000000
3327.56900000,0.19227233,0.17815417,1.00000000
3328.05200000,0.19205719,0.17833494,1.00000000
3328.53400000,0.19205871,0.17851556,1.00000000
3329.01600000,0.19212015,0.17869639,1.00000000
3329.49800000,0.19194693,0.17887744,1.00000000
3329.98000000,0.19201882,0.17905869,1.00000000
3330.46200000,0.19217206,0.17924016,1.00000000
3330.94400000,0.19219095,0.17942183,1.00000000
3331.42600000,0.19230620,0.17960371,1.00000000
3331.90800000,0.19220991,0.17978579,1.00000000
3332.39100000,0.19221605,0.17996844,1.00000000
3332.87300000,0.19225065,0.18015092,1.00000000
3333.35500000,0.19228476,0.18033360,1.00000000
3333.83700000,0.19228183,0.18051647,1.00000000
3334.31900000,0.19267173,0.18069953,1.00000000
3334.80100000,0.19238846,0.18088278,1.00000000
3335.28300000,0.19248011,0.18106622,1.00000000
3335.76500000,0.19249376,0.18124984,1.00000000
3336.24800000,0.19272141,0.18143403,1.00000000
3336.72900000,0.19272080,0.18161763,1.00000000
3337.21200000,0.19262572,0.18180218,1.00000000
3337.69400000,0.19292744,0.18198652,1.00000000
3338.17600000,0.19269862,0.18217103,1.00000000
3338.65800000,0.19264154,0.18235572,1.00000000
3339.14000000,0.19267561,0.18254058,1.00000000
3339.62200000,0.19303163,0.18272560,1.00000000
3340.10400000,0.19287607,0.18291079,1.00000000
3340.58600000,0.19277507,0.18309614,1.00000000
3341.06900000,0.19274439,0.18328204,1.00000000
3341.55100000,0.19303034,0.18346771,1.00000000
3342.03300000,0.19307775,0.18365354,1.00000000
3342.51500000,0.19327564,0.18383952,1.00000000
3342.99700000,0.19318620,0.18402566,1.00000000
3343.47900000,0.19311160,0.18421194,1.00000000
3343.96100000,0.19328913,0.18439837,1.00000000
3344.44300000,0.19338571,0.18458495,1.00000000
3344.92600000,0.19313669,0.18477205,1.00000000
3345.40800000,0.19338256,0.18495891,1.00000000
3345.89000000,0.19340031,0.18514591,1.00000000
3346.37200000,0.19334902,0.18533304,1.00000000
3346.85400000,0.19344532,0.18552031,1.00000000
3347.33600000,0.19345966,0.18570771,1.00000000
3347.81800000,0.19344829,0.18589524,1.00000000
3348.30000000,0.19346826,0.18608289,1.00000000
3348.78200000,0.19348913,0.18627067,1.00000000
3349.26500000,0.19352368,0.18645896,1.00000000
3349.74700000,0.19350423,0.18664699,1.00000000
3350.22900000,0.19319791,0.18683513,1.00000000
3350.71100000,0.19358909,0.18702339,1.00000000
3351.19300000,0.19355644,0.18721176,1.00000000
3351.67500000,0.19354893,0.18740024,1.00000000
3352.15700000,0.19343561,0.18758883,1.00000000
3352.63900000,0.19361725,0.18777753,1.00000000
3353.12200000,0.19357296,0.18796672,1.00000000
3353.60400000,0.19358040,0.18815563,1.00000000
3354.08600000,0.19344083,0.18834463,1.00000000
3354.56800000,0.19357521,0.18853373,1.00000000
3355.05000000,0.19355099,0.18872293,1.00000000
3355.53200000,0.19353246,0.18891222,1.00000000
3356.01400000,0.19352059,0.18910160,1.00000000
3356.49600000,0.19346384,0.18929107,1.00000000
3356.97900000,0.19354787,0.18948103,1.00000000
3357.46100000,0.19368822,0.18967067,1.00000000
3357.94300000,0.19351850,0.18986039,1.00000000
3358.42500000,0.19349743,0.19005019,1.00000000
3358.90700000,0.19338771,0.19024007,1.00000000
3359.38900000,0.19361804,0.19043003,1.00000000
3359.87100000,0.19360464,0.19062005,1.00000000
3360.35300000,0.19358067,0.19081015,1.00000000
3360.83500000,0.19384360,0.19100032,1.00000000
3361.31800000,0.19376302,0.19119094,1.00000000
3361.80000000,0.19362267,0.19138124,1.00000000
3362.28200000,0.19384319,0.19157160,1.00000000
3362.76400000,0.19381691,0.19176201,1.00000000
3363.24600000,0.19367157,0.19195249,1.00000000
3363.72800000,0.19375070,0.19214301,1.00000000
3364.21000000,0.19359395,0.19233359,1.00000000
3364.69200000,0.19389178,0.19252422,1.00000000
3365.17400000,0.19411860,0.19271490,1.00000000
3365.65600000,0.19403701,0.19290562,1.00000000
3366.13900000,0.19398667,0.19309678,1.00000000
3366.62100000,0.19397810,0.19328759,1.00000000
3367.10300000,0.19380795,0.19347843,1.00000000
3367.58500000,0.19404723,0.19366931,1.00000000
3368.06700000,0.19412204,0.19386023,1.00000000
3368.54900000,0.19406565,0.19405117,1.00000000
3369.03100000,0.19392578,0.19424215,1.00000000
3369.51300000,0.19421493,0.19443315,1.00000000
3369.99600000,0.19412858,0.19462458,1.00000000
3370.47800000,0.19407362,0.19481563,1.00000000
3370.96000000,0.19414388,0.19500670,1.00000000
3371.44200000,0.19425676,0.19519778,1.00000000
3371.92400000,0.19452021,0.19538889,1.00000000
3372.40600000,0.19409642,0.19558000,1.00000000
3372.88800000,0.19423146,0.19577113,1.00000000
3373.37000000,0.19424581,0.19596227,1.00000000
3373.85300000,0.19412719,0.19615381,1.00000000
3374.33500000,0.19414066,0.19634496,1.00000000
3374.81700000,0.19422235,0.19653611,1.00000000
3375.29900000,0.19419919,0.19672726,1.00000000
3375.78100000,0.19438271,0.19691840,1.00000000
3376.26300000,0.19426134,0.19710954,1.00000000
3376.74500000,0.19416535,0.19730068,1.00000000
3377.22700000,0.19413306,0.19749180,1.00000000
3377.70900000,0.19425847,0.19768292,1.00000000
3378.19200000,0.19413207,0.19787441,1.00000000
3378.67400000,0.19418214,0.19806549,1.00000000
3379.15600000,0.19420624,0.19825656,1.00000000
3379.63800000,0.19427770,0.19844760,1.00000000
3380.12000000,0.19440533,0.19863862,1.00000000
3380.60200000,0.19414935,0.19882961,1.00000000
3381.08400000,0.19407756,0.19902058,1.00000000
3381.56600000,0.19428757,0.19921152,1.00000000
3382.04900000,0.19418019,0.19940282,1.00000000
3382.53100000,0.19437526,0.19959369,1.00000000
3383.01300000,0.19426783,0.19978452,1.00000000
3383.49500000,0.19419917,0.19997531,1.00000000
3383.97700000,0.19416065,0.20016606,1.00000000
3384.45900000,0.19403123,0.20035677,1.00000000
3384.94100000,0.19403190,0.20054743,1.00000000
3385.42300000,0.19420663,0.20073805,1.00000000
3385.90600000,0.19401289,0.20092900,1.00000000
3386.38700000,0.19400631,0.20111912,1.00000000
3386.87000000,0.19395780,0.20130997,1.00000000
3387.35200000,0.19405603,0.20150037,1.00000000
3387.83400000,0.19396160,0.20169070,1.00000000
3388.31600000,0.19387680,0.20188098,1.00000000
3388.79800000,0.19390840,0.20207119,1.00000000
3389.28000000,0.19408954,0.20226134,1.00000000
3389.76200000,0.19393544,0.20245141,1.00000000
3390.24400000,0.19380898,0.20264142,1.00000000
3390.72700000,0.19404813,0.20283175,1.00000000
3391.20900000,0.19391374,0.20302160,1.00000000
3391.69100000,0.19406083,0.20321138,1.00000000
3392.17300000,0.19400062,0.20340108,1.00000000
3392.65500000,0.19413124,0.20359069,1.00000000
3393.13700000,0.19402641,0.20378023,1.00000000
3393.61900000,0.19401604,0.20396967,1.00000000
3394.10100000,0.19403363,0.20415903,1.00000000
3394.58300000,0.19383630,0.20434829,1.00000000
3395.06600000,0.19410269,0.20453785,1.00000000
3395.54800000,0.19415948,0.20472693,1.00000000
3396.03000000,0.19396823,0.20491590,1.00000000
3396.51200000,0.19387571,0.20510478,1.00000000
3396.99400000,0.19381408,0.20529355,1.00000000
3397.47600000,0.19388553,0.20548222,1.00000000
3397.95800000,0.19405728,0.20567078,1.00000000
3398.44000000,0.19387328,0.20585923,1.00000000
3398.92300000,0.19383589,0.20604796,1.00000000
3399.40500000,0.19399236,0.20623619,1.00000000
3399.88700000,0.19396151,0.20642430,1.00000000
3400.36900000,0.19379773,0.20661229,1.00000000
3400.85100000,0.19387647,0.20680016,1.00000000
3401.33300000,0.19384646,0.20698791,1.00000000
3401.81500000,0.19380192,0.20717553,1.00000000
3402.29700000,0.19368893,0.20736303,1.00000000
3402.78000000,0.19373386,0.20755078,1.00000000
3403.26200000,0.19371848,0.20773801,1.00000000
3403.74400000,0.19373831,0.20792511,1.00000000
3404.22600000,0.19379253,0.20811208,1.00000000
3404.70800000,0.19359684,0.20829890,1.00000000
3405.19000000,0.19361374,0.20848559,1.00000000
3405.67200000,0.19338242,0.20867213,1.00000000
3406.15400000,0.19332151,0.20885852,1.00000000
3406.63600000,0.19358317,0.20904477,1.00000000
3407.11900000,0.19330304,0.20923126,1.00000000
3407.60100000,0.19342981,0.20941720,1.00000000
3408.08300000,0.19340347,0.20960300,1.00000000
3408.56500000,0.19325793,0.20978863,1.00000000
3409.04700000,0.19329475,0.20997411,1.00000000
3409.52900000,0.19339491,0.21015943,1.00000000
3410.01100000,0.19330507,0.21034459,1.00000000
3410.49300000,0.19327013,0.21052957,1.00000000
3410.97600000,0.19347364,0.21071478,1.00000000
3411.45800000,0.19337522,0.21089943,1.00000000
3411.94000000,0.19324125,0.21108391,1.00000000
3412.42200000,0.19339065,0.21126822,1.00000000
3412.90400000,0.19344242,0.21145235,1.00000000
3413.38600000,0.19346926,0.21163631,1.00000000
3413.86800000,0.19346140,0.21182008,1.00000000
3414.35000000,0.19344983,0.21200367,1.00000000
3414.83300000,0.19332833,0.21218745,1.00000000
3415.31400000,0.19336001,0.21237029,1.00000000
3415.79700000,0.19340039,0.21255370,1.00000000
3416.27900000,0.19353601,0.21273654,1.00000000
3416.76100000,0.19337657,0.21291918,1.00000000
3417.24300000,0.19327323,0.21310163,1.00000000
3417.72500000,0.19351701,0.21328388,1.00000000
3418.20700000,0.19326046,0.21346593,1.00000000
3418.68900000,0.19329398,0.21364778,1.00000000
3419.17100000,0.19332084,0.21382942,1.00000000
3419.65400000,0.19318036,0.21401124,1.00000000
3420.13600000,0.19310600,0.21419247,1.00000000
3420.61800000,0.19362523,0.21437348,1.00000000
3421.10000000,0.19301148,0.21455429,1.00000000
3421.58200000,0.19321064,0.21473488,1.00000000
3422.06400000,0.19298693,0.21491525,1.00000000
3422.54600000,0.19314027,0.21509540,1.00000000
3423.02800000,0.19300806,0.21527533,1.00000000
3423.51000000,0.19292605,0.21545504,1.00000000
3423.99300000,0.19278129,0.21563490,1.00000000
3424.47500000,0.19292766,0.21581415,1.00000000
3424.95700000,0.19304929,0.21599317,1.00000000
3425.43900000,0.19296180,0.21617197,1.00000000
3425.92100000,0.19297845,0.21635052,1.00000000
3426.40300000,0.19301186,0.21652884,1.00000000
3426.88500000,0.19290671,0.21670693,1.00000000
3427.36700000,0.19280397,0.21688477,1.00000000
3427.85000000,0.19288424,0.21706274,1.00000000
3428.33200000,0.19288760,0.21724009,1.00000000
3428.81400000,0.19290445,0.21741720,1.00000000
3429.29600000,0.19288436,0.21759405,1.00000000
3429.77800000,0.19265006,0.21777066,1.00000000
3430.26000000,0.19273222,0.21794701,1.00000000
3430.74200000,0.19267728,0.21812311,1.00000000
3431.22400000,0.19252993,0.21829895,1.00000000
3431.70700000,0.19256208,0.21847490,1.00000000
3432.18900000,0.19239343,0.21865022,1.00000000
3432.67100000,0.19241096,0.21882527,1.00000000
3433.15300000,0.19223236,0.21900006,1.00000000
3433.63500000,0.19225639,0.21917458,1.00000000
3434.11700000,0.19216647,0.21934883,1.00000000
3434.59900000,0.19225682,0.21952281,1.00000000
3435.08100000,0.19237361,0.21969652,1.00000000
3435.56300000,0.19223887,0.21986995,1.00000000
3436.04600000,0.19204903,0.22004346,1.00000000
3436.52800000,0.19229817,0.22021633,1.00000000
3437.01000000,0.19219903,0.22038892,1.00000000
3437.49200000,0.19237691,0.22056123,1.00000000
3437.97400000,0.19227657,0.22073324,1.00000000
3438.45600000,0.19211860,0.22090497,1.00000000
3438.93800000,0.19217669,0.22107641,1.00000000
3439.42000000,0.19226789,0.22124756,1.00000000
3439.90300000,0.19232728,0.22141877,1.00000000
3440.38500000,0.19228478,0.22158932,1.00000000
3440.86700000,0.19226725,0.22175958,1.00000000
3441.34900000,0.19234126,0.22192954,1.00000000
3441.83100000,0.19227327,0.22209919,1.00000000
3442.31300000,0.19219111,0.22226854,1.00000000
3442.79500000,0.19216631,0.22243758,1.00000000
3443.27700000,0.19240254,0.22260632,1.00000000
3443.76000000,0.19217742,0.22277509,1.00000000
3444.24100000,0.19224205,0.22294286,1.00000000
3444.72400000,0.19220592,0.22311100,1.00000000
3445.20600000,0.19219048,0.22327848,1.00000000
3445.68800000,0.19199215,0.22344564,1.00000000
3446.17000000,0.19202616,0.22361248,1.00000000
3446.65200000,0.19194237,0.22377900,1.00000000
3447.13400000,0.19189833,0.22394520,1.00000000
3447.61600000,0.19189212,0.22411107,1.00000000
3448.09800000,0.19167331,0.22427661,1.00000000
3448.58100000,0.19162250,0.22444216,1.00000000
3449.06300000,0.19142049,0.22460704,1.00000000
3449.54500000,0.19150732,0.22477158,1.00000000
3450.02700000,0.19159956,0.22493578,1.00000000
3450.50900000,0.19165067,0.22509965,1.00000000
3450.99100000,0.19156363,0.22526318,1.00000000
3451.47300000,0.19133409,0.22542637,1.00000000
3451.95500000,0.19134162,0.22558921,1.00000000
3452.43800000,0.19115176,0.22575205,1.00000000
3452.92000000,0.19135034,0.22591420,1.00000000
3453.40200000,0.19132162,0.22607599,1.00000000
3453.88400000,0.19129177,0.22623744,1.00000000
3454.36600000,0.19114331,0.22639854,1.00000000
3454.84800000,0.19114602,0.22655928,1.00000000
3455.33000000,0.19107358,0.22671966,1.00000000
3455.81200000,0.19103781,0.22687968,1.00000000
3456.29400000,0.19096795,0.22703934,1.00000000
3456.77700000,0.19108469,0.22719897,1.00000000
3457.25900000,0.19101714,0.22735791,1.00000000
3457.74100000,0.19096765,0.22751647,1.00000000
3458.22300000,0.19101508,0.22767467,1.00000000
3458.70500000,0.19081793,0.22783250,1.00000000
3459.18700000,0.19114642,0.22798996,1.00000000
3459.66900000,0.19098301,0.22814704,1.00000000
3460.15100000,0.19113742,0.22830374,1.00000000
3460.63400000,0.19120842,0.22846040,1.00000000
3461.11600000,0.19078262,0.22861634,1.00000000
3461.59800000,0.19096145,0.22877191,1.00000000
3462.08000000,0.19089707,0.22892709,1.00000000
3462.56200000,0.19082360,0.22908189,1.00000000
3463.04400000,0.19118630,0.22923630,1.00000000
3463.52600000,0.19103045,0.22939032,1.00000000
3464.00800000,0.19095988,0.22954396,1.00000000
3464.49000000,0.19093336,0.22969720,1.00000000
3464.97300000,0.19083158,0.22985036,1.00000000
3465.45500000,0.19097027,0.23000281,1.00000000
3465.93700000,0.19101988,0.23015486,1.00000000
3466.41900000,0.19090860,0.23030651,1.00000000
3466.90100000,0.19073699,0.23045776,1.00000000
3467.38300000,0.19074643,0.23060861,1.00000000
3467.86500000,0.19072322,0.23075905,1.00000000
3468.34700000,0.19063885,0.23090908,1.00000000
3468.83000000,0.19059959,0.23105902,1.00000000
3469.31200000,0.19062382,0.23120824,1.00000000
3469.79400000,0.19051743,0.23135704,1.00000000
3470.27600000,0.19059999,0.23150543,1.00000000
3470.75800000,0.19048796,0.23165340,1.00000000
3471.24000000,0.19055821,0.23180096,1.00000000
3471.72200000,0.19058913,0.23194810,1.00000000
3472.20400000,0.19059014,0.23209482,1.00000000
3472.68700000,0.19046317,0.23224142,1.00000000
3473.16800000,0.19042415,0.23238699,1.00000000
3473.65100000,0.19040552,0.23253273,1.00000000
3474.13300000,0.19053748,0.23267775,1.00000000
3474.61500000,0.19055352,0.23282234,1.00000000
3475.09700000,0.19045542,0.23296649,1.00000000
3475.57900000,0.19053106,0.23311022,1.00000000
3476.06100000,0.19053531,0.23325351,1.00000000
3476.54300000,0.19042282,0.23339636,1.00000000
3477.02500000,0.19033582,0.23353878,1.00000000
3477.50800000,0.19023391,0.23368105,1.00000000
3477.99000000,0.19029336,0.23382259,1.00000000
3478.47200000,0.19025347,0.23396368,1.00000000
3478.95400000,0.19041817,0.23410433,1.00000000
3479.43600000,0.19051542,0.23424453,1.00000000
3479.91800000,0.19029356,0.23438429,1.00000000
3480.40000000,0.19031449,0.23452359,1.00000000
3480.88200000,0.19013845,0.23466245,1.00000000
3481.36500000,0.19020369,0.23480114,1.00000000
3481.84700000,0.19015027,0.23493908,1.00000000
3482.32900000,0.19035255,0.23507658,1.00000000
3482.81100000,0.19014844,0.23521361,1.00000000
3483.29300000,0.19017526,0.23535019,1.00000000
3483.77500000,0.18998232,0.23548630,1.00000000
3484.25700000,0.19014783,0.23562195,1.00000000
3484.73900000,0.19022559,0.23575714,1.00000000
3485.22100000,0.19009742,0.23589187,1.00000000
3485.70400000,0.19019553,0.23602640,1.00000000
3486.18600000,0.19007554,0.23616019,1.00000000
3486.66800000,0.19022266,0.23629350,1.00000000
3487.15000000,0.18988766,0.23642635,1.00000000
3487.63200000,0.18999312,0.23655872,1.00000000
3488.11400000,0.18990509,0.23669062,1.00000000
3488.59600000,0.18974794,0.23682204,1.00000000
3489.07800000,0.18987679,0.23695299,1.00000000
3489.56100000,0.18980176,0.23708372,1.00000000
3490.04300000,0.18988964,0.23721370,1.00000000
3490.52500000,0.18980605,0.23734320,1.00000000
3491.00700000,0.18989124,0.23747222,1.00000000
3491.48900000,0.18986610,0.23760075,1.00000000
3491.97100000,0.18966367,0.23772879,1.00000000
3492.45300000,0.18990318,0.23785635,1.00000000
3492.93500000,0.18987061,0.23798342,1.00000000
3493.41700000,0.18991854,0.23810999,1.00000000
3493.90000000,0.19001053,0.23823633,1.00000000
3494.38200000,0.18992921,0.23836192,1.00000000
3494.86400000,0.18989779,0.23848701,1.00000000
3495.34600000,0.18984310,0.23861160,1.00000000
3495.82800000,0.19007137,0.23873570,1.00000000
3496.31000000,0.19004587,0.23885929,1.00000000
3496.79200000,0.18977708,0.23898239,1.00000000
3497.27400000,0.18988080,0.23910498,1.00000000
3497.75700000,0.18985436,0.23922731,1.00000000
3498.23900000,0.18976941,0.23934889,1.00000000
3498.72100000,0.18999086,0.23946996,1.00000000
3499.20300000,0.19000520,0.23959053,1.00000000
3499.68500000,0.19010611,0.23971058,1.00000000
3500.16700000,0.19012395,0.23983012,1.00000000
3500.64900000,0.18980947,0.23994915,1.00000000
3501.13100000,0.19030443,0.24006766,1.00000000
3501.61400000,0.19011469,0.24018591,1.00000000
3502.09500000,0.19036350,0.24030314,1.00000000
3502.57800000,0.19032999,0.24042035,1.00000000
3503.06000000,0.19028456,0.24053679,1.00000000
3503.54200000,0.19028736,0.24065271,1.00000000
3504.02400000,0.19021872,0.24076811,1.00000000
3504.50600000,0.19008723,0.24088299,1.00000000
3504.98800000,0.19024207,0.24099734,1.00000000
3505.47000000,0.19006666,0.24111116,1.00000000
3505.95200000,0.19014975,0.24122445,1.00000000
3506.43500000,0.19009062,0.24133745,1.00000000
3506.91700000,0.18997931,0.24144969,1.00000000
3507.39900000,0.19010391,0.24156139,1.00000000
3507.88100000,0.19004442,0.24167256,1.00000000
3508.36300000,0.19001143,0.24178320,1.00000000
3508.84500000,0.19006351,0.24189330,1.00000000
3509.32700000,0.19004607,0.24200286,1.00000000
3509.80900000,0.18975628,0.24211189,1.00000000
3510.29200000,0.18993312,0.24222060,1.00000000
3510.77400000,0.18992626,0.24232854,1.00000000
3511.25600000,0.18985384,0.24243594,1.00000000
3511.73800000,0.18992168,0.24254280,1.00000000
3512.22000000,0.18993669,0.24264912,1.00000000
3512.70200000,0.18983553,0.24275489,1.00000000
3513.18400000,0.18978998,0.24286011,1.00000000
3513.66600000,0.19002453,0.24296478,1.00000000
3514.14800000,0.18981645,0.24306891,1.00000000
3514.63100000,0.19001904,0.24317270,1.00000000
3515.11300000,0.18997086,0.24327572,1.00000000
3515.59500000,0.18996119,0.24337819,1.00000000
3516.07700000,0.19028379,0.24348010,1.00000000
3516.55900000,0.19006384,0.24358146,1.00000000
3517.04100000,0.19036177,0.24368227,1.00000000
3517.52300000,0.19045646,0.24378251,1.00000000
3518.00500000,0.19035073,0.24388220,1.00000000
3518.48800000,0.19042034,0.24398153,1.00000000
3518.97000000,0.19037432,0.24408010,1.00000000
3519.45200000,0.19059581,0.24417810,1.00000000
3519.93400000,0.19045364,0.24427554,1.00000000
3520.41600000,0.19061269,0.24437241,1.00000000
3520.89800000,0.19037175,0.24446872,1.00000000
3521.38000000,0.19063570,0.24456446,1.00000000
3521.86200000,0.19077148,0.24465964,1.00000000
3522.34400000,0.19064724,0.24475425,1.00000000
3522.82700000,0.19073311,0.24484848,1.00000000
3523.30900000,0.19065690,0.24494194,1.00000000
3523.79100000,0.19037724,0.24503483,1.00000000
3524.27300000,0.19069034,0.24512715,1.00000000
3524.75500000,0.19070021,0.24521890,1.00000000
3525.23700000,0.19080942,0.24531007,1.00000000
3525.71900000,0.19059289,0.24540066,1.00000000
3526.20100000,0.19065336,0.24549068,1.00000000
3526.68400000,0.19068102,0.24558030,1.00000000
3527.16600000,0.19064039,0.24566915,1.00000000
3527.64800000,0.19052059,0.24575743,1.00000000
3528.13000000,0.19057521,0.24584513,1.00000000
3528.61200000,0.19042453,0.24593224,1.00000000
3529.09400000,0.19048922,0.24601877,1.00000000
3529.57600000,0.19051134,0.24610471,1.00000000
3530.05800000,0.19052970,0.24619007,1.00000000
3530.54100000,0.19054059,0.24627502,1.00000000
3531.02200000,0.19049073,0.24635903,1.00000000
3531.50500000,0.19049576,0.24644280,1.00000000
3531.98700000,0.19051624,0.24652581,1.00000000
3532.46900000,0.19049214,0.24660822,1.00000000
3532.95100000,0.19067797,0.24669005,1.00000000
3533.43300000,0.19055679,0.24677128,1.00000000
3533.91500000,0.19065529,0.24685192,1.00000000
3534.39700000,0.19079599,0.24693197,1.00000000
3534.87900000,0.19081445,0.24701142,1.00000000
3535.36200000,0.19084405,0.24709044,1.00000000
3535.84400000,0.19067079,0.24716869,1.00000000
3536.32600000,0.19117100,0.24724635,1.00000000
3536.80800000,0.19116427,0.24732341,1.00000000
3537.29000000,0.19093860,0.24739988,1.00000000
3537.77200000,0.19099255,0.24747574,1.00000000
3538.25400000,0.19096771,0.24755100,1.00000000
3538.73600000,0.19108390,0.24762566,1.00000000
3539.21900000,0.19109821,0.24769987,1.00000000
3539.70100000,0.19093833,0.24777332,1.00000000
3540.18300000,0.19107159,0.24784617,1.00000000
3540.66500000,0.19098841,0.24791841,1.00000000
3541.14700000,0.19100577,0.24799004,1.00000000
3541.62900000,0.19098918,0.24806107,1.00000000
3542.11100000,0.19095278,0.24813149,1.00000000
3542.59300000,0.19099772,0.24820130,1.00000000
3543.07500000,0.19109322,0.24827051,1.00000000
3543.55800000,0.19127214,0.24833924,1.00000000
3544.04000000,0.19104586,0.24840722,1.00000000
3544.52200000,0.19116891,0.24847459,1.00000000
3545.00400000,0.19120433,0.24854135,1.00000000
3545.48600000,0.19127166,0.24860749,1.00000000
3545.96800000,0.19105414,0.24867302,1.00000000
3546.45000000,0.19129825,0.24873794,1.00000000
3546.93200000,0.19110665,0.24880224,1.00000000
3547.41500000,0.19127658,0.24886605,1.00000000
3547.89700000,0.19157521,0.24892912,1.00000000
3548.37900000,0.19150191,0.24899157,1.00000000
3548.86100000,0.19151453,0.24905340,1.00000000
3549.34300000,0.19148024,0.24911461,1.00000000
3549.82500000,0.19183429,0.24917520,1.00000000
3550.30700000,0.19172614,0.24923517,1.00000000
3550.78900000,0.19182185,0.24929452,1.00000000
3551.27100000,0.19168069,0.24935325,1.00000000
3551.75400000,0.19168015,0.24941148,1.00000000
3552.23600000,0.19174862,0.24946896,1.00000000
3552.71800000,0.19165687,0.24952582,1.00000000
3553.20000000,0.19178539,0.24958205,1.00000000
3553.68200000,0.19172970,0.24963766,1.00000000
3554.16400000,0.19180619,0.24969265,1.00000000
3554.64600000,0.19173792,0.24974701,1.00000000
3555.12800000,0.19186049,0.24980074,1.00000000
3555.61100000,0.19184895,0.24985395,1.00000000
3556.09300000,0.19186194,0.24990643,1.00000000
3556.57500000,0.19171899,0.24995828,1.00000000
3557.05700000,0.19188181,0.25000950,1.00000000
3557.53900000,0.19214190,0.25006009,1.00000000
3558.02100000,0.19189648,0.25011004,1.00000000
3558.50300000,0.19210051,0.25015937,1.00000000
3558.98500000,0.19195853,0.25020807,1.00000000
3559.46800000,0.19227585,0.25025623,1.00000000
3559.94900000,0.19212311,0.25030357,1.00000000
3560.43200000,0.19223488,0.25035047,1.00000000
3560.91400000,0.19247029,0.25039663,1.00000000
3561.39600000,0.19217070,0.25044216,1.00000000
3561.87800000,0.19251051,0.25048706,1.00000000
3562.36000000,0.19233104,0.25053132,1.00000000
3562.84200000,0.19245343,0.25057495,1.00000000
3563.32400000,0.19274308,0.25061794,1.00000000
3563.80600000,0.19263535,0.25066030,1.00000000
3564.28900000,0.19264192,0.25070211,1.00000000
3564.77100000,0.19302783,0.25074319,1.00000000
3565.25300000,0.19300698,0.25078363,1.00000000
3565.73500000,0.19307602,0.25082344,1.00000000
3566.21700000,0.19336132,0.25086260,1.00000000
3566.69900000,0.19314780,0.25090113,1.00000000
3567.18100000,0.19302832,0.25093902,1.00000000
3567.66300000,0.19322258,0.25097627,1.00000000
3568.14600000,0.19295956,0.25101296,1.00000000
3568.62800000,0.19317213,0.25104892,1.00000000
3569.11000000,0.19288694,0.25108425,1.00000000
3569.59200000,0.19306375,0.25111894,1.00000000
3570.07400000,0.19298372,0.25115298,1.00000000
3570.55600000,0.19295423,0.25118638,1.00000000
3571.03800000,0.19294205,0.25121914,1.00000000
3571.52000000,0.19305597,0.25125126,1.00000000
3572.00200000,0.19284245,0.25128274,1.00000000
3572.48500000,0.19309966,0.25131363,1.00000000
3572.96700000,0.19319912,0.25134382,1.00000000
3573.44900000,0.19300669,0.25137336,1.00000000
3573.93100000,0.19316113,0.25140226,1.00000000
3574.41300000,0.19324123,0.25143051,1.00000000
3574.89500000,0.19311238,0.25145812,1.00000000
3575.37700000,0.19315219,0.25148509,1.00000000
3575.85900000,0.19293682,0.25151141,1.00000000
3576.34200000,0.19305837,0.25153713,1.00000000
3576.82400000,0.19323044,0.25156216,1.00000000
3577.30600000,0.19313241,0.25158654,1.00000000
3577.78800000,0.19310883,0.25161028,1.00000000
3578.27000000,0.19323983,0.25163336,1.00000000
3578.75200000,0.19304880,0.25165580,1.00000000
3579.23400000,0.19300706,0.25167760,1.00000000
3579.71600000,0.19316047,0.25169874,1.00000000
3580.19800000,0.19332232,0.25171924,1.00000000
3580.68100000,0.19333110,0.25173913,1.00000000
3581.16300000,0.19351245,0.25175834,1.00000000
3581.64500000,0.19318740,0.25177689,1.00000000
3582.12700000,0.19350964,0.25179480,1.00000000
3582.60900000,0.19349070,0.25181206,1.00000000
3583.09100000,0.19348452,0.25182866,1.00000000
3583.57300000,0.19384669,0.25184463,1.00000000
3584.05500000,0.19363890,0.25185994,1.00000000
3584.53800000,0.19366127,0.25187463,1.00000000
3585.02000000,0.19370971,0.25188864,1.00000000
3585.50200000,0.19370845,0.25190201,1.00000000
3585.98400000,0.19378944,0.25191472,1.00000000
3586.46600000,0.19367801,0.25192679,1.00000000
3586.94800000,0.19383444,0.25193820,1.00000000
3587.43000000,0.19371078,0.25194897,1.00000000
3587.91200000,0.19377980,0.25195908,1.00000000
3588.39500000,0.19358470,0.25196857,1.00000000
3588.87600000,0.19372604,0.25197737,1.00000000
3589.35900000,0.19376709,0.25198555,1.00000000
3589.84100000,0.19394278,0.25199307,1.00000000
3590.32300000,0.19409481,0.25199994,1.00000000
3590.80500000,0.19405238,0.25200615,1.00000000
3591.28700000,0.19438686,0.25201172,1.00000000
3591.76900000,0.19427940,0.25201663,1.00000000
3592.25100000,0.19454570,0.25202090,1.00000000
3592.73300000,0.19435609,0.25202452,1.00000000
3593.21600000,0.19433839,0.25202749,1.00000000
3593.69800000,0.19466813,0.25202980,1.00000000
3594.18000000,0.19449868,0.25203147,1.00000000
3594.66200000,0.19447294,0.25203249,1.00000000
3595.14400000,0.19440704,0.25203285,1.00000000
3595.62600000,0.19448812,0.25203257,1.00000000
3596.10800000,0.19444675,0.25203163,1.00000000
3596.59000000,0.19440054,0.25203005,1.00000000
3597.07300000,0.19456667,0.25202781,1.00000000
3597.55500000,0.19442854,0.25202493,1.00000000
3598.03700000,0.19460624,0.25202139,1.00000000
3598.51900000,0.19445900,0.25201721,1.00000000
3599.00100000,0.19453459,0.25201238,1.00000000
3599.48300000,0.19445007,0.25200690,1.00000000
3599.96500000,0.19436425,0.25200077,1.00000000
3600.44700000,0.19459349,0.25199399,1.00000000
3600.92900000,0.19475955,0.25198656,1.00000000
3601.41200000,0.19451123,0.25197847,1.00000000
3601.89400000,0.19468315,0.25196974,1.00000000
3602.37600000,0.19457371,0.25196037,1.00000000
3602.85800000,0.19465034,0.25195034,1.00000000
3603.34000000,0.19475805,0.25193967,1.00000000
3603.82200000,0.19472745,0.25192835,1.00000000
3604.30400000,0.19492497,0.25191639,1.00000000
3604.78600000,0.19469047,0.25190377,1.00000000
3605.26900000,0.19484878,0.25189049,1.00000000
3605.75100000,0.19493124,0.25187658,1.00000000
3606.23300000,0.19474938,0.25186202,1.00000000
3606.71500000,0.19499634,0.25184682,1.00000000
3607.19700000,0.19483224,0.25183097,1.00000000
3607.67900000,0.19512471,0.25181447,1.00000000
3608.16100000,0.19492798,0.25179733,1.00000000
3608.64300000,0.19524161,0.25177955,1.00000000
3609.12500000,0.19534824,0.25176111,1.00000000
3609.60800000,0.19537642,0.25174200,1.00000000
3610.09000000,0.19539746,0.25172227,1.00000000
3610.57200000,0.19571952,0.25170191,1.00000000
3611.05400000,0.19585640,0.25168089,1.00000000
3611.53600000,0.19572067,0.25165924,1.00000000
3612.01800000,0.19600862,0.25163694,1.00000000
3612.50000000,0.19585523,0.25161400,1.00000000
3612.98200000,0.19614970,0.25159041,1.00000000
3613.46500000,0.19603123,0.25156613,1.00000000
3613.94700000,0.19591093,0.25154126,1.00000000
3614.42900000,0.19582548,0.25151575,1.00000000
3614.91100000,0.19576626,0.25148959,1.00000000
3615.39300000,0.19588293,0.25146280,1.00000000
3615.87500000,0.19592606,0.25143536,1.00000000
3616.35700000,0.19562499,0.25140728,1.00000000
3616.83900000,0.19558352,0.25137856,1.00000000
3617.32200000,0.19540334,0.25134914,1.00000000
3617.80300000,0.19534622,0.25131921,1.00000000
3618.28600000,0.19527107,0.25128851,1.00000000
3618.76800000,0.19524995,0.25125723,1.00000000
3619.25000000,0.19513240,0.25122532,1.00000000
3619.73200000,0.19519946,0.25119277,1.00000000
3620.21400000,0.19510931,0.25115958,1.00000000
3620.69600000,0.19491613,0.25112576,1.00000000
3621.17800000,0.19494332,0.25109130,1.00000000
3621.66000000,0.19496715,0.25105620,1.00000000
3622.14300000,0.19511327,0.25102039,1.00000000
3622.62500000,0.19493536,0.25098402,1.00000000
3623.10700000,0.19510562,0.25094702,1.00000000
3623.58900000,0.19497955,0.25090939,1.00000000
3624.07100000,0.19506882,0.25087112,1.00000000
3624.55300000,0.19509625,0.25083221,1.00000000
3625.03500000,0.19510850,0.25079268,1.00000000
3625.51700000,0.19516048,0.25075251,1.00000000
3626.00000000,0.19502445,0.25071163,1.00000000
3626.48200000,0.19488085,0.25067020,1.00000000
3626.96400000,0.19503250,0.25062814,1.00000000
3627.44600000,0.19484779,0.25058545,1.00000000
3627.92800000,0.19477802,0.25054213,1.00000000
3628.41000000,0.19467081,0.25049818,1.00000000
3628.89200000,0.19468322,0.25045361,1.00000000
3629.37400000,0.19453045,0.25040841,1.00000000
3629.85600000,0.19461412,0.25036258,1.00000000
3630.33900000,0.19466097,0.25031602,1.00000000
3630.82100000,0.19475245,0.25026894,1.00000000
3631.30300000,0.19469926,0.25022123,1.00000000
3631.78500000,0.19496836,0.25017290,1.00000000
3632.26700000,0.19503438,0.25012395,1.00000000
3632.74900000,0.19518675,0.25007437,1.00000000
3633.23100000,0.19499776,0.25002417,1.00000000
3633.71300000,0.19525005,0.24997335,1.00000000
3634.19600000,0.19513913,0.24992180,1.00000000
3634.67800000,0.19511068,0.24986973,1.00000000
3635.16000000,0.19538481,0.24981705,1.00000000
3635.64200000,0.19541237,0.24976374,1.00000000
3636.12400000,0.19545426,0.24970982,1.00000000
3636.60600000,0.19544133,0.24965528,1.00000000
3637.08800000,0.19555062,0.24960012,1.00000000
3637.57000000,0.19541390,0.24954435,1.00000000
3638.05200000,0.19539046,0.24948796,1.00000000
3638.53500000,0.19563814,0.24943084,1.00000000
3639.01700000,0.19562563,0.24937322,1.00000000
3639.49900000,0.19576300,0.24931499,1.00000000
3639.98100000,0.19581766,0.24925615,1.00000000
3640.46300000,0.19610374,0.24919669,1.00000000
3640.94500000,0.19589469,0.24913662,1.00000000
3641.42700000,0.19617173,0.24907594,1.00000000
3641.90900000,0.19608142,0.24901466,1.00000000
3642.39200000,0.19620319,0.24895263,1.00000000
3642.87400000,0.19622393,0.24889013,1.00000000
3643.35600000,0.19642417,0.24882701,1.00000000
3643.83800000,0.19647741,0.24876329,1.00000000
3644.32000000,0.19667051,0.24869897,1.00000000
3644.80200000,0.19675418,0.24863404,1.00000000
3645.28400000,0.19682372,0.24856851,1.00000000
3645.76600000,0.19704712,0.24850237,1.00000000
3646.24900000,0.19717937,0.24843549,1.00000000
3646.73000000,0.19738164,0.24836829,1.00000000
3647.21300000,0.19742005,0.24830021,1.00000000
3647.69500000,0.19740998,0.24823167,1.00000000
3648.17700000,0.19711875,0.24816253,1.00000000
3648.65900000,0.19665760,0.24809279,1.00000000
3649.14100000,0.19659916,0.24802246,1.00000000
3649.62300000,0.19604962,0.24795153,1.00000000
3650.10500000,0.19579818,0.24788000,1.00000000
3650.58700000,0.19563571,0.24780788,1.00000000
3651.07000000,0.19542436,0.24773502,1.00000000
3651.55200000,0.19546000,0.24766171,1.00000000
3652.03400000,0.19555290,0.24758781,1.00000000
3652.51600000,0.19572510,0.24751332,1.00000000
3652.99800000,0.19584931,0.24743824,1.00000000
3653.48000000,0.19558981,0.24736257,1.00000000
3653.96200000,0.19582425,0.24728632,1.00000000
3654.44400000,0.19567828,0.24720947,1.00000000
3654.92700000,0.19581463,0.24713188,1.00000000
3655.40900000,0.19579361,0.24705387,1.00000000
3655.89100000,0.19559147,0.24697527,1.00000000
3656.37300000,0.19553627,0.24689609,1.00000000
3656.85500000,0.19556266,0.24681633,1.00000000
3657.33700000,0.19567227,0.24673598,1.00000000
3657.81900000,0.19538624,0.24665506,1.00000000
3658.30100000,0.19549620,0.24657355,1.00000000
3658.78300000,0.19544697,0.24649147,1.00000000
3659.26600000,0.19539422,0.24640864,1.00000000
3659.74800000,0.19539665,0.24632541,1.00000000
3660.23000000,0.19531153,0.24624160,1.00000000
3660.71200000,0.19524484,0.24615722,1.00000000
3661.19400000,0.19529171,0.24607226,1.00000000
3661.67600000,0.19551809,0.24598673,1.00000000
3662.15800000,0.19529189,0.24590063,1.00000000
3662.64000000,0.19508946,0.24581397,1.00000000
3663.12300000,0.19527052,0.24572655,1.00000000
3663.60500000,0.19528053,0.24563875,1.00000000
3664.08700000,0.19517515,0.24555038,1.00000000
3664.56900000,0.19510778,0.24546144,1.00000000
3665.05100000,0.19513576,0.24537194,1.00000000
3665.53300000,0.19516282,0.24528188,1.00000000
3666.01500000,0.19499151,0.24519126,1.00000000
3666.49700000,0.19514412,0.24510007,1.00000000
3666.97900000,0.19501799,0.24500833,1.00000000
3667.46200000,0.19528272,0.24491584,1.00000000
3667.94400000,0.19521059,0.24482298,1.00000000
3668.42600000,0.19520870,0.24472956,1.00000000
3668.90800000,0.19516422,0.24463559,1.00000000
3669.39000000,0.19541601,0.24454106,1.00000000
3669.87200000,0.19532733,0.24444599,1.00000000
3670.35400000,0.19542891,0.24435036,1.00000000
3670.83600000,0.19541271,0.24425418,1.00000000
3671.31900000,0.19552760,0.24415725,1.00000000
3671.80100000,0.19569277,0.24405998,1.00000000
3672.28300000,0.19568941,0.24396216,1.00000000
3672.76500000,0.19584275,0.24386379,1.00000000
3673.24700000,0.19594128,0.24376488,1.00000000
3673.72900000,0.19596431,0.24366542,1.00000000
3674.21100000,0.19596013,0.24356543,1.00000000
3674.69300000,0.19607473,0.24346489,1.00000000
3675.17600000,0.19571859,0.24336361,1.00000000
3675.65700000,0.19550554,0.24326221,1.00000000
3676.14000000,0.19535810,0.24315984,1.00000000
3676.62200000,0.19509320,0.24305716,1.00000000
3677.10400000,0.19509424,0.24295394,1.00000000
3677.58600000,0.19491921,0.24285019,1.00000000
3678.06800000,0.19492271,0.24274590,1.00000000
3678.55000000,0.19487306,0.24264109,1.00000000
3679.03200000,0.19468227,0.24253575,1.00000000
3679.51400000,0.19488026,0.24242988,1.00000000
3679.99700000,0.19465710,0.24232326,1.00000000
3680.47900000,0.19459082,0.24221634,1.00000000
3680.96100000,0.19451787,0.24210889,1.00000000
3681.44300000,0.19473251,0.24200093,1.00000000
3681.92500000,0.19440193,0.24189244,1.00000000
3682.40700000,0.19439749,0.24178343,1.00000000
3682.88900000,0.19416612,0.24167390,1.00000000
3683.37100000,0.19441842,0.24156386,1.00000000
3683.85400000,0.19408303,0.24145307,1.00000000
3684.33600000,0.19427223,0.24134200,1.00000000
3684.81800000,0.19400867,0.24123041,1.00000000
3685.30000000,0.19414343,0.24111832,1.00000000
3685.78200000,0.19423700,0.24100571,1.00000000
3686.26400000,0.19400355,0.24089259,1.00000000
3686.74600000,0.19424424,0.24077897,1.00000000
3687.22800000,0.19424293,0.24066484,1.00000000
3687.71000000,0.19442517,0.24055021,1.00000000
3688.19300000,0.19436650,0.24043483,1.00000000
3688.67500000,0.19428784,0.24031919,1.00000000
3689.15700000,0.19427718,0.24020306,1.00000000
3689.63900000,0.19430759,0.24008642,1.00000000
3690.12100000,0.19418245,0.23996928,1.00000000
3690.60300000,0.19431960,0.23985165,1.00000000
3691.08500000,0.19398352,0.23973353,1.00000000
3691.56700000,0.19408583,0.23961491,1.00000000
3692.05000000,0.19395879,0.23949556,1.00000000
3692.53200000,0.19383438,0.23937596,1.00000000
3693.01400000,0.19390475,0.23925587,1.00000000
3693.49600000,0.19387154,0.23913530,1.00000000
3693.97800000,0.19377631,0.23901424,1.00000000
3694.46000000,0.19385255,0.23889269,1.00000000
3694.94200000,0.19366150,0.23877067,1.00000000
3695.42400000,0.19375877,0.23864816,1.00000000
3695.90600000,0.19374431,0.23852517,1.00000000
3696.38900000,0.19354694,0.23840145,1.00000000
3696.87100000,0.19362598,0.23827751,1.00000000
3697.35300000,0.19338892,0.23815309,1.00000000
3697.83500000,0.19353134,0.23802820,1.00000000
3698.31700000,0.19344722,0.23790284,1.00000000
3698.79900000,0.19337760,0.23777701,1.00000000
3699.28100000,0.19350507,0.23765071,1.00000000
3699.76300000,0.19341866,0.23752394,1.00000000
3700.24600000,0.19324947,0.23739644,1.00000000
3700.72800000,0.19326511,0.23726874,1.00000000
3701.21000000,0.19319044,0.23714058,1.00000000
3701.69200000,0.19311436,0.23701196,1.00000000
3702.17400000,0.19292083,0.23688288,1.00000000
3702.65600000,0.19288265,0.23675334,1.00000000
3703.13800000,0.19304085,0.23662335,1.00000000
3703.62000000,0.19292625,0.23649290,1.00000000
3704.10300000,0.19287469,0.23636172,1.00000000
3704.58400000,0.19297424,0.23623064,1.00000000
3705.06700000,0.19284148,0.23609857,1.00000000
3705.54900000,0.19302181,0.23596631,1.00000000
3706.03100000,0.19308886,0.23583361,1.00000000
3706.51300000,0.19299176,0.23570047,1.00000000
3706.99500000,0.19321962,0.23556689,1.00000000
3707.47700000,0.19332808,0.23543286,1.00000000
3707.95900000,0.19321329,0.23529839,1.00000000
3708.44100000,0.19344100,0.23516348,1.00000000
3708.92400000,0.19345917,0.23502786,1.00000000
3709.40600000,0.19345185,0.23489208,1.00000000
3709.88800000,0.19364934,0.23475587,1.00000000
3710.37000000,0.19355273,0.23461923,1.00000000
3710.85200000,0.19314467,0.23448215,1.00000000
3711.33400000,0.19330903,0.23434465,1.00000000
3711.81600000,0.19291926,0.23420673,1.00000000
3712.29800000,0.19295030,0.23406837,1.00000000
3712.78100000,0.19270033,0.23392931,1.00000000
3713.26300000,0.19276695,0.23379011,1.00000000
3713.74500000,0.19289819,0.23365049,1.00000000
3714.22700000,0.19275157,0.23351046,1.00000000
3714.70900000,0.19280678,0.23337001,1.00000000
3715.19100000,0.19281870,0.23322914,1.00000000
3715.67300000,0.19290614,0.23308786,1.00000000
3716.15500000,0.19275095,0.23294617,1.00000000
3716.63700000,0.19263809,0.23280407,1.00000000
3717.12000000,0.19259606,0.23266127,1.00000000
3717.60200000,0.19257584,0.23251836,1.00000000
3718.08400000,0.19265677,0.23237504,1.00000000
3718.56600000,0.19248421,0.23223132,1.00000000
3719.04800000,0.19253526,0.23208720,1.00000000
3719.53000000,0.19246231,0.23194268,1.00000000
3720.01200000,0.19257881,0.23179776,1.00000000
3720.49400000,0.19246295,0.23165245,1.00000000
3720.97700000,0.19257882,0.23150644,1.00000000
3721.45900000,0.19227091,0.23136034,1.00000000
3721.94100000,0.19256170,0.23121385,1.00000000
3722.42300000,0.19260664,0.23106698,1.00000000
3722.90500000,0.19263892,0.23091971,1.00000000
3723.38700000,0.19239542,0.23077207,1.00000000
3723.86900000,0.19248231,0.23062404,1.00000000
3724.35100000,0.19230282,0.23047563,1.00000000
3724.83300000,0.19205170,0.23032684,1.00000000
3725.31600000,0.19220668,0.23017736,1.00000000
3725.79800000,0.19199100,0.23002782,1.00000000
3726.28000000,0.19180881,0.22987790,1.00000000
3726.76200000,0.19178209,0.22972761,1.00000000
3727.24400000,0.19185753,0.22957695,1.00000000
3727.72600000,0.19181547,0.22942593,1.00000000
3728.20800000,0.19197480,0.22927453,1.00000000
3728.69000000,0.19199369,0.22912278,1.00000000
3729.17300000,0.19217259,0.22897034,1.00000000
3729.65500000,0.19215294,0.22881786,1.00000000
3730.13700000,0.19220898,0.22866502,1.00000000
3730.61900000,0.19247732,0.22851182,1.00000000
3731.10100000,0.19253647,0.22835827,1.00000000
3731.58300000,0.19280795,0.22820436,1.00000000
3732.06500000,0.19292310,0.22805010,1.00000000
3732.54700000,0.19307942,0.22789550,1.00000000
3733.03000000,0.19351761,0.22774022,1.00000000
3733.51100000,0.19361805,0.22758524,1.00000000
3733.99400000,0.19385882,0.22742928,1.00000000
3734.47600000,0.19355409,0.22727329,1.00000000
3734.95800000,0.19373395,0.22711696,1.00000000
3735.44000000,0.19342426,0.22696030,1.00000000
3735.92200000,0.19360588,0.22680330,1.00000000
3736.40400000,0.19349488,0.22664597,1.00000000
3736.88600000,0.19339243,0.22648830,1.00000000
3737.36800000,0.19329032,0.22633030,1.00000000
3737.85100000,0.19328743,0.22617165,1.00000000
3738.33300000,0.19323774,0.22601299,1.00000000
3738.81500000,0.19335938,0.22585402,1.00000000
3739.29700000,0.19314536,0.22569472,1.00000000
3739.77900000,0.19280318,0.22553509,1.00000000
3740.26100000,0.19287983,0.22537515,1.00000000
3740.74300000,0.19286538,0.22521490,1.00000000
3741.22500000,0.19228713,0.22505433,1.00000000
3741.70800000,0.19218789,0.22489311,1.00000000
3742.19000000,0.19209317,0.22473191,1.00000000
3742.67200000,0.19207816,0.22457041,1.00000000
3743.15400000,0.19182625,0.22440859,1.00000000
3743.63600000,0.19179860,0.22424648,1.00000000
3744.11800000,0.19202563,0.22408406,1.00000000
3744.60000000,0.19211569,0.22392134,1.00000000
3745.08200000,0.19226463,0.22375832,1.00000000
3745.56400000,0.19245483,0.22359500,1.00000000
3746.04700000,0.19260266,0.22343105,1.00000000
3746.52900000,0.19281365,0.22326714,1.00000000
3747.01100000,0.19296611,0.22310294,1.00000000
3747.49300000,0.19306339,0.22293846,1.00000000
3747.97500000,0.19281535,0.22277368,1.00000000
3748.45700000,0.19273979,0.22260862,1.00000000
3748.93900000,0.19271915,0.22244328,1.00000000
3749.42100000,0.19263319,0.22227766,1.00000000
3749.90400000,0.19241502,0.22211141,1.00000000
3750.38600000,0.19202277,0.22194523,1.00000000
3750.86800000,0.19224188,0.22177878,1.00000000
3751.35000000,0.19212532,0.22161205,1.00000000
3751.83200000,0.19226421,0.22144505,1.00000000
3752.31400000,0.19211216,0.22127778,1.00000000
3752.79600000,0.19231416,0.22111025,1.00000000
3753.27800000,0.19247781,0.22094245,1.00000000
3753.76000000,0.19278740,0.22077438,1.00000000
3754.24300000,0.19285995,0.22060571,1.00000000
3754.72500000,0.19291623,0.22043713,1.00000000
3755.20700000,0.19305668,0.22026829,1.00000000
3755.68900000,0.19294516,0.22009920,1.00000000
3756.17100000,0.19319778,0.21992985,1.00000000
3756.65300000,0.19306027,0.21976025,1.00000000
3757.13500000,0.19289013,0.21959041,1.00000000
3757.61700000,0.19287492,0.21942031,1.00000000
3758.10000000,0.19274513,0.21924962,1.00000000
3758.58200000,0.19249866,0.21907904,1.00000000
3759.06400000,0.19247159,0.21890823,1.00000000
3759.54600000,0.19242231,0.21873717,1.00000000
3760.02800000,0.19237314,0.21856587,1.00000000
3760.51000000,0.19227841,0.21839435,1.00000000
3760.99200000,0.19235703,0.21822259,1.00000000
3761.47400000,0.19242388,0.21805060,1.00000000
3761.95700000,0.19232884,0.21787803,1.00000000
3762.43800000,0.19241163,0.21770594,1.00000000
3762.92100000,0.19241112,0.21753292,1.00000000
3763.40300000,0.19244966,0.21736003,1.00000000
3763.88500000,0.19239094,0.21718692,1.00000000
3764.36700000,0.19249861,0.21701360,1.00000000
3764.84900000,0.19269122,0.21684006,1.00000000
3765.33100000,0.19270773,0.21666631,1.00000000
3765.81300000,0.19276286,0.21649234,1.00000000
3766.29500000,0.19261397,0.21631817,1.00000000
3766.77800000,0.19257861,0.21614343,1.00000000
3767.26000000,0.19268630,0.21596885,1.00000000
3767.74200000,0.19264151,0.21579406,1.00000000
3768.22400000,0.19260034,0.21561908,1.00000000
3768.70600000,0.19245307,0.21544389,1.00000000
3769.18800000,0.19227141,0.21526851,1.00000000
3769.67000000,0.19219592,0.21509294,1.00000000
3770.15200000,0.19215207,0.21491717,1.00000000
3770.63500000,0.19189180,0.21474085,1.00000000
3771.11700000,0.19178129,0.21456471,1.00000000
3771.59900000,0.19190061,0.21438838,1.00000000
3772.08100000,0.19144624,0.21421187,1.00000000
3772.56300000,0.19175453,0.21403517,1.00000000
3773.04500000,0.19155718,0.21385830,1.00000000
3773.52700000,0.19183442,0.21368125,1.00000000
3774.00900000,0.19191383,0.21350403,1.00000000
3774.49100000,0.19181640,0.21332663,1.00000000
3774.97400000,0.19176673,0.21314870,1.00000000
3775.45600000,0.19179459,0.21297096,1.00000000
3775.93800000,0.19213207,0.21279306,1.00000000
3776.42000000,0.19198038,0.21261500,1.00000000
3776.90200000,0.19214616,0.21243677,1.00000000
3777.38400000,0.19232527,0.21225838,1.00000000
3777.86600000,0.19223843,0.21207984,1.00000000
3778.34800000,0.19249773,0.21190114,1.00000000
3778.83100000,0.19248520,0.21172192,1.00000000
3779.31300000,0.19243802,0.21154292,1.00000000
3779.79500000,0.19250313,0.21136376,1.00000000
3780.27700000,0.19239626,0.21118447,1.00000000
3780.75900000,0.19246864,0.21100502,1.00000000
3781.24100000,0.19211612,0.21082544,1.00000000
3781.72300000,0.19276117,0.21064571,1.00000000
3782.20500000,0.19242633,0.21046585,1.00000000
3782.68800000,0.19259818,0.21028548,1.00000000
3783.17000000,0.19251176,0.21010535,1.00000000
3783.65200000,0.19251893,0.20992508,1.00000000
3784.13400000,0.19235038,0.20974469,1.00000000
3784.61600000,0.19255044,0.20956417,1.00000000
3785.09800000,0.19248768,0.20938353,1.00000000
3785.58000000,0.19257246,0.20920276,1.00000000
3786.06200000,0.19254693,0.20902187,1.00000000
3786.54400000,0.19260184,0.20884087,1.00000000
3787.02700000,0.19244250,0.20865937,1.00000000
3787.50900000,0.19251729,0.20847814,1.00000000
3787.99100000,0.19247588,0.20829679,1.00000000
3788.47300000,0.19245253,0.20811533,1.00000000
3788.95500000,0.19251650,0.20793377,1.00000000
3789.43700000,0.19251501,0.20775210,1.00000000
3789.91900000,0.19257557,0.20757033,1.00000000
3790.40100000,0.19249757,0.20738846,1.00000000
3790.88400000,0.19250517,0.20720611,1.00000000
3791.36500000,0.19238905,0.20702442,1.00000000
3791.84800000,0.19260451,0.20684188,1.00000000
3792.33000000,0.19272334,0.20665963,1.00000000
3792.81200000,0.19280085,0.20647729,1.00000000
3793.29400000,0.19284986,0.20629486,1.00000000
3793.77600000,0.19293418,0.20611235,1.00000000
3794.25800000,0.19301333,0.20592975,1.00000000
3794.74000000,0.19300269,0.20574707,1.00000000
3795.22200000,0.19317388,0.20556431,1.00000000
3795.70500000,0.19317566,0.20538110,1.00000000
3796.18700000,0.19328673,0.20519819,1.00000000
3796.66900000,0.19324155,0.20501521,1.00000000
3797.15100000,0.19335327,0.20483216,1.00000000
3797.63300000,0.19329270,0.20464905,1.00000000
3798.11500000,0.19334539,0.20446587,1.00000000
3798.59700000,0.19321534,0.20428262,1.00000000
3799.07900000,0.19325215,0.20409932,1.00000000
3799.56200000,0.19310196,0.20391557,1.00000000
3800.04400000,0.19304254,0.20373215,1.00000000
3800.52600000,0.19293723,0.20354868,1.00000000
3801.00800000,0.19314277,0.20336515,1.00000000
3801.49000000,0.19304061,0.20318157,1.00000000
3801.97200000,0.19309501,0.20299795,1.00000000
3802.45400000,0.19300446,0.20281428,1.00000000
3802.93600000,0.19331399,0.20263057,1.00000000
3803.41800000,0.19334830,0.20244681,1.00000000
3803.90100000,0.19333244,0.20226264,1.00000000
3804.38300000,0.19345446,0.20207881,1.00000000
3804.86500000,0.19349542,0.20189495,1.00000000
3805.34700000,0.19346060,0.20171106,1.00000000
3805.82900000,0.19335727,0.20152713,1.00000000
3806.31100000,0.19343423,0.20134318,1.00000000
3806.79300000,0.19333461,0.20115920,1.00000000
3807.27500000,0.19330000,0.20097520,1.00000000
3807.75800000,0.19355542,0.20079080,1.00000000
3808.24000000,0.19342470,0.20060676,1.00000000
3808.72200000,0.19345208,0.20042270,1.00000000
3809.20400000,0.19330231,0.20023863,1.00000000
3809.68600000,0.19346813,0.20005455,1.00000000
3810.16800000,0.19351801,0.19987046,1.00000000
3810.65000000,0.19351552,0.19968636,1.00000000
3811.13200000,0.19352705,0.19950225,1.00000000
3811.61500000,0.19355199,0.19931777,1.00000000
3812.09700000,0.19359123,0.19913366,1.00000000
3812.57900000,0.19329921,0.19894955,1.00000000
3813.06100000,0.19365798,0.19876545,1.00000000
3813.54300000,0.19382933,0.19858135,1.00000000
3814.02500000,0.19388777,0.19839726,1.00000000
3814.50700000,0.19393520,0.19821318,1.00000000
3814.98900000,0.19394740,0.19802911,1.00000000
3815.47100000,0.19434616,0.19784506,1.00000000
3815.95400000,0.19436414,0.19766064,1.00000000
3816.43600000,0.19472042,0.19747663,1.00000000
3816.91800000,0.19480022,0.19729263,1.00000000
3817.40000000,0.19485806,0.19710866,1.00000000
3817.88200000,0.19472402,0.19692472,1.00000000
3818.36400000,0.19478185,0.19674080,1.00000000
3818.84600000,0.19479746,0.19655691,1.00000000
3819.32800000,0.19477621,0.19637306,1.00000000
3819.81100000,0.19468967,0.19618886,1.00000000
3820.29200000,0.19438730,0.19600545,1.00000000
3820.77500000,0.19443737,0.19582133,1.00000000
3821.25700000,0.19444312,0.19563763,1.00000000
3821.73900000,0.19420266,0.19545397,1.00000000
3822.22100000,0.19441155,0.19527036,1.00000000
3822.70300000,0.19434837,0.19508679,1.00000000
3823.18500000,0.19467196,0.19490328,1.00000000
3823.66700000,0.19494321,0.19471981,1.00000000
3824.14900000,0.19460825,0.19453641,1.00000000
3824.63200000,0.19480008,0.19435268,1.00000000
3825.11400000,0.19489966,0.19416938,1.00000000
3825.59600000,0.19493551,0.19398615,1.00000000
3826.07800000,0.19468764,0.19380299,1.00000000
3826.56000000,0.19502520,0.19361989,1.00000000
3827.04200000,0.19487789,0.19343685,1.00000000
3827.52400000,0.19491757,0.19325389,1.00000000
3828.00600000,0.19488517,0.19307100,1.00000000
3828.48900000,0.19497238,0.19288780,1.00000000
3828.97100000,0.19523419,0.19270506,1.00000000
3829.45300000,0.19521599,0.19252240,1.00000000
3829.93500000,0.19549539,0.19233983,1.00000000
3830.41700000,0.19541382,0.19215733,1.00000000
3830.89900000,0.19566121,0.19197492,1.00000000
3831.38100000,0.19562811,0.19179260,1.00000000
3831.86300000,0.19568856,0.19161036,1.00000000
3832.34500000,0.19576401,0.19142822,1.00000000
3832.82800000,0.19580621,0.19124580,1.00000000
3833.31000000,0.19599266,0.19106385,1.00000000
3833.79200000,0.19594331,0.19088200,1.00000000
3834.27400000,0.19596759,0.19070025,1.00000000
3834.75600000,0.19595340,0.19051860,1.00000000
3835.23800000,0.19607102,0.19033706,1.00000000
3835.72000000,0.19634063,0.19015563,1.00000000
3836.20200000,0.19603152,0.18997430,1.00000000
3836.68500000,0.19630580,0.18979272,1.00000000
3837.16700000,0.19628044,0.18961162,1.00000000
3837.64900000,0.19642219,0.18943063,1.00000000
3838.13100000,0.19619286,0.18924977,1.00000000
3838.61300000,0.19622904,0.18906903,1.00000000
3839.09500000,0.19625252,0.18888841,1.00000000
3839.57700000,0.19600594,0.18870791,1.00000000
3840.05900000,0.19587157,0.18852754,1.00000000
3840.54200000,0.19591708,0.18834693,1.00000000
3841.02400000,0.19577104,0.18816682,1.00000000
3841.50600000,0.19586736,0.18798685,1.00000000
3841.98800000,0.19577369,0.18780701,1.00000000
3842.47000000,0.19581776,0.18762731,1.00000000
3842.95200000,0.19582910,0.18744775,1.00000000
3843.43400000,0.19545190,0.18726834,1.00000000
3843.91600000,0.19577170,0.18708906,1.00000000
3844.39800000,0.19590554,0.18690994,1.00000000
3844.88100000,0.19566429,0.18673059,1.00000000
3845.36300000,0.19570753,0.18655176,1.00000000
3845.84500000,0.19604386,0.18637309,1.00000000
3846.32700000,0.19582010,0.18619457,1.00000000
3846.80900000,0.19584231,0.18601621,1.00000000
3847.29100000,0.19581853,0.18583800,1.00000000
3847.77300000,0.19578635,0.18565996,1.00000000
3848.25500000,0.19578585,0.18548209,1.00000000
3848.73800000,0.19570110,0.18530401,1.00000000
3849.21900000,0.19581448,0.18512684,1.00000000
3849.70200000,0.19530781,0.18494910,1.00000000
3850.18400000,0.19539350,0.18477190,1.00000000
3850.66600000,0.19533715,0.18459487,1.00000000
3851.14800000,0.19490920,0.18441802,1.00000000
3851.63000000,0.19493098,0.18424135,1.00000000
3852.11200000,0.19458732,0.18406486,1.00000000
3852.59400000,0.19444638,0.18388856,1.00000000
3853.07600000,0.19435290,0.18371244,1.00000000
3853.55900000,0.19457760,0.18353614,1.00000000
3854.04100000,0.19472067,0.18336040,1.00000000
3854.52300000,0.19481199,0.18318484,1.00000000
3855.00500000,0.19556153,0.18300948,1.00000000
3855.48700000,0.19557841,0.18283432,1.00000000
3855.96900000,0.19600075,0.18265935,1.00000000
3856.45100000,0.19619188,0.18248459,1.00000000
3856.93300000,0.19623568,0.18231003,1.00000000
3857.41600000,0.19627768,0.18213530,1.00000000
3857.89800000,0.19661984,0.18196115,1.00000000
3858.38000000,0.19667587,0.18178721,1.00000000
3858.86200000,0.19672250,0.18161347,1.00000000
3859.34400000,0.19670622,0.18143995,1.00000000
3859.82600000,0.19665828,0.18126664,1.00000000
3860.30800000,0.19692350,0.18109355,1.00000000
3860.79000000,0.19694564,0.18092068,1.00000000
3861.27200000,0.19696280,0.18074803,1.00000000
3861.75500000,0.19679715,0.18057524,1.00000000
3862.23700000,0.19687082,0.18040304,1.00000000
3862.71900000,0.19675156,0.18023106,1.00000000
3863.20100000,0.19688518,0.18005931,1.00000000
3863.68300000,0.19696889,0.17988780,1.00000000
3864.16500000,0.19696875,0.17971651,1.00000000
3864.64700000,0.19687311,0.17954547,1.00000000
3865.12900000,0.19682534,0.17937466,1.00000000
3865.61200000,0.19688935,0.17920373,1.00000000
3866.09400000,0.19707417,0.17903340,1.00000000
3866.57600000,0.19713759,0.17886332,1.00000000
3867.05800000,0.19696137,0.17869348,1.00000000
3867.54000000,0.19724676,0.17852388,1.00000000
3868.02200000,0.19713915,0.17835454,1.00000000
3868.50400000,0.19712501,0.17818545,1.00000000
3868.98600000,0.19727951,0.17801661,1.00000000
3869.46900000,0.19749009,0.17784768,1.00000000
3869.95100000,0.19732690,0.17767935,1.00000000
3870.43300000,0.19738470,0.17751129,1.00000000
3870.91500000,0.19740163,0.17734348,1.00000000
3871.39700000,0.19714718,0.17717594,1.00000000
3871.87900000,0.19742943,0.17700867,1.00000000
3872.36100000,0.19732009,0.17684166,1.00000000
3872.84300000,0.19721189,0.17667493,1.00000000
3873.32500000,0.19730996,0.17650846,1.00000000
3873.80800000,0.19711540,0.17634193,1.00000000
3874.29000000,0.19719308,0.17617601,1.00000000
3874.77200000,0.19703168,0.17601038,1.00000000
3875.25400000,0.19699981,0.17584502,1.00000000
3875.73600000,0.19714872,0.17567995,1.00000000
3876.21800000,0.19700393,0.17551515,1.00000000
3876.70000000,0.19719797,0.17535065,1.00000000
3877.18200000,0.19709209,0.17518643,1.00000000
3877.66500000,0.19712951,0.17502216,1.00000000
3878.14600000,0.19706151,0.17485886,1.00000000
3878.62900000,0.19704934,0.17469518,1.00000000
3879.11100000,0.19708114,0.17453213,1.00000000
3879.59300000,0.19727541,0.17436938,1.00000000
3880.07500000,0.19693020,0.17420693,1.00000000
3880.55700000,0.19689166,0.17404478,1.00000000
3881.03900000,0.19690303,0.17388294,1.00000000
3881.52100000,0.19694026,0.17372140,1.00000000
3882.00300000,0.19711344,0.17356016,1.00000000
3882.48600000,0.19677857,0.17339890,1.00000000
3882.96800000,0.19678069,0.17323829,1.00000000
3883.45000000,0.19680958,0.17307799,1.00000000
3883.93200000,0.19664827,0.17291801,1.00000000
3884.41400000,0.19657278,0.17275834,1.00000000
3884.89600000,0.19661125,0.17259899,1.00000000
3885.37800000,0.19633029,0.17243996,1.00000000
3885.86000000,0.19641496,0.17228125,1.00000000
3886.34300000,0.19655555,0.17212254,1.00000000
3886.82500000,0.19649827,0.17196449,1.00000000
3887.30700000,0.19662306,0.17180676,1.00000000
3887.78900000,0.19679897,0.17164936,1.00000000
3888.27100000,0.19690510,0.17149230,1.00000000
3888.75300000,0.19683479,0.17133557,1.00000000
3889.23500000,0.19699294,0.17117917,1.00000000
3889.71700000,0.19696334,0.17102312,1.00000000
3890.19900000,0.19688977,0.17086740,1.00000000
3890.68200000,0.19691622,0.17071170,1.00000000
3891.16400000,0.19701289,0.17055667,1.00000000
3891.64600000,0.19687004,0.17040198,1.00000000
3892.12800000,0.19690973,0.17024764,1.00000000
3892.61000000,0.19703976,0.17009365,1.00000000
3893.09200000,0.19660313,0.16994001,1.00000000
3893.57400000,0.19689035,0.16978672,1.00000000
3894.05600000,0.19686906,0.16963378,1.00000000
3894.53900000,0.19702645,0.16948089,1.00000000
3895.02100000,0.19672606,0.16932867,1.00000000
3895.50300000,0.19696324,0.16917681,1.00000000
3895.98500000,0.19674097,0.16902531,1.00000000
3896.46700000,0.19686944,0.16887418,1.00000000
3896.94900000,0.19700674,0.16872341,1.00000000
3897.43100000,0.19691172,0.16857300,1.00000000
3897.91300000,0.19697922,0.16842297,1.00000000
3898.39600000,0.19705846,0.16827300,1.00000000
3898.87800000,0.19706302,0.16812371,1.00000000
3899.36000000,0.19707048,0.16797479,1.00000000
3899.84200000,0.19731479,0.16782625,1.00000000
3900.32400000,0.19735982,0.16767809,1.00000000
3900.80600000,0.19739315,0.16753031,1.00000000
3901.28800000,0.19745973,0.16738291,1.00000000
3901.77000000,0.19715728,0.16723589,1.00000000
3902.25200000,0.19732077,0.16708926,1.00000000
3902.73500000,0.19725728,0.16694271,1.00000000
3903.21700000,0.19714101,0.16679685,1.00000000
3903.69900000,0.19714618,0.16665138,1.00000000
3904.18100000,0.19687624,0.16650631,1.00000000
3904.66300000,0.19683001,0.16636163,1.00000000
3905.14500000,0.19691810,0.16621734,1.00000000
3905.62700000,0.19668881,0.16607345,1.00000000
3906.10900000,0.19660939,0.16592996,1.00000000
3906.59200000,0.19679832,0.16578658,1.00000000
3907.07300000,0.19687305,0.16564418,1.00000000
3907.55600000,0.19695128,0.16550161,1.00000000
3908.03800000,0.19670874,0.16535973,1.00000000
3908.52000000,0.19679043,0.16521826,1.00000000
3909.00200000,0.19683476,0.16507720,1.00000000
3909.48400000,0.19664122,0.16493655,1.00000000
3909.96600000,0.19682166,0.16479631,1.00000000
3910.44800000,0.19651165,0.16465648,1.00000000
3910.93000000,0.19671950,0.16451708,1.00000000
3911.41300000,0.19665601,0.16437780,1.00000000
3911.89500000,0.19673294,0.16423923,1.00000000
3912.37700000,0.19646016,0.16410108,1.00000000
3912.85900000,0.19665102,0.16396335,1.00000000
3913.34100000,0.19672863,0.16382604,1.00000000
3913.82300000,0.19686784,0.16368916,1.00000000
3914.30500000,0.19690894,0.16355271,1.00000000
3914.78700000,0.19664139,0.16341669,1.00000000
3915.27000000,0.19662830,0.16328082,1.00000000
3915.75200000,0.19686673,0.16314566,1.00000000
3916.23400000,0.19654624,0.16301093,1.00000000
3916.71600000,0.19665859,0.16287664,1.00000000
3917.19800000,0.19676447,0.16274279,1.00000000
3917.68000000,0.19663803,0.16260938,1.00000000
3918.16200000,0.19658391,0.16247640,1.00000000
3918.64400000,0.19644900,0.16234387,1.00000000
3919.12600000,0.19643021,0.16221178,1.00000000
3919.60900000,0.19645213,0.16207986,1.00000000
3920.09100000,0.19649318,0.16194867,1.00000000
3920.57300000,0.19652931,0.16181792,1.00000000
3921.05500000,0.19652635,0.16168762,1.00000000
3921.53700000,0.19634253,0.16155777,1.00000000
3922.01900000,0.19644864,0.16142838,1.00000000
3922.50100000,0.19629490,0.16129944,1.00000000
3922.98300000,0.19638713,0.16117095,1.00000000
3923.46600000,0.19628255,0.16104266,1.00000000
3923.94800000,0.19651117,0.16091509,1.00000000
3924.43000000,0.19653957,0.16078798,1.00000000
3924.91200000,0.19623252,0.16066134,1.00000000
3925.39400000,0.19628919,0.16053515,1.00000000
3925.87600000,0.19638085,0.16040944,1.00000000
3926.35800000,0.19660900,0.16028419,1.00000000
3926.84000000,0.19648710,0.16015940,1.00000000
3927.32300000,0.19650065,0.16003483,1.00000000
3927.80500000,0.19636023,0.15991099,1.00000000
3928.28700000,0.19647347,0.15978762,1.00000000
3928.76900000,0.19642806,0.15966473,1.00000000
3929.25100000,0.19628587,0.15954231,1.00000000
3929.73300000,0.19626645,0.15942036,1.00000000
3930.21500000,0.19622609,0.15929890,1.00000000
3930.69700000,0.19599581,0.15917791,1.00000000
3931.17900000,0.19588050,0.15905741,1.00000000
3931.66200000,0.19585677,0.15893714,1.00000000
3932.14400000,0.19585027,0.15881760,1.00000000
3932.62600000,0.19559750,0.15869855,1.00000000
3933.10800000,0.19570957,0.15857998,1.00000000
3933.59000000,0.19579246,0.15846191,1.00000000
3934.07200000,0.19535914,0.15834432,1.00000000
3934.55400000,0.19553911,0.15822722,1.00000000
3935.03600000,0.19560142,0.15811062,1.00000000
3935.51900000,0.19563021,0.15799427,1.00000000
3936.00000000,0.19552488,0.15787890,1.00000000
3936.48300000,0.19555396,0.15776354,1.00000000
3936.96500000,0.19555683,0.15764892,1.00000000
3937.44700000,0.19560592,0.15753480,1.00000000
3937.92900000,0.19563851,0.15742118,1.00000000
3938.41100000,0.19549995,0.15730807,1.00000000
3938.89300000,0.19573756,0.15719545,1.00000000
3939.37500000,0.19563573,0.15708334,1.00000000
3939.85700000,0.19596795,0.15697174,1.00000000
3940.34000000,0.19604867,0.15686042,1.00000000
3940.82200000,0.19577117,0.15674983,1.00000000
3941.30400000,0.19580154,0.15663975,1.00000000
3941.78600000,0.19597364,0.15653019,1.00000000
3942.26800000,0.19576912,0.15642114,1.00000000
3942.75000000,0.19596796,0.15631260,1.00000000
3943.23200000,0.19563934,0.15620458,1.00000000
3943.71400000,0.19564684,0.15609707,1.00000000
3944.19700000,0.19563726,0.15598986,1.00000000
3944.67900000,0.19562261,0.15588340,1.00000000
3945.16100000,0.19554303,0.15577745,1.00000000
3945.64300000,0.19545312,0.15567202,1.00000000
3946.12500000,0.19542334,0.15556712,1.00000000
3946.60700000,0.19541582,0.15546274,1.00000000
3947.08900000,0.19534345,0.15535889,1.00000000
3947.57100000,0.19526387,0.15525556,1.00000000
3948.05300000,0.19529530,0.15515276,1.00000000
3948.53600000,0.19518254,0.15505028,1.00000000
3949.01800000,0.19528717,0.15494854,1.00000000
3949.50000000,0.19527475,0.15484733,1.00000000
3949.98200000,0.19506514,0.15474666,1.00000000
3950.46400000,0.19520381,0.15464652,1.00000000
3950.94600000,0.19523285,0.15454691,1.00000000
3951.42800000,0.19529561,0.15444784,1.00000000
3951.91000000,0.19508950,0.15434931,1.00000000
3952.39300000,0.19518384,0.15425111,1.00000000
3952.87500000,0.19515613,0.15415366,1.00000000
3953.35700000,0.19531871,0.15405675,1.00000000
3953.83900000,0.19491024,0.15396038,1.00000000
3954.32100000,0.19503357,0.15386455,1.00000000
3954.80300000,0.19515278,0.15376927,1.00000000
3955.28500000,0.19501476,0.15367453,1.00000000
3955.76700000,0.19488685,0.15358034,1.00000000
3956.25000000,0.19496051,0.15348651,1.00000000
3956.73200000,0.19504812,0.15339342,1.00000000
3957.21400000,0.19502567,0.15330087,1.00000000
3957.69600000,0.19500572,0.15320888,1.00000000
3958.17800000,0.19501029,0.15311744,1.00000000
3958.66000000,0.19503700,0.15302656,1.00000000
3959.14200000,0.19463820,0.15293622,1.00000000
3959.62400000,0.19496163,0.15284645,1.00000000
3960.10600000,0.19490846,0.15275723,1.00000000
3960.58900000,0.19454540,0.15266838,1.00000000
3961.07100000,0.19476414,0.15258028,1.00000000
3961.55300000,0.19484331,0.15249274,1.00000000
3962.03500000,0.19462858,0.15240575,1.00000000
3962.51700000,0.19452550,0.15231933,1.00000000
3962.99900000,0.19443059,0.15223347,1.00000000
3963.48100000,0.19437885,0.15214818,1.00000000
3963.96300000,0.19434327,0.15206345,1.00000000
3964.44600000,0.19430956,0.15197911,1.00000000
3964.92700000,0.19435657,0.15189569,1.00000000
3965.41000000,0.19419528,0.15181249,1.00000000
3965.89200000,0.19433070,0.15173003,1.00000000
3966.37400000,0.19411232,0.15164814,1.00000000
3966.85600000,0.19410526,0.15156682,1.00000000
3967.33800000,0.19400900,0.15148607,1.00000000
3967.82000000,0.19384733,0.15140589,1.00000000
3968.30200000,0.19398683,0.15132629,1.00000000
3968.78400000,0.19387557,0.15124726,1.00000000
3969.26700000,0.19384078,0.15116865,1.00000000
3969.74900000,0.19374237,0.15109077,1.00000000
3970.23100000,0.19392854,0.15101347,1.00000000
3970.71300000,0.19387916,0.15093676,1.00000000
3971.19500000,0.19386192,0.15086061,1.00000000
3971.67700000,0.19386515,0.15078505,1.00000000
3972.15900000,0.19368397,0.15071007,1.00000000
3972.64100000,0.19411922,0.15063568,1.00000000
3973.12400000,0.19394803,0.15056171,1.00000000
3973.60600000,0.19409524,0.15048848,1.00000000
3974.08800000,0.19408443,0.15041583,1.00000000
3974.57000000,0.19398847,0.15034377,1.00000000
3975.05200000,0.19400295,0.15027230,1.00000000
3975.53400000,0.19380417,0.15020141,1.00000000
3976.01600000,0.19398835,0.15013111,1.00000000
3976.49800000,0.19402780,0.15006139,1.00000000
3976.98000000,0.19396149,0.14999227,1.00000000
3977.46300000,0.19381545,0.14992360,1.00000000
3977.94500000,0.19385537,0.14985566,1.00000000
3978.42700000,0.19392662,0.14978831,1.00000000
3978.90900000,0.19359652,0.14972155,1.00000000
3979.39100000,0.19362367,0.14965539,1.00000000
3979.87300000,0.19377797,0.14958982,1.00000000
3980.35500000,0.19352938,0.14952485,1.00000000
3980.83700000,0.19352541,0.14946047,1.00000000
3981.32000000,0.19342315,0.14939656,1.00000000
3981.80200000,0.19351151,0.14933338,1.00000000
3982.28400000,0.19352712,0.14927079,1.00000000
3982.76600000,0.19332265,0.14920881,1.00000000
3983.24800000,0.19338825,0.14914742,1.00000000
3983.73000000,0.19317140,0.14908663,1.00000000
3984.21200000,0.19326077,0.14902645,1.00000000
3984.69400000,0.19333617,0.14896687,1.00000000
3985.17700000,0.19339502,0.14890776,1.00000000
3985.65900000,0.19354957,0.14884938,1.00000000
3986.14100000,0.19352892,0.14879161,1.00000000
3986.62300000,0.19344451,0.14873444,1.00000000
3987.10500000,0.19326503,0.14867788,1.00000000
3987.58700000,0.19362148,0.14862192,1.00000000
3988.06900000,0.19342292,0.14856657,1.00000000
3988.55100000,0.19344099,0.14851182,1.00000000
3989.03300000,0.19346462,0.14845768,1.00000000
3989.51600000,0.19332866,0.14840404,1.00000000
3989.99800000,0.19332191,0.14835112,1.00000000
3990.48000000,0.19322043,0.14829881,1.00000000
3990.96200000,0.19346212,0.14824712,1.00000000
3991.44400000,0.19315464,0.14819603,1.00000000
3991.92600000,0.19344590,0.14814555,1.00000000
3992.40800000,0.19349989,0.14809568,1.00000000
3992.89000000,0.19346359,0.14804643,1.00000000
3993.37300000,0.19338296,0.14799769,1.00000000
3993.85400000,0.19347641,0.14794976,1.00000000
3994.33700000,0.19312170,0.14790225,1.00000000
3994.81900000,0.19337439,0.14785546,1.00000000
3995.30100000,0.19315926,0.14780928,1.00000000
3995.78300000,0.19305884,0.14776371,1.00000000
3996.26500000,0.19322071,0.14771876,1.00000000
3996.74700000,0.19302085,0.14767443,1.00000000
3997.22900000,0.19305285,0.14763072,1.00000000
3997.71100000,0.19295999,0.14758762,1.00000000
3998.19400000,0.19279277,0.14754506,1.00000000
3998.67600000,0.19274542,0.14750320,1.00000000
3999.15800000,0.19276128,0.14746196,1.00000000
3999.64000000,0.19290032,0.14742134,1.00000000
4000.12200000,0.19282376,0.14738134,1.00000000
