nu_cm1,R_clean,R_noisy
400.00000000,0.25262522,0.25262522
401.00000000,0.25277538,0.25277538
402.00000000,0.25286324,0.25286324
403.00000000,0.25288872,0.25288872
404.00000000,0.25285180,0.25285180
405.00000000,0.25275252,0.25275252
406.00000000,0.25259097,0.25259097
407.00000000,0.25236730,0.25236730
408.00000000,0.25208175,0.25208175
409.00000000,0.25173457,0.25173457
410.00000000,0.25132612,0.25132612
411.00000000,0.25085678,0.25085678
412.00000000,0.25032702,0.25032702
413.00000000,0.24973735,0.24973735
414.00000000,0.24908835,0.24908835
415.00000000,0.24838064,0.24838064
416.00000000,0.24761491,0.24761491
417.00000000,0.24679191,0.24679191
418.00000000,0.24591244,0.24591244
419.00000000,0.24497735,0.24497735
420.00000000,0.24398756,0.24398756
421.00000000,0.24294402,0.24294402
422.00000000,0.24184776,0.24184776
423.00000000,0.24069983,0.24069983
424.00000000,0.23950136,0.23950136
425.00000000,0.23825351,0.23825351
426.00000000,0.23695749,0.23695749
427.00000000,0.23561457,0.23561457
428.00000000,0.23422604,0.23422604
429.00000000,0.23279327,0.23279327
430.00000000,0.23131764,0.23131764
431.00000000,0.22980060,0.22980060
432.00000000,0.22824361,0.22824361
433.00000000,0.22664819,0.22664819
434.00000000,0.22501589,0.22501589
435.00000000,0.22334830,0.22334830
436.00000000,0.22164705,0.22164705
437.00000000,0.21991378,0.21991378
438.00000000,0.21815018,0.21815018
439.00000000,0.21635798,0.21635798
440.00000000,0.21453890,0.21453890
441.00000000,0.21269472,0.21269472
442.00000000,0.21082724,0.21082724
443.00000000,0.20893827,0.20893827
444.00000000,0.20702965,0.20702965
445.00000000,0.20510323,0.20510323
446.00000000,0.20316089,0.20316089
447.00000000,0.20120452,0.20120452
448.00000000,0.19923603,0.19923603
449.00000000,0.19725731,0.19725731
450.00000000,0.19527031,0.19527031
451.00000000,0.19327695,0.19327695
452.00000000,0.19127917,0.19127917
453.00000000,0.18927892,0.18927892
454.00000000,0.18727813,0.18727813
455.00000000,0.18527877,0.18527877
456.00000000,0.18328276,0.18328276
457.00000000,0.18129206,0.18129206
458.00000000,0.17930860,0.17930860
459.00000000,0.17733431,0.17733431
460.00000000,0.17537111,0.17537111
461.00000000,0.17342090,0.17342090
462.00000000,0.17148559,0.17148559
463.00000000,0.16956706,0.16956706
464.00000000,0.16766717,0.16766717
465.00000000,0.16578778,0.16578778
466.00000000,0.16393070,0.16393070
467.00000000,0.16209775,0.16209775
468.00000000,0.16029072,0.16029072
469.00000000,0.15851134,0.15851134
470.00000000,0.15676137,0.15676137
471.00000000,0.15504250,0.15504250
472.00000000,0.15335639,0.15335639
473.00000000,0.15170471,0.15170471
474.00000000,0.15008903,0.15008903
475.00000000,0.14851095,0.14851095
476.00000000,0.14697200,0.14697200
477.00000000,0.14547366,0.14547366
478.00000000,0.14401741,0.14401741
479.00000000,0.14260465,0.14260465
480.00000000,0.14123676,0.14123676
481.00000000,0.13991507,0.13991507
482.00000000,0.13864087,0.13864087
483.00000000,0.13741540,0.13741540
484.00000000,0.13623984,0.13623984
485.00000000,0.13511534,0.13511534
486.00000000,0.13404300,0.13404300
487.00000000,0.13302385,0.13302385
488.00000000,0.13205890,0.13205890
489.00000000,0.13114907,0.13114907
490.00000000,0.13029526,0.13029526
491.00000000,0.12949828,0.12949828
492.00000000,0.12875893,0.12875893
493.00000000,0.12807792,0.12807792
494.00000000,0.12745590,0.12745590
495.00000000,0.12689349,0.12689349
496.00000000,0.12639123,0.12639123
497.00000000,0.12594961,0.12594961
498.00000000,0.12556906,0.12556906
499.00000000,0.12524996,0.12524996
500.00000000,0.12499260,0.12499260
501.00000000,0.12479724,0.12479724
502.00000000,0.12466408,0.12466408
503.00000000,0.12459324,0.12459324
504.00000000,0.12458478,0.12458478
505.00000000,0.12463872,0.12463872
506.00000000,0.12475501,0.12475501
507.00000000,0.12493353,0.12493353
508.00000000,0.12517411,0.12517411
509.00000000,0.12547652,0.12547652
510.00000000,0.12584045,0.12584045
511.00000000,0.12626556,0.12626556
512.00000000,0.12675143,0.12675143
513.00000000,0.12729760,0.12729760
514.00000000,0.12790352,0.12790352
515.00000000,0.12856861,0.12856861
516.00000000,0.12929223,0.12929223
517.00000000,0.13007366,0.13007366
518.00000000,0.13091215,0.13091215
519.00000000,0.13180689,0.13180689
520.00000000,0.13275700,0.13275700
521.00000000,0.13376155,0.13376155
522.00000000,0.13481958,0.13481958
523.00000000,0.13593005,0.13593005
524.00000000,0.13709189,0.13709189
525.00000000,0.13830395,0.13830395
526.00000000,0.13956507,0.13956507
527.00000000,0.14087402,0.14087402
528.00000000,0.14222952,0.14222952
529.00000000,0.14363025,0.14363025
530.00000000,0.14507486,0.14507486
531.00000000,0.14656193,0.14656193
532.00000000,0.14809003,0.14809003
533.00000000,0.14965766,0.14965766
534.00000000,0.15126330,0.15126330
535.00000000,0.15290538,0.15290538
536.00000000,0.15458232,0.15458232
537.00000000,0.15629248,0.15629248
538.00000000,0.15803419,0.15803419
539.00000000,0.15980577,0.15980577
540.00000000,0.16160548,0.16160548
541.00000000,0.16343159,0.16343159
542.00000000,0.16528230,0.16528230
543.00000000,0.16715583,0.16715583
544.00000000,0.16905034,0.16905034
545.00000000,0.17096401,0.17096401
546.00000000,0.17289496,0.17289496
547.00000000,0.17484131,0.17484131
548.00000000,0.17680118,0.17680118
549.00000000,0.17877266,0.17877266
550.00000000,0.18075383,0.18075383
551.00000000,0.18274276,0.18274276
552.00000000,0.18473751,0.18473751
553.00000000,0.18673616,0.18673616
554.00000000,0.18873675,0.18873675
555.00000000,0.19073734,0.19073734
556.00000000,0.19273598,0.19273598
557.00000000,0.19473073,0.19473073
558.00000000,0.19671965,0.19671965
559.00000000,0.19870080,0.19870080
560.00000000,0.20067226,0.20067226
561.00000000,0.20263210,0.20263210
562.00000000,0.20457843,0.20457843
563.00000000,0.20650934,0.20650934
564.00000000,0.20842297,0.20842297
565.00000000,0.21031745,0.21031745
566.00000000,0.21219093,0.21219093
567.00000000,0.21404160,0.21404160
568.00000000,0.21586766,0.21586766
569.00000000,0.21766732,0.21766732
570.00000000,0.21943884,0.21943884
571.00000000,0.22118049,0.22118049
572.00000000,0.22289059,0.22289059
573.00000000,0.22456746,0.22456746
574.00000000,0.22620948,0.22620948
575.00000000,0.22781504,0.22781504
576.00000000,0.22938260,0.22938260
577.00000000,0.23091061,0.23091061
578.00000000,0.23239761,0.23239761
579.00000000,0.23384213,0.23384213
580.00000000,0.23524278,0.23524278
581.00000000,0.23659819,0.23659819
582.00000000,0.23790704,0.23790704
583.00000000,0.23916807,0.23916807
584.00000000,0.24038004,0.24038004
585.00000000,0.24154177,0.24154177
586.00000000,0.24265214,0.24265214
587.00000000,0.24371007,0.24371007
588.00000000,0.24471452,0.24471452
589.00000000,0.24566452,0.24566452
590.00000000,0.24655915,0.24655915
591.00000000,0.24739753,0.24739753
592.00000000,0.24817885,0.24817885
593.00000000,0.24890236,0.24890236
594.00000000,0.24956733,0.24956733
595.00000000,0.25017314,0.25017314
596.00000000,0.25071919,0.25071919
597.00000000,0.25120494,0.25120494
598.00000000,0.25162993,0.25162993
599.00000000,0.25199375,0.25199375
600.00000000,0.25229603,0.25229603
601.00000000,0.25253649,0.25253649
602.00000000,0.25271489,0.25271489
603.00000000,0.25283106,0.25283106
604.00000000,0.25288488,0.25288488
605.00000000,0.25287630,0.25287630
606.00000000,0.25280534,0.25280534
607.00000000,0.25267205,0.25267205
608.00000000,0.25247658,0.25247658
609.00000000,0.25221910,0.25221910
610.00000000,0.25189987,0.25189987
611.00000000,0.25151921,0.25151921
612.00000000,0.25107747,0.25107747
613.00000000,0.25057509,0.25057509
614.00000000,0.25001257,0.25001257
615.00000000,0.24939044,0.24939044
616.00000000,0.24870931,0.24870931
617.00000000,0.24796984,0.24796984
618.00000000,0.24717276,0.24717276
619.00000000,0.24631883,0.24631883
620.00000000,0.24540890,0.24540890
621.00000000,0.24444384,0.24444384
622.00000000,0.24342459,0.24342459
623.00000000,0.24235214,0.24235214
624.00000000,0.24122754,0.24122754
625.00000000,0.24005189,0.24005189
626.00000000,0.23882632,0.23882632
627.00000000,0.23755202,0.23755202
628.00000000,0.23623024,0.23623024
629.00000000,0.23486227,0.23486227
630.00000000,0.23344942,0.23344942
631.00000000,0.23199308,0.23199308
632.00000000,0.23049467,0.23049467
633.00000000,0.22895564,0.22895564
634.00000000,0.22737748,0.22737748
635.00000000,0.22576174,0.22576174
636.00000000,0.22410998,0.22410998
637.00000000,0.22242381,0.22242381
638.00000000,0.22070488,0.22070488
639.00000000,0.21895484,0.21895484
640.00000000,0.21717542,0.21717542
641.00000000,0.21536833,0.21536833
642.00000000,0.21353533,0.21353533
643.00000000,0.21167821,0.21167821
644.00000000,0.20979877,0.20979877
645.00000000,0.20789885,0.20789885
646.00000000,0.20598028,0.20598028
647.00000000,0.20404494,0.20404494
648.00000000,0.20209471,0.20209471
649.00000000,0.20013148,0.20013148
650.00000000,0.19815717,0.19815717
651.00000000,0.19617369,0.19617369
652.00000000,0.19418298,0.19418298
653.00000000,0.19218697,0.19218697
654.00000000,0.19018760,0.19018760
655.00000000,0.18818681,0.18818681
656.00000000,0.18618656,0.18618656
657.00000000,0.18418879,0.18418879
658.00000000,0.18219544,0.18219544
659.00000000,0.18020845,0.18020845
660.00000000,0.17822976,0.17822976
661.00000000,0.17626128,0.17626128
662.00000000,0.17430494,0.17430494
663.00000000,0.17236263,0.17236263
664.00000000,0.17043624,0.17043624
665.00000000,0.16852766,0.16852766
666.00000000,0.16663873,0.16663873
667.00000000,0.16477129,0.16477129
668.00000000,0.16292716,0.16292716
669.00000000,0.16110813,0.16110813
670.00000000,0.15931598,0.15931598
671.00000000,0.15755244,0.15755244
672.00000000,0.15581923,0.15581923
673.00000000,0.15411804,0.15411804
674.00000000,0.15245052,0.15245052
675.00000000,0.15081829,0.15081829
676.00000000,0.14922295,0.14922295
677.00000000,0.14766603,0.14766603
678.00000000,0.14614907,0.14614907
679.00000000,0.14467352,0.14467352
680.00000000,0.14324083,0.14324083
681.00000000,0.14185240,0.14185240
682.00000000,0.14050957,0.14050957
683.00000000,0.13921364,0.13921364
684.00000000,0.13796588,0.13796588
685.00000000,0.13676751,0.13676751
686.00000000,0.13561968,0.13561968
687.00000000,0.13452352,0.13452352
688.00000000,0.13348008,0.13348008
689.00000000,0.13249040,0.13249040
690.00000000,0.13155542,0.13155542
691.00000000,0.13067605,0.13067605
692.00000000,0.12985317,0.12985317
693.00000000,0.12908755,0.12908755
694.00000000,0.12837995,0.12837995
695.00000000,0.12773106,0.12773106
696.00000000,0.12714151,0.12714151
697.00000000,0.12661186,0.12661186
698.00000000,0.12614265,0.12614265
699.00000000,0.12573431,0.12573431
700.00000000,0.12538726,0.12538726
701.00000000,0.12510182,0.12510182
702.00000000,0.12487827,0.12487827
703.00000000,0.12471684,0.12471684
704.00000000,0.12461768,0.12461768
705.00000000,0.12458089,0.12458089
706.00000000,0.12460649,0.12460649
707.00000000,0.12469447,0.12469447
708.00000000,0.12484475,0.12484475
709.00000000,0.12505716,0.12505716
710.00000000,0.12533152,0.12533152
711.00000000,0.12566755,0.12566755
712.00000000,0.12606492,0.12606492
713.00000000,0.12652325,0.12652325
714.00000000,0.12704209,0.12704209
715.00000000,0.12762094,0.12762094
716.00000000,0.12825924,0.12825924
717.00000000,0.12895636,0.12895636
718.00000000,0.12971162,0.12971162
719.00000000,0.13052429,0.13052429
720.00000000,0.13139359,0.13139359
721.00000000,0.13231866,0.13231866
722.00000000,0.13329860,0.13329860
723.00000000,0.13433247,0.13433247
724.00000000,0.13541925,0.13541925
725.00000000,0.13655790,0.13655790
726.00000000,0.13774729,0.13774729
727.00000000,0.13898628,0.13898628
728.00000000,0.14027366,0.14027366
729.00000000,0.14160817,0.14160817
730.00000000,0.14298853,0.14298853
731.00000000,0.14441338,0.14441338
732.00000000,0.14588134,0.14588134
733.00000000,0.14739099,0.14739099
734.00000000,0.14894085,0.14894085
735.00000000,0.15052942,0.15052942
736.00000000,0.15215514,0.15215514
737.00000000,0.15381645,0.15381645
738.00000000,0.15551173,0.15551173
739.00000000,0.15723932,0.15723932
740.00000000,0.15899754,0.15899754
741.00000000,0.16078469,0.16078469
742.00000000,0.16259903,0.16259903
743.00000000,0.16443878,0.16443878
744.00000000,0.16630218,0.16630218
745.00000000,0.16818739,0.16818739
746.00000000,0.17009258,0.17009258
747.00000000,0.17201591,0.17201591
748.00000000,0.17395550,0.17395550
749.00000000,0.17590947,0.17590947
750.00000000,0.17787591,0.17787591
751.00000000,0.17985292,0.17985292
752.00000000,0.18183856,0.18183856
753.00000000,0.18383091,0.18383091
754.00000000,0.18582803,0.18582803
755.00000000,0.18782798,0.18782798
756.00000000,0.18982881,0.18982881
757.00000000,0.19182858,0.19182858
758.00000000,0.19382534,0.19382534
759.00000000,0.19581714,0.19581714
760.00000000,0.19780206,0.19780206
761.00000000,0.19977816,0.19977816
762.00000000,0.20174352,0.20174352
763.00000000,0.20369622,0.20369622
764.00000000,0.20563437,0.20563437
765.00000000,0.20755608,0.20755608
766.00000000,0.20945948,0.20945948
767.00000000,0.21134273,0.21134273
768.00000000,0.21320399,0.21320399
769.00000000,0.21504144,0.21504144
770.00000000,0.21685331,0.21685331
771.00000000,0.21863783,0.21863783
772.00000000,0.22039326,0.22039326
773.00000000,0.22211789,0.22211789
774.00000000,0.22381006,0.22381006
775.00000000,0.22546811,0.22546811
776.00000000,0.22709043,0.22709043
777.00000000,0.22867544,0.22867544
778.00000000,0.23022160,0.23022160
779.00000000,0.23172740,0.23172740
780.00000000,0.23319139,0.23319139
781.00000000,0.23461214,0.23461214
782.00000000,0.23598826,0.23598826
783.00000000,0.23731842,0.23731842
784.00000000,0.23860133,0.23860133
785.00000000,0.23983573,0.23983573
786.00000000,0.24102042,0.24102042
787.00000000,0.24215426,0.24215426
788.00000000,0.24323613,0.24323613
789.00000000,0.24426500,0.24426500
790.00000000,0.24523985,0.24523985
791.00000000,0.24615974,0.24615974
792.00000000,0.24702377,0.24702377
793.00000000,0.24783111,0.24783111
794.00000000,0.24858096,0.24858096
795.00000000,0.24927260,0.24927260
796.00000000,0.24990536,0.24990536
797.00000000,0.25047862,0.25047862
798.00000000,0.25099182,0.25099182
799.00000000,0.25144447,0.25144447
800.00000000,0.25183611,0.25183611
801.00000000,0.25216638,0.25216638
802.00000000,0.25243496,0.25243496
803.00000000,0.25264157,0.25264157
804.00000000,0.25278602,0.25278602
805.00000000,0.25286817,0.25286817
806.00000000,0.25288793,0.25288793
807.00000000,0.25284530,0.25284530
808.00000000,0.25274031,0.25274031
809.00000000,0.25257306,0.25257306
810.00000000,0.25234372,0.25234372
811.00000000,0.25205250,0.25205250
812.00000000,0.25169970,0.25169970
813.00000000,0.25128565,0.25128565
814.00000000,0.25081076,0.25081076
815.00000000,0.25027549,0.25027549
816.00000000,0.24968035,0.24968035
817.00000000,0.24902594,0.24902594
818.00000000,0.24831289,0.24831289
819.00000000,0.24754188,0.24754188
820.00000000,0.24671367,0.24671367
821.00000000,0.24582907,0.24582907
822.00000000,0.24488893,0.24488893
823.00000000,0.24389418,0.24389418
824.00000000,0.24284577,0.24284577
825.00000000,0.24174472,0.24174472
826.00000000,0.24059212,0.24059212
827.00000000,0.23938907,0.23938907
828.00000000,0.23813676,0.23813676
829.00000000,0.23683639,0.23683639
830.00000000,0.23548923,0.23548923
831.00000000,0.23409660,0.23409660
832.00000000,0.23265984,0.23265984
833.00000000,0.23118036,0.23118036
834.00000000,0.22965959,0.22965959
835.00000000,0.22809902,0.22809902
836.00000000,0.22650016,0.22650016
837.00000000,0.22486456,0.22486456
838.00000000,0.22319382,0.22319382
839.00000000,0.22148956,0.22148956
840.00000000,0.21975344,0.21975344
841.00000000,0.21798715,0.21798715
842.00000000,0.21619241,0.21619241
843.00000000,0.21437096,0.21437096
844.00000000,0.21252458,0.21252458
845.00000000,0.21065505,0.21065505
846.00000000,0.20876420,0.20876420
847.00000000,0.20685387,0.20685387
848.00000000,0.20492592,0.20492592
849.00000000,0.20298222,0.20298222
850.00000000,0.20102466,0.20102466
851.00000000,0.19905514,0.19905514
852.00000000,0.19707559,0.19707559
853.00000000,0.19508792,0.19508792
854.00000000,0.19309407,0.19309407
855.00000000,0.19109599,0.19109599
856.00000000,0.18909561,0.18909561
857.00000000,0.18709487,0.18709487
858.00000000,0.18509573,0.18509573
859.00000000,0.18310013,0.18310013
860.00000000,0.18111002,0.18111002
861.00000000,0.17912732,0.17912732
862.00000000,0.17715396,0.17715396
863.00000000,0.17519187,0.17519187
864.00000000,0.17324295,0.17324295
865.00000000,0.17130910,0.17130910
866.00000000,0.16939220,0.16939220
867.00000000,0.16749411,0.16749411
868.00000000,0.16561668,0.16561668
869.00000000,0.16376175,0.16376175
870.00000000,0.16193110,0.16193110
871.00000000,0.16012652,0.16012652
872.00000000,0.15834977,0.15834977
873.00000000,0.15660258,0.15660258
874.00000000,0.15488663,0.15488663
875.00000000,0.15320362,0.15320362
876.00000000,0.15155516,0.15155516
877.00000000,0.14994287,0.14994287
878.00000000,0.14836831,0.14836831
879.00000000,0.14683301,0.14683301
880.00000000,0.14533848,0.14533848
881.00000000,0.14388615,0.14388615
882.00000000,0.14247744,0.14247744
883.00000000,0.14111373,0.14111373
884.00000000,0.13979634,0.13979634
885.00000000,0.13852655,0.13852655
886.00000000,0.13730560,0.13730560
887.00000000,0.13613468,0.13613468
888.00000000,0.13501491,0.13501491
889.00000000,0.13394740,0.13394740
890.00000000,0.13293318,0.13293318
891.00000000,0.13197324,0.13197324
892.00000000,0.13106850,0.13106850
893.00000000,0.13021986,0.13021986
894.00000000,0.12942814,0.12942814
895.00000000,0.12869410,0.12869410
896.00000000,0.12801846,0.12801846
897.00000000,0.12740188,0.12740188
898.00000000,0.12684496,0.12684496
899.00000000,0.12634824,0.12634824
900.00000000,0.12591220,0.12591220
901.00000000,0.12553727,0.12553727
902.00000000,0.12522381,0.12522381
903.00000000,0.12497212,0.12497212
904.00000000,0.12478245,0.12478245
905.00000000,0.12465499,0.12465499
906.00000000,0.12458986,0.12458986
907.00000000,0.12458713,0.12458713
908.00000000,0.12464679,0.12464679
909.00000000,0.12476878,0.12476878
910.00000000,0.12495299,0.12495299
911.00000000,0.12519925,0.12519925
912.00000000,0.12550730,0.12550730
913.00000000,0.12587686,0.12587686
914.00000000,0.12630755,0.12630755
915.00000000,0.12679897,0.12679897
916.00000000,0.12735063,0.12735063
917.00000000,0.12796200,0.12796200
918.00000000,0.12863248,0.12863248
919.00000000,0.12936142,0.12936142
920.00000000,0.13014812,0.13014812
921.00000000,0.13099180,0.13099180
922.00000000,0.13189164,0.13189164
923.00000000,0.13284678,0.13284678
924.00000000,0.13385628,0.13385628
925.00000000,0.13491915,0.13491915
926.00000000,0.13603437,0.13603437
927.00000000,0.13720086,0.13720086
928.00000000,0.13841747,0.13841747
929.00000000,0.13968302,0.13968302
930.00000000,0.14099629,0.14099629
931.00000000,0.14235598,0.14235598
932.00000000,0.14376080,0.14376080
933.00000000,0.14520935,0.14520935
934.00000000,0.14670025,0.14670025
935.00000000,0.14823202,0.14823202
936.00000000,0.14980320,0.14980320
937.00000000,0.15141224,0.15141224
938.00000000,0.15305759,0.15305759
939.00000000,0.15473764,0.15473764
940.00000000,0.15645076,0.15645076
941.00000000,0.15819528,0.15819528
942.00000000,0.15996951,0.15996951
943.00000000,0.16177171,0.16177171
944.00000000,0.16360014,0.16360014
945.00000000,0.16545302,0.16545302
946.00000000,0.16732855,0.16732855
947.00000000,0.16922490,0.16922490
948.00000000,0.17114022,0.17114022
949.00000000,0.17307266,0.17307266
950.00000000,0.17502033,0.17502033
951.00000000,0.17698134,0.17698134
952.00000000,0.17895379,0.17895379
953.00000000,0.18093575,0.18093575
954.00000000,0.18292529,0.18292529
955.00000000,0.18492049,0.18492049
956.00000000,0.18691939,0.18691939
957.00000000,0.18892007,0.18892007
958.00000000,0.19092056,0.19092056
959.00000000,0.19291892,0.19291892
960.00000000,0.19491322,0.19491322
961.00000000,0.19690150,0.19690150
962.00000000,0.19888185,0.19888185
963.00000000,0.20085232,0.20085232
964.00000000,0.20281101,0.20281101
965.00000000,0.20475600,0.20475600
966.00000000,0.20668541,0.20668541
967.00000000,0.20859736,0.20859736
968.00000000,0.21048999,0.21048999
969.00000000,0.21236146,0.21236146
970.00000000,0.21420995,0.21420995
971.00000000,0.21603366,0.21603366
972.00000000,0.21783081,0.21783081
973.00000000,0.21959967,0.21959967
974.00000000,0.22133850,0.22133850
975.00000000,0.22304562,0.22304562
976.00000000,0.22471937,0.22471937
977.00000000,0.22635811,0.22635811
978.00000000,0.22796026,0.22796026
979.00000000,0.22952425,0.22952425
980.00000000,0.23104857,0.23104857
981.00000000,0.23253174,0.23253174
982.00000000,0.23397230,0.23397230
983.00000000,0.23536886,0.23536886
984.00000000,0.23672006,0.23672006
985.00000000,0.23802458,0.23802458
986.00000000,0.23928116,0.23928116
987.00000000,0.24048858,0.24048858
988.00000000,0.24164565,0.24164565
989.00000000,0.24275126,0.24275126
990.00000000,0.24380433,0.24380433
991.00000000,0.24480384,0.24480384
992.00000000,0.24574880,0.24574880
993.00000000,0.24663831,0.24663831
994.00000000,0.24747150,0.24747150
995.00000000,0.24824755,0.24824755
996.00000000,0.24896572,0.24896572
997.00000000,0.24962531,0.24962531
998.00000000,0.25022566,0.25022566
999.00000000,0.25076621,0.25076621
1000.00000000,0.25124641,0.25124641
1001.00000000,0.25166582,0.25166582
1002.00000000,0.25202401,0.25202401
1003.00000000,0.25232064,0.25232064
1004.00000000,0.25255542,0.25255542
1005.00000000,0.25272813,0.25272813
1006.00000000,0.25283858,0.25283858
1007.00000000,0.25288669,0.25288669
1008.00000000,0.25287240,0.25287240
1009.00000000,0.25279572,0.25279572
1010.00000000,0.25265673,0.25265673
1011.00000000,0.25245557,0.25245557
1012.00000000,0.25219242,0.25219242
1013.00000000,0.25186755,0.25186755
1014.00000000,0.25148127,0.25148127
1015.00000000,0.25103396,0.25103396
1016.00000000,0.25052605,0.25052605
1017.00000000,0.24995804,0.24995804
1018.00000000,0.24933048,0.24933048
1019.00000000,0.24864398,0.24864398
1020.00000000,0.24789920,0.24789920
1021.00000000,0.24709688,0.24709688
1022.00000000,0.24623779,0.24623779
1023.00000000,0.24532276,0.24532276
1024.00000000,0.24435270,0.24435270
1025.00000000,0.24332853,0.24332853
1026.00000000,0.24225127,0.24225127
1027.00000000,0.24112194,0.24112194
1028.00000000,0.23994167,0.23994167
1029.00000000,0.23871158,0.23871158
1030.00000000,0.23743288,0.23743288
1031.00000000,0.23610682,0.23610682
1032.00000000,0.23473467,0.23473467
1033.00000000,0.23331779,0.23331779
1034.00000000,0.23185753,0.23185753
1035.00000000,0.23035534,0.23035534
1036.00000000,0.22881266,0.22881266
1037.00000000,0.22723099,0.22723099
1038.00000000,0.22561189,0.22561189
1039.00000000,0.22395691,0.22395691
1040.00000000,0.22226767,0.22226767
1041.00000000,0.22054582,0.22054582
1042.00000000,0.21879302,0.21879302
1043.00000000,0.21701099,0.21701099
1044.00000000,0.21520145,0.21520145
1045.00000000,0.21336617,0.21336617
1046.00000000,0.21150693,0.21150693
1047.00000000,0.20962554,0.20962554
1048.00000000,0.20772383,0.20772383
1049.00000000,0.20580365,0.20580365
1050.00000000,0.20386686,0.20386686
1051.00000000,0.20191536,0.20191536
1052.00000000,0.19995104,0.19995104
1053.00000000,0.19797581,0.19797581
1054.00000000,0.19599159,0.19599159
1055.00000000,0.19400031,0.19400031
1056.00000000,0.19200391,0.19200391
1057.00000000,0.19000432,0.19000432
1058.00000000,0.18800351,0.18800351
1059.00000000,0.18600341,0.18600341
1060.00000000,0.18400596,0.18400596
1061.00000000,0.18201311,0.18201311
1062.00000000,0.18002680,0.18002680
1063.00000000,0.17804896,0.17804896
1064.00000000,0.17608152,0.17608152
1065.00000000,0.17412638,0.17412638
1066.00000000,0.17218545,0.17218545
1067.00000000,0.17026062,0.17026062
1068.00000000,0.16835376,0.16835376
1069.00000000,0.16646672,0.16646672
1070.00000000,0.16460134,0.16460134
1071.00000000,0.16275944,0.16275944
1072.00000000,0.16094280,0.16094280
1073.00000000,0.15915320,0.15915320
1074.00000000,0.15739237,0.15739237
1075.00000000,0.15566202,0.15566202
1076.00000000,0.15396385,0.15396385
1077.00000000,0.15229949,0.15229949
1078.00000000,0.15067058,0.15067058
1079.00000000,0.14907869,0.14907869
1080.00000000,0.14752537,0.14752537
1081.00000000,0.14601214,0.14601214
1082.00000000,0.14454046,0.14454046
1083.00000000,0.14311177,0.14311177
1084.00000000,0.14172746,0.14172746
1085.00000000,0.14038887,0.14038887
1086.00000000,0.13909730,0.13909730
1087.00000000,0.13785402,0.13785402
1088.00000000,0.13666023,0.13666023
1089.00000000,0.13551709,0.13551709
1090.00000000,0.13442571,0.13442571
1091.00000000,0.13338716,0.13338716
1092.00000000,0.13240245,0.13240245
1093.00000000,0.13147253,0.13147253
1094.00000000,0.13059830,0.13059830
1095.00000000,0.12978063,0.12978063
1096.00000000,0.12902030,0.12902030
1097.00000000,0.12831805,0.12831805
1098.00000000,0.12767457,0.12767457
1099.00000000,0.12709048,0.12709048
1100.00000000,0.12656635,0.12656635
1101.00000000,0.12610270,0.12610270
1102.00000000,0.12569996,0.12569996
1103.00000000,0.12535854,0.12535854
1104.00000000,0.12507876,0.12507876
1105.00000000,0.12486090,0.12486090
1106.00000000,0.12470517,0.12470517
1107.00000000,0.12461171,0.12461171
1108.00000000,0.12458064,0.12458064
1109.00000000,0.12461196,0.12461196
1110.00000000,0.12470565,0.12470565
1111.00000000,0.12486162,0.12486162
1112.00000000,0.12507973,0.12507973
1113.00000000,0.12535974,0.12535974
1114.00000000,0.12570141,0.12570141
1115.00000000,0.12610438,0.12610438
1116.00000000,0.12656827,0.12656827
1117.00000000,0.12709264,0.12709264
1118.00000000,0.12767696,0.12767696
1119.00000000,0.12832067,0.12832067
1120.00000000,0.12902314,0.12902314
1121.00000000,0.12978370,0.12978370
1122.00000000,0.13060159,0.13060159
1123.00000000,0.13147603,0.13147603
1124.00000000,0.13240617,0.13240617
1125.00000000,0.13339109,0.13339109
1126.00000000,0.13442985,0.13442985
1127.00000000,0.13552143,0.13552143
1128.00000000,0.13666477,0.13666477
1129.00000000,0.13785875,0.13785875
1130.00000000,0.13910223,0.13910223
1131.00000000,0.14039398,0.14039398
1132.00000000,0.14173275,0.14173275
1133.00000000,0.14311724,0.14311724
1134.00000000,0.14454610,0.14454610
1135.00000000,0.14601794,0.14601794
1136.00000000,0.14753133,0.14753133
1137.00000000,0.14908480,0.14908480
1138.00000000,0.15067683,0.15067683
1139.00000000,0.15230589,0.15230589
1140.00000000,0.15397038,0.15397038
1141.00000000,0.15566868,0.15566868
1142.00000000,0.15739915,0.15739915
1143.00000000,0.15916009,0.15916009
1144.00000000,0.16094981,0.16094981
1145.00000000,0.16276655,0.16276655
1146.00000000,0.16460854,0.16460854
1147.00000000,0.16647401,0.16647401
1148.00000000,0.16836113,0.16836113
1149.00000000,0.17026806,0.17026806
1150.00000000,0.17219296,0.17219296
1151.00000000,0.17413395,0.17413395
1152.00000000,0.17608914,0.17608914
1153.00000000,0.17805663,0.17805663
1154.00000000,0.18003450,0.18003450
1155.00000000,0.18202084,0.18202084
1156.00000000,0.18401371,0.18401371
1157.00000000,0.18601117,0.18601117
1158.00000000,0.18801128,0.18801128
1159.00000000,0.19001210,0.19001210
1160.00000000,0.19201167,0.19201167
1161.00000000,0.19400805,0.19400805
1162.00000000,0.19599931,0.19599931
1163.00000000,0.19798350,0.19798350
1164.00000000,0.19995869,0.19995869
1165.00000000,0.20192297,0.20192297
1166.00000000,0.20387442,0.20387442
1167.00000000,0.20581114,0.20581114
1168.00000000,0.20773125,0.20773125
1169.00000000,0.20963289,0.20963289
1170.00000000,0.21151419,0.21151419
1171.00000000,0.21337334,0.21337334
1172.00000000,0.21520853,0.21520853
1173.00000000,0.21701796,0.21701796
1174.00000000,0.21879989,0.21879989
1175.00000000,0.22055257,0.22055257
1176.00000000,0.22227430,0.22227430
1177.00000000,0.22396341,0.22396341
1178.00000000,0.22561825,0.22561825
1179.00000000,0.22723721,0.22723721
1180.00000000,0.22881873,0.22881873
1181.00000000,0.23036125,0.23036125
1182.00000000,0.23186329,0.23186329
1183.00000000,0.23332338,0.23332338
1184.00000000,0.23474009,0.23474009
1185.00000000,0.23611206,0.23611206
1186.00000000,0.23743794,0.23743794
1187.00000000,0.23871645,0.23871645
1188.00000000,0.23994635,0.23994635
1189.00000000,0.24112643,0.24112643
1190.00000000,0.24225555,0.24225555
1191.00000000,0.24333261,0.24333261
1192.00000000,0.24435657,0.24435657
1193.00000000,0.24532642,0.24532642
1194.00000000,0.24624123,0.24624123
1195.00000000,0.24710011,0.24710011
1196.00000000,0.24790221,0.24790221
1197.00000000,0.24864676,0.24864676
1198.00000000,0.24933303,0.24933303
1199.00000000,0.24996036,0.24996036
1200.00000000,0.25052814,0.25052814
1201.00000000,0.25103582,0.25103582
1202.00000000,0.25148289,0.25148289
1203.00000000,0.25186893,0.25186893
1204.00000000,0.25219356,0.25219356
1205.00000000,0.25245647,0.25245647
1206.00000000,0.25265739,0.25265739
1207.00000000,0.25279614,0.25279614
1208.00000000,0.25287257,0.25287257
1209.00000000,0.25288663,0.25288663
1210.00000000,0.25283828,0.25283828
1211.00000000,0.25272757,0.25272757
1212.00000000,0.25255463,0.25255463
1213.00000000,0.25231961,0.25231961
1214.00000000,0.25202274,0.25202274
1215.00000000,0.25166431,0.25166431
1216.00000000,0.25124466,0.25124466
1217.00000000,0.25076422,0.25076422
1218.00000000,0.25022344,0.25022344
1219.00000000,0.24962286,0.24962286
1220.00000000,0.24896305,0.24896305
1221.00000000,0.24824465,0.24824465
1222.00000000,0.24746837,0.24746837
1223.00000000,0.24663496,0.24663496
1224.00000000,0.24574524,0.24574524
1225.00000000,0.24480006,0.24480006
1226.00000000,0.24380034,0.24380034
1227.00000000,0.24274707,0.24274707
1228.00000000,0.24164126,0.24164126
1229.00000000,0.24048398,0.24048398
1230.00000000,0.23927637,0.23927637
1231.00000000,0.23801960,0.23801960
1232.00000000,0.23671490,0.23671490
1233.00000000,0.23536352,0.23536352
1234.00000000,0.23396678,0.23396678
1235.00000000,0.23252606,0.23252606
1236.00000000,0.23104273,0.23104273
1237.00000000,0.22951825,0.22951825
1238.00000000,0.22795411,0.22795411
1239.00000000,0.22635181,0.22635181
1240.00000000,0.22471293,0.22471293
1241.00000000,0.22303905,0.22303905
1242.00000000,0.22133181,0.22133181
1243.00000000,0.21959285,0.21959285
1244.00000000,0.21782388,0.21782388
1245.00000000,0.21602662,0.21602662
1246.00000000,0.21420281,0.21420281
1247.00000000,0.21235423,0.21235423
1248.00000000,0.21048268,0.21048268
1249.00000000,0.20858997,0.20858997
1250.00000000,0.20667795,0.20667795
1251.00000000,0.20474847,0.20474847
1252.00000000,0.20280342,0.20280342
1253.00000000,0.20084469,0.20084469
1254.00000000,0.19887417,0.19887417
1255.00000000,0.19689379,0.19689379
1256.00000000,0.19490548,0.19490548
1257.00000000,0.19291117,0.19291117
1258.00000000,0.19091279,0.19091279
1259.00000000,0.18891229,0.18891229
1260.00000000,0.18691162,0.18691162
1261.00000000,0.18491273,0.18491273
1262.00000000,0.18291755,0.18291755
1263.00000000,0.18092803,0.18092803
1264.00000000,0.17894611,0.17894611
1265.00000000,0.17697370,0.17697370
1266.00000000,0.17501274,0.17501274
1267.00000000,0.17306512,0.17306512
1268.00000000,0.17113275,0.17113275
1269.00000000,0.16921749,0.16921749
1270.00000000,0.16732122,0.16732122
1271.00000000,0.16544578,0.16544578
1272.00000000,0.16359299,0.16359299
1273.00000000,0.16176466,0.16176466
1274.00000000,0.15996256,0.15996256
1275.00000000,0.15818844,0.15818844
1276.00000000,0.15644404,0.15644404
1277.00000000,0.15473105,0.15473105
1278.00000000,0.15305113,0.15305113
1279.00000000,0.15140592,0.15140592
1280.00000000,0.14979702,0.14979702
1281.00000000,0.14822600,0.14822600
1282.00000000,0.14669437,0.14669437
1283.00000000,0.14520364,0.14520364
1284.00000000,0.14375525,0.14375525
1285.00000000,0.14235061,0.14235061
1286.00000000,0.14099109,0.14099109
1287.00000000,0.13967801,0.13967801
1288.00000000,0.13841265,0.13841265
1289.00000000,0.13719623,0.13719623
1290.00000000,0.13602994,0.13602994
1291.00000000,0.13491492,0.13491492
1292.00000000,0.13385225,0.13385225
1293.00000000,0.13284296,0.13284296
1294.00000000,0.13188804,0.13188804
1295.00000000,0.13098841,0.13098841
1296.00000000,0.13014495,0.13014495
1297.00000000,0.12935848,0.12935848
1298.00000000,0.12862976,0.12862976
1299.00000000,0.12795951,0.12795951
1300.00000000,0.12734837,0.12734837
1301.00000000,0.12679694,0.12679694
1302.00000000,0.12630576,0.12630576
1303.00000000,0.12587530,0.12587530
1304.00000000,0.12550599,0.12550599
1305.00000000,0.12519817,0.12519817
1306.00000000,0.12495216,0.12495216
1307.00000000,0.12476819,0.12476819
1308.00000000,0.12464643,0.12464643
1309.00000000,0.12458702,0.12458702
1310.00000000,0.12459000,0.12459000
1311.00000000,0.12465537,0.12465537
1312.00000000,0.12478307,0.12478307
1313.00000000,0.12497298,0.12497298
1314.00000000,0.12522490,0.12522490
1315.00000000,0.12553861,0.12553861
1316.00000000,0.12591378,0.12591378
1317.00000000,0.12635005,0.12635005
1318.00000000,0.12684701,0.12684701
1319.00000000,0.12740417,0.12740417
1320.00000000,0.12802098,0.12802098
1321.00000000,0.12869684,0.12869684
1322.00000000,0.12943110,0.12943110
1323.00000000,0.13022305,0.13022305
1324.00000000,0.13107191,0.13107191
1325.00000000,0.13197686,0.13197686
1326.00000000,0.13293702,0.13293702
1327.00000000,0.13395145,0.13395145
1328.00000000,0.13501916,0.13501916
1329.00000000,0.13613913,0.13613913
1330.00000000,0.13731025,0.13731025
1331.00000000,0.13853139,0.13853139
1332.00000000,0.13980137,0.13980137
1333.00000000,0.14111894,0.14111894
1334.00000000,0.14248283,0.14248283
1335.00000000,0.14389171,0.14389171
1336.00000000,0.14534420,0.14534420
1337.00000000,0.14683890,0.14683890
1338.00000000,0.14837435,0.14837435
1339.00000000,0.14994906,0.14994906
1340.00000000,0.15156150,0.15156150
1341.00000000,0.15321009,0.15321009
1342.00000000,0.15489324,0.15489324
1343.00000000,0.15660930,0.15660930
1344.00000000,0.15835662,0.15835662
1345.00000000,0.16013348,0.16013348
1346.00000000,0.16193816,0.16193816
1347.00000000,0.16376891,0.16376891
1348.00000000,0.16562394,0.16562394
1349.00000000,0.16750145,0.16750145
1350.00000000,0.16939961,0.16939961
1351.00000000,0.17131658,0.17131658
1352.00000000,0.17325049,0.17325049
1353.00000000,0.17519947,0.17519947
1354.00000000,0.17716160,0.17716160
1355.00000000,0.17913500,0.17913500
1356.00000000,0.18111774,0.18111774
1357.00000000,0.18310788,0.18310788
1358.00000000,0.18510349,0.18510349
1359.00000000,0.18710264,0.18710264
1360.00000000,0.18910338,0.18910338
1361.00000000,0.19110376,0.19110376
1362.00000000,0.19310183,0.19310183
1363.00000000,0.19509566,0.19509566
1364.00000000,0.19708329,0.19708329
1365.00000000,0.19906281,0.19906281
1366.00000000,0.20103228,0.20103228
1367.00000000,0.20298980,0.20298980
1368.00000000,0.20493344,0.20493344
1369.00000000,0.20686133,0.20686133
1370.00000000,0.20877159,0.20877159
1371.00000000,0.21066235,0.21066235
1372.00000000,0.21253179,0.21253179
1373.00000000,0.21437809,0.21437809
1374.00000000,0.21619944,0.21619944
1375.00000000,0.21799407,0.21799407
1376.00000000,0.21976025,0.21976025
1377.00000000,0.22149624,0.22149624
1378.00000000,0.22320037,0.22320037
1379.00000000,0.22487098,0.22487098
1380.00000000,0.22650644,0.22650644
1381.00000000,0.22810516,0.22810516
1382.00000000,0.22966558,0.22966558
1383.00000000,0.23118619,0.23118619
1384.00000000,0.23266551,0.23266551
1385.00000000,0.23410210,0.23410210
1386.00000000,0.23549455,0.23549455
1387.00000000,0.23684153,0.23684153
1388.00000000,0.23814172,0.23814172
1389.00000000,0.23939384,0.23939384
1390.00000000,0.24059670,0.24059670
1391.00000000,0.24174910,0.24174910
1392.00000000,0.24284994,0.24284994
1393.00000000,0.24389815,0.24389815
1394.00000000,0.24489269,0.24489269
1395.00000000,0.24583262,0.24583262
1396.00000000,0.24671700,0.24671700
1397.00000000,0.24754499,0.24754499
1398.00000000,0.24831577,0.24831577
1399.00000000,0.24902860,0.24902860
1400.00000000,0.24968278,0.24968278
1401.00000000,0.25027768,0.25027768
1402.00000000,0.25081272,0.25081272
1403.00000000,0.25128737,0.25128737
1404.00000000,0.25170119,0.25170119
1405.00000000,0.25205375,0.25205375
1406.00000000,0.25234473,0.25234473
1407.00000000,0.25257383,0.25257383
1408.00000000,0.25274084,0.25274084
1409.00000000,0.25284559,0.25284559
1410.00000000,0.25288798,0.25288798
1411.00000000,0.25286797,0.25286797
1412.00000000,0.25278558,0.25278558
1413.00000000,0.25264089,0.25264089
1414.00000000,0.25243403,0.25243403
1415.00000000,0.25216522,0.25216522
1416.00000000,0.25183471,0.25183471
1417.00000000,0.25144282,0.25144282
1418.00000000,0.25098994,0.25098994
1419.00000000,0.25047651,0.25047651
1420.00000000,0.24990302,0.24990302
1421.00000000,0.24927003,0.24927003
1422.00000000,0.24857816,0.24857816
1423.00000000,0.24782808,0.24782808
1424.00000000,0.24702052,0.24702052
1425.00000000,0.24615627,0.24615627
1426.00000000,0.24523617,0.24523617
1427.00000000,0.24426110,0.24426110
1428.00000000,0.24323203,0.24323203
1429.00000000,0.24214995,0.24214995
1430.00000000,0.24101592,0.24101592
1431.00000000,0.23983103,0.23983103
1432.00000000,0.23859644,0.23859644
1433.00000000,0.23731335,0.23731335
1434.00000000,0.23598300,0.23598300
1435.00000000,0.23460671,0.23460671
1436.00000000,0.23318579,0.23318579
1437.00000000,0.23172163,0.23172163
1438.00000000,0.23021567,0.23021567
1439.00000000,0.22866935,0.22866935
1440.00000000,0.22708419,0.22708419
1441.00000000,0.22546173,0.22546173
1442.00000000,0.22380355,0.22380355
1443.00000000,0.22211125,0.22211125
1444.00000000,0.22038649,0.22038649
1445.00000000,0.21863095,0.21863095
1446.00000000,0.21684632,0.21684632
1447.00000000,0.21503435,0.21503435
1448.00000000,0.21319680,0.21319680
1449.00000000,0.21133546,0.21133546
1450.00000000,0.20945213,0.20945213
1451.00000000,0.20754865,0.20754865
1452.00000000,0.20562687,0.20562687
1453.00000000,0.20368866,0.20368866
1454.00000000,0.20173590,0.20173590
1455.00000000,0.19977050,0.19977050
1456.00000000,0.19779437,0.19779437
1457.00000000,0.19580942,0.19580942
1458.00000000,0.19381759,0.19381759
1459.00000000,0.19182082,0.19182082
1460.00000000,0.18982104,0.18982104
1461.00000000,0.18782021,0.18782021
1462.00000000,0.18582027,0.18582027
1463.00000000,0.18382316,0.18382316
1464.00000000,0.18183083,0.18183083
1465.00000000,0.17984522,0.17984522
1466.00000000,0.17786825,0.17786825
1467.00000000,0.17590185,0.17590185
1468.00000000,0.17394794,0.17394794
1469.00000000,0.17200841,0.17200841
1470.00000000,0.17008514,0.17008514
1471.00000000,0.16818002,0.16818002
1472.00000000,0.16629489,0.16629489
1473.00000000,0.16443159,0.16443159
1474.00000000,0.16259193,0.16259193
1475.00000000,0.16077769,0.16077769
1476.00000000,0.15899065,0.15899065
1477.00000000,0.15723254,0.15723254
1478.00000000,0.15550508,0.15550508
1479.00000000,0.15380993,0.15380993
1480.00000000,0.15214876,0.15214876
1481.00000000,0.15052317,0.15052317
1482.00000000,0.14893475,0.14893475
1483.00000000,0.14738504,0.14738504
1484.00000000,0.14587556,0.14587556
1485.00000000,0.14440776,0.14440776
1486.00000000,0.14298308,0.14298308
1487.00000000,0.14160290,0.14160290
1488.00000000,0.14026856,0.14026856
1489.00000000,0.13898137,0.13898137
1490.00000000,0.13774257,0.13774257
1491.00000000,0.13655337,0.13655337
1492.00000000,0.13541493,0.13541493
1493.00000000,0.13432835,0.13432835
1494.00000000,0.13329469,0.13329469
1495.00000000,0.13231496,0.13231496
1496.00000000,0.13139010,0.13139010
1497.00000000,0.13052103,0.13052103
1498.00000000,0.12970857,0.12970857
1499.00000000,0.12895353,0.12895353
1500.00000000,0.12825664,0.12825664
1501.00000000,0.12761858,0.12761858
1502.00000000,0.12703996,0.12703996
1503.00000000,0.12652135,0.12652135
1504.00000000,0.12606326,0.12606326
1505.00000000,0.12566612,0.12566612
1506.00000000,0.12533034,0.12533034
1507.00000000,0.12505622,0.12505622
1508.00000000,0.12484404,0.12484404
1509.00000000,0.12469401,0.12469401
1510.00000000,0.12460627,0.12460627
1511.00000000,0.12458091,0.12458091
1512.00000000,0.12461795,0.12461795
1513.00000000,0.12471735,0.12471735
1514.00000000,0.12487902,0.12487902
1515.00000000,0.12510281,0.12510281
1516.00000000,0.12538849,0.12538849
1517.00000000,0.12573578,0.12573578
1518.00000000,0.12614435,0.12614435
1519.00000000,0.12661380,0.12661380
1520.00000000,0.12714368,0.12714368
1521.00000000,0.12773347,0.12773347
1522.00000000,0.12838259,0.12838259
1523.00000000,0.12909041,0.12909041
1524.00000000,0.12985625,0.12985625
1525.00000000,0.13067936,0.13067936
1526.00000000,0.13155894,0.13155894
1527.00000000,0.13249414,0.13249414
1528.00000000,0.13348403,0.13348403
1529.00000000,0.13452767,0.13452767
1530.00000000,0.13562404,0.13562404
1531.00000000,0.13677207,0.13677207
1532.00000000,0.13797063,0.13797063
1533.00000000,0.13921858,0.13921858
1534.00000000,0.14051469,0.14051469
1535.00000000,0.14185771,0.14185771
1536.00000000,0.14324632,0.14324632
1537.00000000,0.14467917,0.14467917
1538.00000000,0.14615488,0.14615488
1539.00000000,0.14767201,0.14767201
1540.00000000,0.14922907,0.14922907
1541.00000000,0.15082456,0.15082456
1542.00000000,0.15245693,0.15245693
1543.00000000,0.15412459,0.15412459
1544.00000000,0.15582591,0.15582591
1545.00000000,0.15755924,0.15755924
1546.00000000,0.15932289,0.15932289
1547.00000000,0.16111515,0.16111515
1548.00000000,0.16293428,0.16293428
1549.00000000,0.16477850,0.16477850
1550.00000000,0.16664602,0.16664602
1551.00000000,0.16853504,0.16853504
1552.00000000,0.17044369,0.17044369
1553.00000000,0.17237014,0.17237014
1554.00000000,0.17431251,0.17431251
1555.00000000,0.17626891,0.17626891
1556.00000000,0.17823743,0.17823743
1557.00000000,0.18021616,0.18021616
1558.00000000,0.18220318,0.18220318
1559.00000000,0.18419655,0.18419655
1560.00000000,0.18619433,0.18619433
1561.00000000,0.18819459,0.18819459
1562.00000000,0.19019537,0.19019537
1563.00000000,0.19219473,0.19219473
1564.00000000,0.19419073,0.19419073
1565.00000000,0.19618142,0.19618142
1566.00000000,0.19816486,0.19816486
1567.00000000,0.20013913,0.20013913
1568.00000000,0.20210231,0.20210231
1569.00000000,0.20405249,0.20405249
1570.00000000,0.20598777,0.20598777
1571.00000000,0.20790627,0.20790627
1572.00000000,0.20980612,0.20980612
1573.00000000,0.21168547,0.21168547
1574.00000000,0.21354250,0.21354250
1575.00000000,0.21537540,0.21537540
1576.00000000,0.21718239,0.21718239
1577.00000000,0.21896170,0.21896170
1578.00000000,0.22071162,0.22071162
1579.00000000,0.22243043,0.22243043
1580.00000000,0.22411646,0.22411646
1581.00000000,0.22576809,0.22576809
1582.00000000,0.22738369,0.22738369
1583.00000000,0.22896169,0.22896169
1584.00000000,0.23050057,0.23050057
1585.00000000,0.23199882,0.23199882
1586.00000000,0.23345500,0.23345500
1587.00000000,0.23486767,0.23486767
1588.00000000,0.23623547,0.23623547
1589.00000000,0.23755706,0.23755706
1590.00000000,0.23883117,0.23883117
1591.00000000,0.24005655,0.24005655
1592.00000000,0.24123201,0.24123201
1593.00000000,0.24235641,0.24235641
1594.00000000,0.24342865,0.24342865
1595.00000000,0.24444769,0.24444769
1596.00000000,0.24541254,0.24541254
1597.00000000,0.24632226,0.24632226
1598.00000000,0.24717597,0.24717597
1599.00000000,0.24797283,0.24797283
1600.00000000,0.24871207,0.24871207
1601.00000000,0.24939297,0.24939297
1602.00000000,0.25001487,0.25001487
1603.00000000,0.25057716,0.25057716
1604.00000000,0.25107930,0.25107930
1605.00000000,0.25152080,0.25152080
1606.00000000,0.25190123,0.25190123
1607.00000000,0.25222022,0.25222022
1608.00000000,0.25247746,0.25247746
1609.00000000,0.25267269,0.25267269
1610.00000000,0.25280574,0.25280574
1611.00000000,0.25287646,0.25287646
1612.00000000,0.25288479,0.25288479
1613.00000000,0.25283073,0.25283073
1614.00000000,0.25271432,0.25271432
1615.00000000,0.25253568,0.25253568
1616.00000000,0.25229498,0.25229498
1617.00000000,0.25199245,0.25199245
1618.00000000,0.25162840,0.25162840
1619.00000000,0.25120317,0.25120317
1620.00000000,0.25071718,0.25071718
1621.00000000,0.25017090,0.25017090
1622.00000000,0.24956486,0.24956486
1623.00000000,0.24889966,0.24889966
1624.00000000,0.24817593,0.24817593
1625.00000000,0.24739438,0.24739438
1626.00000000,0.24655578,0.24655578
1627.00000000,0.24566094,0.24566094
1628.00000000,0.24471072,0.24471072
1629.00000000,0.24370606,0.24370606
1630.00000000,0.24264793,0.24264793
1631.00000000,0.24153736,0.24153736
1632.00000000,0.24037542,0.24037542
1633.00000000,0.23916326,0.23916326
1634.00000000,0.23790205,0.23790205
1635.00000000,0.23659301,0.23659301
1636.00000000,0.23523742,0.23523742
1637.00000000,0.23383660,0.23383660
1638.00000000,0.23239191,0.23239191
1639.00000000,0.23090476,0.23090476
1640.00000000,0.22937658,0.22937658
1641.00000000,0.22780888,0.22780888
1642.00000000,0.22620317,0.22620317
1643.00000000,0.22456101,0.22456101
1644.00000000,0.22288401,0.22288401
1645.00000000,0.22117378,0.22117378
1646.00000000,0.21943201,0.21943201
1647.00000000,0.21766038,0.21766038
1648.00000000,0.21586061,0.21586061
1649.00000000,0.21403446,0.21403446
1650.00000000,0.21218370,0.21218370
1651.00000000,0.21031013,0.21031013
1652.00000000,0.20841557,0.20841557
1653.00000000,0.20650188,0.20650188
1654.00000000,0.20457089,0.20457089
1655.00000000,0.20262451,0.20262451
1656.00000000,0.20066462,0.20066462
1657.00000000,0.19869312,0.19869312
1658.00000000,0.19671194,0.19671194
1659.00000000,0.19472299,0.19472299
1660.00000000,0.19272822,0.19272822
1661.00000000,0.19072957,0.19072957
1662.00000000,0.18872898,0.18872898
1663.00000000,0.18672839,0.18672839
1664.00000000,0.18472976,0.18472976
1665.00000000,0.18273502,0.18273502
1666.00000000,0.18074611,0.18074611
1667.00000000,0.17876498,0.17876498
1668.00000000,0.17679354,0.17679354
1669.00000000,0.17483372,0.17483372
1670.00000000,0.17288742,0.17288742
1671.00000000,0.17095654,0.17095654
1672.00000000,0.16904295,0.16904295
1673.00000000,0.16714851,0.16714851
1674.00000000,0.16527507,0.16527507
1675.00000000,0.16342444,0.16342444
1676.00000000,0.16159844,0.16159844
1677.00000000,0.15979883,0.15979883
1678.00000000,0.15802737,0.15802737
1679.00000000,0.15628577,0.15628577
1680.00000000,0.15457574,0.15457574
1681.00000000,0.15289894,0.15289894
1682.00000000,0.15125699,0.15125699
1683.00000000,0.14965149,0.14965149
1684.00000000,0.14808401,0.14808401
1685.00000000,0.14655608,0.14655608
1686.00000000,0.14506916,0.14506916
1687.00000000,0.14362472,0.14362472
1688.00000000,0.14222416,0.14222416
1689.00000000,0.14086884,0.14086884
1690.00000000,0.13956008,0.13956008
1691.00000000,0.13829915,0.13829915
1692.00000000,0.13708728,0.13708728
1693.00000000,0.13592564,0.13592564
1694.00000000,0.13481537,0.13481537
1695.00000000,0.13375755,0.13375755
1696.00000000,0.13275320,0.13275320
1697.00000000,0.13180330,0.13180330
1698.00000000,0.13090878,0.13090878
1699.00000000,0.13007051,0.13007051
1700.00000000,0.12928930,0.12928930
1701.00000000,0.12856591,0.12856591
1702.00000000,0.12790105,0.12790105
1703.00000000,0.12729536,0.12729536
1704.00000000,0.12674943,0.12674943
1705.00000000,0.12626379,0.12626379
1706.00000000,0.12583892,0.12583892
1707.00000000,0.12547522,0.12547522
1708.00000000,0.12517306,0.12517306
1709.00000000,0.12493272,0.12493272
1710.00000000,0.12475444,0.12475444
1711.00000000,0.12463839,0.12463839
1712.00000000,0.12458469,0.12458469
1713.00000000,0.12459339,0.12459339
1714.00000000,0.12466448,0.12466448
1715.00000000,0.12479788,0.12479788
1716.00000000,0.12499348,0.12499348
1717.00000000,0.12525108,0.12525108
1718.00000000,0.12557042,0.12557042
1719.00000000,0.12595121,0.12595121
1720.00000000,0.12639306,0.12639306
1721.00000000,0.12689556,0.12689556
1722.00000000,0.12745820,0.12745820
1723.00000000,0.12808045,0.12808045
1724.00000000,0.12876169,0.12876169
1725.00000000,0.12950127,0.12950127
1726.00000000,0.13029846,0.13029846
1727.00000000,0.13115250,0.13115250
1728.00000000,0.13206254,0.13206254
1729.00000000,0.13302771,0.13302771
1730.00000000,0.13404706,0.13404706
1731.00000000,0.13511961,0.13511961
1732.00000000,0.13624431,0.13624431
1733.00000000,0.13742006,0.13742006
1734.00000000,0.13864573,0.13864573
1735.00000000,0.13992012,0.13992012
1736.00000000,0.14124199,0.14124199
1737.00000000,0.14261005,0.14261005
1738.00000000,0.14402298,0.14402298
1739.00000000,0.14547940,0.14547940
1740.00000000,0.14697790,0.14697790
1741.00000000,0.14851701,0.14851701
1742.00000000,0.15009524,0.15009524
1743.00000000,0.15171105,0.15171105
1744.00000000,0.15336288,0.15336288
1745.00000000,0.15504911,0.15504911
1746.00000000,0.15676811,0.15676811
1747.00000000,0.15851820,0.15851820
1748.00000000,0.16029768,0.16029768
1749.00000000,0.16210483,0.16210483
1750.00000000,0.16393787,0.16393787
1751.00000000,0.16579504,0.16579504
1752.00000000,0.16767452,0.16767452
1753.00000000,0.16957448,0.16957448
1754.00000000,0.17149308,0.17149308
1755.00000000,0.17342845,0.17342845
1756.00000000,0.17537871,0.17537871
1757.00000000,0.17734196,0.17734196
1758.00000000,0.17931629,0.17931629
1759.00000000,0.18129978,0.18129978
1760.00000000,0.18329051,0.18329051
1761.00000000,0.18528653,0.18528653
1762.00000000,0.18728591,0.18728591
1763.00000000,0.18928669,0.18928669
1764.00000000,0.19128694,0.19128694
1765.00000000,0.19328470,0.19328470
1766.00000000,0.19527804,0.19527804
1767.00000000,0.19726502,0.19726502
1768.00000000,0.19924369,0.19924369
1769.00000000,0.20121215,0.20121215
1770.00000000,0.20316847,0.20316847
1771.00000000,0.20511075,0.20511075
1772.00000000,0.20703710,0.20703710
1773.00000000,0.20894565,0.20894565
1774.00000000,0.21083454,0.21083454
1775.00000000,0.21270193,0.21270193
1776.00000000,0.21454602,0.21454602
1777.00000000,0.21636499,0.21636499
1778.00000000,0.21815709,0.21815709
1779.00000000,0.21992057,0.21992057
1780.00000000,0.22165372,0.22165372
1781.00000000,0.22335485,0.22335485
1782.00000000,0.22502230,0.22502230
1783.00000000,0.22665446,0.22665446
1784.00000000,0.22824973,0.22824973
1785.00000000,0.22980657,0.22980657
1786.00000000,0.23132346,0.23132346
1787.00000000,0.23279892,0.23279892
1788.00000000,0.23423152,0.23423152
1789.00000000,0.23561987,0.23561987
1790.00000000,0.23696262,0.23696262
1791.00000000,0.23825845,0.23825845
1792.00000000,0.23950611,0.23950611
1793.00000000,0.24070439,0.24070439
1794.00000000,0.24185212,0.24185212
1795.00000000,0.24294818,0.24294818
1796.00000000,0.24399151,0.24399151
1797.00000000,0.24498109,0.24498109
1798.00000000,0.24591596,0.24591596
1799.00000000,0.24679522,0.24679522
1800.00000000,0.24761799,0.24761799
1801.00000000,0.24838350,0.24838350
1802.00000000,0.24909098,0.24909098
1803.00000000,0.24973976,0.24973976
1804.00000000,0.25032920,0.25032920
1805.00000000,0.25085872,0.25085872
1806.00000000,0.25132782,0.25132782
1807.00000000,0.25173604,0.25173604
1808.00000000,0.25208298,0.25208298
1809.00000000,0.25236829,0.25236829
1810.00000000,0.25259172,0.25259172
1811.00000000,0.25275303,0.25275303
1812.00000000,0.25285207,0.25285207
1813.00000000,0.25288874,0.25288874
1814.00000000,0.25286302,0.25286302
1815.00000000,0.25277491,0.25277491
1816.00000000,0.25262452,0.25262452
1817.00000000,0.25241198,0.25241198
1818.00000000,0.25213750,0.25213750
1819.00000000,0.25180136,0.25180136
1820.00000000,0.25140387,0.25140387
1821.00000000,0.25094542,0.25094542
1822.00000000,0.25042646,0.25042646
1823.00000000,0.24984749,0.24984749
1824.00000000,0.24920908,0.24920908
1825.00000000,0.24851185,0.24851185
1826.00000000,0.24775648,0.24775648
1827.00000000,0.24694369,0.24694369
1828.00000000,0.24607429,0.24607429
1829.00000000,0.24514911,0.24514911
1830.00000000,0.24416906,0.24416906
1831.00000000,0.24313509,0.24313509
1832.00000000,0.24204820,0.24204820
1833.00000000,0.24090946,0.24090946
1834.00000000,0.23971997,0.23971997
1835.00000000,0.23848088,0.23848088
1836.00000000,0.23719341,0.23719341
1837.00000000,0.23585881,0.23585881
1838.00000000,0.23447836,0.23447836
1839.00000000,0.23305343,0.23305343
1840.00000000,0.23158538,0.23158538
1841.00000000,0.23007566,0.23007566
1842.00000000,0.22852572,0.22852572
1843.00000000,0.22693708,0.22693708
1844.00000000,0.22531128,0.22531128
1845.00000000,0.22364990,0.22364990
1846.00000000,0.22195457,0.22195457
1847.00000000,0.22022691,0.22022691
1848.00000000,0.21846863,0.21846863
1849.00000000,0.21668143,0.21668143
1850.00000000,0.21486704,0.21486704
1851.00000000,0.21302724,0.21302724
1852.00000000,0.21116380,0.21116380
1853.00000000,0.20927855,0.20927855
1854.00000000,0.20737332,0.20737332
1855.00000000,0.20544995,0.20544995
1856.00000000,0.20351033,0.20351033
1857.00000000,0.20155634,0.20155634
1858.00000000,0.19958987,0.19958987
1859.00000000,0.19761285,0.19761285
1860.00000000,0.19562719,0.19562719
1861.00000000,0.19363483,0.19363483
1862.00000000,0.19163770,0.19163770
1863.00000000,0.18963775,0.18963775
1864.00000000,0.18763692,0.18763692
1865.00000000,0.18563715,0.18563715
1866.00000000,0.18364040,0.18364040
1867.00000000,0.18164861,0.18164861
1868.00000000,0.17966371,0.17966371
1869.00000000,0.17768763,0.17768763
1870.00000000,0.17572230,0.17572230
1871.00000000,0.17376962,0.17376962
1872.00000000,0.17183150,0.17183150
1873.00000000,0.16990982,0.16990982
1874.00000000,0.16800645,0.16800645
1875.00000000,0.16612325,0.16612325
1876.00000000,0.16426204,0.16426204
1877.00000000,0.16242463,0.16242463
1878.00000000,0.16061282,0.16061282
1879.00000000,0.15882835,0.15882835
1880.00000000,0.15707298,0.15707298
1881.00000000,0.15534841,0.15534841
1882.00000000,0.15365630,0.15365630
1883.00000000,0.15199832,0.15199832
1884.00000000,0.15037608,0.15037608
1885.00000000,0.14879114,0.14879114
1886.00000000,0.14724506,0.14724506
1887.00000000,0.14573933,0.14573933
1888.00000000,0.14427542,0.14427542
1889.00000000,0.14285476,0.14285476
1890.00000000,0.14147873,0.14147873
1891.00000000,0.14014866,0.14014866
1892.00000000,0.13886585,0.13886585
1893.00000000,0.13763154,0.13763154
1894.00000000,0.13644695,0.13644695
1895.00000000,0.13531321,0.13531321
1896.00000000,0.13423143,0.13423143
1897.00000000,0.13320267,0.13320267
1898.00000000,0.13222793,0.13222793
1899.00000000,0.13130815,0.13130815
1900.00000000,0.13044422,0.13044422
1901.00000000,0.12963700,0.12963700
1902.00000000,0.12888726,0.12888726
1903.00000000,0.12819573,0.12819573
1904.00000000,0.12756309,0.12756309
1905.00000000,0.12698994,0.12698994
1906.00000000,0.12647686,0.12647686
1907.00000000,0.12602433,0.12602433
1908.00000000,0.12563280,0.12563280
1909.00000000,0.12530265,0.12530265
1910.00000000,0.12503420,0.12503420
1911.00000000,0.12482771,0.12482771
1912.00000000,0.12468338,0.12468338
1913.00000000,0.12460135,0.12460135
1914.00000000,0.12458170,0.12458170
1915.00000000,0.12462446,0.12462446
1916.00000000,0.12472957,0.12472957
1917.00000000,0.12489694,0.12489694
1918.00000000,0.12512641,0.12512641
1919.00000000,0.12541774,0.12541774
1920.00000000,0.12577067,0.12577067
1921.00000000,0.12618483,0.12618483
1922.00000000,0.12665984,0.12665984
1923.00000000,0.12719523,0.12719523
1924.00000000,0.12779048,0.12779048
1925.00000000,0.12844500,0.12844500
1926.00000000,0.12915817,0.12915817
1927.00000000,0.12992929,0.12992929
1928.00000000,0.13075761,0.13075761
1929.00000000,0.13164232,0.13164232
1930.00000000,0.13258256,0.13258256
1931.00000000,0.13357743,0.13357743
1932.00000000,0.13462594,0.13462594
1933.00000000,0.13572708,0.13572708
1934.00000000,0.13687979,0.13687979
1935.00000000,0.13808293,0.13808293
1936.00000000,0.13933534,0.13933534
1937.00000000,0.14063580,0.14063580
1938.00000000,0.14198305,0.14198305
1939.00000000,0.14337577,0.14337577
1940.00000000,0.14481261,0.14481261
1941.00000000,0.14629217,0.14629217
1942.00000000,0.14781302,0.14781302
1943.00000000,0.14937367,0.14937367
1944.00000000,0.15097260,0.15097260
1945.00000000,0.15260827,0.15260827
1946.00000000,0.15427908,0.15427908
1947.00000000,0.15598340,0.15598340
1948.00000000,0.15771958,0.15771958
1949.00000000,0.15948592,0.15948592
1950.00000000,0.16128072,0.16128072
1951.00000000,0.16310222,0.16310222
1952.00000000,0.16494865,0.16494865
1953.00000000,0.16681822,0.16681822
1954.00000000,0.16870911,0.16870911
1955.00000000,0.17061947,0.17061947
1956.00000000,0.17254746,0.17254746
1957.00000000,0.17449119,0.17449119
1958.00000000,0.17644878,0.17644878
1959.00000000,0.17841831,0.17841831
1960.00000000,0.18039788,0.18039788
1961.00000000,0.18238556,0.18238556
1962.00000000,0.18437942,0.18437942
1963.00000000,0.18637751,0.18637751
1964.00000000,0.18837790,0.18837790
1965.00000000,0.19037863,0.19037863
1966.00000000,0.19237776,0.19237776
1967.00000000,0.19437335,0.19437335
1968.00000000,0.19636346,0.19636346
1969.00000000,0.19834615,0.19834615
1970.00000000,0.20031948,0.20031948
1971.00000000,0.20228155,0.20228155
1972.00000000,0.20423044,0.20423044
1973.00000000,0.20616426,0.20616426
1974.00000000,0.20808113,0.20808113
1975.00000000,0.20997917,0.20997917
1976.00000000,0.21185656,0.21185656
1977.00000000,0.21371145,0.21371145
1978.00000000,0.21554205,0.21554205
1979.00000000,0.21734658,0.21734658
1980.00000000,0.21912327,0.21912327
1981.00000000,0.22087041,0.22087041
1982.00000000,0.22258628,0.22258628
1983.00000000,0.22426924,0.22426924
1984.00000000,0.22591762,0.22591762
1985.00000000,0.22752984,0.22752984
1986.00000000,0.22910433,0.22910433
1987.00000000,0.23063955,0.23063955
1988.00000000,0.23213400,0.23213400
1989.00000000,0.23358625,0.23358625
1990.00000000,0.23499487,0.23499487
1991.00000000,0.23635849,0.23635849
1992.00000000,0.23767579,0.23767579
1993.00000000,0.23894548,0.23894548
1994.00000000,0.24016634,0.24016634
1995.00000000,0.24133717,0.24133717
1996.00000000,0.24245683,0.24245683
1997.00000000,0.24352424,0.24352424
1998.00000000,0.24453836,0.24453836
1999.00000000,0.24549819,0.24549819
2000.00000000,0.24640282,0.24640282
2001.00000000,0.24732825,0.24732825
2002.00000000,0.24818503,0.24818503
2003.00000000,0.24897221,0.24897221
2004.00000000,0.24968894,0.24968894
2005.00000000,0.25033443,0.25033443
2006.00000000,0.25090800,0.25090800
2007.00000000,0.25140902,0.25140902
2008.00000000,0.25183699,0.25183699
2009.00000000,0.25219145,0.25219145
2010.00000000,0.25247206,0.25247206
2011.00000000,0.25267855,0.25267855
2012.00000000,0.25281073,0.25281073
2013.00000000,0.25286851,0.25286851
2014.00000000,0.25285187,0.25285187
2015.00000000,0.25276091,0.25276091
2016.00000000,0.25259578,0.25259578
2017.00000000,0.25235673,0.25235673
2018.00000000,0.25204410,0.25204410
2019.00000000,0.25165830,0.25165830
2020.00000000,0.25119985,0.25119985
2021.00000000,0.25066933,0.25066933
2022.00000000,0.25006741,0.25006741
2023.00000000,0.24939485,0.24939485
2024.00000000,0.24865248,0.24865248
2025.00000000,0.24784122,0.24784122
2026.00000000,0.24696208,0.24696208
2027.00000000,0.24601611,0.24601611
2028.00000000,0.24500447,0.24500447
2029.00000000,0.24392839,0.24392839
2030.00000000,0.24278917,0.24278917
2031.00000000,0.24158818,0.24158818
2032.00000000,0.24032687,0.24032687
2033.00000000,0.23900674,0.23900674
2034.00000000,0.23762937,0.23762937
2035.00000000,0.23619641,0.23619641
2036.00000000,0.23470957,0.23470957
2037.00000000,0.23317062,0.23317062
2038.00000000,0.23158138,0.23158138
2039.00000000,0.22994375,0.22994375
2040.00000000,0.22825965,0.22825965
2041.00000000,0.22653109,0.22653109
2042.00000000,0.22476010,0.22476010
2043.00000000,0.22294879,0.22294879
2044.00000000,0.22109928,0.22109928
2045.00000000,0.21921375,0.21921375
2046.00000000,0.21729443,0.21729443
2047.00000000,0.21534357,0.21534357
2048.00000000,0.21336346,0.21336346
2049.00000000,0.21135643,0.21135643
2050.00000000,0.20932483,0.20932483
2051.00000000,0.20727104,0.20727104
2052.00000000,0.20519748,0.20519748
2053.00000000,0.20310656,0.20310656
2054.00000000,0.20100073,0.20100073
2055.00000000,0.19888245,0.19888245
2056.00000000,0.19675420,0.19675420
2057.00000000,0.19461847,0.19461847
2058.00000000,0.19247773,0.19247773
2059.00000000,0.19033449,0.19033449
2060.00000000,0.18819124,0.18819124
2061.00000000,0.18605048,0.18605048
2062.00000000,0.18391469,0.18391469
2063.00000000,0.18178637,0.18178637
2064.00000000,0.17966799,0.17966799
2065.00000000,0.17756199,0.17756199
2066.00000000,0.17547084,0.17547084
2067.00000000,0.17339694,0.17339694
2068.00000000,0.17134272,0.17134272
2069.00000000,0.16931054,0.16931054
2070.00000000,0.16730276,0.16730276
2071.00000000,0.16532170,0.16532170
2072.00000000,0.16336966,0.16336966
2073.00000000,0.16144888,0.16144888
2074.00000000,0.15956159,0.15956159
2075.00000000,0.15770997,0.15770997
2076.00000000,0.15589614,0.15589614
2077.00000000,0.15412221,0.15412221
2078.00000000,0.15239020,0.15239020
2079.00000000,0.15070213,0.15070213
2080.00000000,0.14905992,0.14905992
2081.00000000,0.14746547,0.14746547
2082.00000000,0.14592060,0.14592060
2083.00000000,0.14442709,0.14442709
2084.00000000,0.14298665,0.14298665
2085.00000000,0.14160094,0.14160094
2086.00000000,0.14027152,0.14027152
2087.00000000,0.13899994,0.13899994
2088.00000000,0.13778763,0.13778763
2089.00000000,0.13663598,0.13663598
2090.00000000,0.13554630,0.13554630
2091.00000000,0.13451983,0.13451983
2092.00000000,0.13355774,0.13355774
2093.00000000,0.13266112,0.13266112
2094.00000000,0.13183098,0.13183098
2095.00000000,0.13106826,0.13106826
2096.00000000,0.13037381,0.13037381
2097.00000000,0.12974842,0.12974842
2098.00000000,0.12919279,0.12919279
2099.00000000,0.12870753,0.12870753
2100.00000000,0.12829319,0.12829319
2101.00000000,0.12795021,0.12795021
2102.00000000,0.12767896,0.12767896
2103.00000000,0.12747975,0.12747975
2104.00000000,0.12735277,0.12735277
2105.00000000,0.12729815,0.12729815
2106.00000000,0.12731592,0.12731592
2107.00000000,0.12740604,0.12740604
2108.00000000,0.12756838,0.12756838
2109.00000000,0.12780274,0.12780274
2110.00000000,0.12810881,0.12810881
2111.00000000,0.12848623,0.12848623
2112.00000000,0.12893453,0.12893453
2113.00000000,0.12945317,0.12945317
2114.00000000,0.13004154,0.13004154
2115.00000000,0.13069892,0.13069892
2116.00000000,0.13142455,0.13142455
2117.00000000,0.13221757,0.13221757
2118.00000000,0.13307703,0.13307703
2119.00000000,0.13400194,0.13400194
2120.00000000,0.13499119,0.13499119
2121.00000000,0.13604364,0.13604364
2122.00000000,0.13715805,0.13715805
2123.00000000,0.13833312,0.13833312
2124.00000000,0.13956749,0.13956749
2125.00000000,0.14085970,0.14085970
2126.00000000,0.14220825,0.14220825
2127.00000000,0.14361159,0.14361159
2128.00000000,0.14506807,0.14506807
2129.00000000,0.14657601,0.14657601
2130.00000000,0.14813365,0.14813365
2131.00000000,0.14973919,0.14973919
2132.00000000,0.15139078,0.15139078
2133.00000000,0.15308650,0.15308650
2134.00000000,0.15482438,0.15482438
2135.00000000,0.15660243,0.15660243
2136.00000000,0.15841859,0.15841859
2137.00000000,0.16027075,0.16027075
2138.00000000,0.16215679,0.16215679
2139.00000000,0.16407453,0.16407453
2140.00000000,0.16602176,0.16602176
2141.00000000,0.16799624,0.16799624
2142.00000000,0.16999570,0.16999570
2143.00000000,0.17201783,0.17201783
2144.00000000,0.17406031,0.17406031
2145.00000000,0.17612080,0.17612080
2146.00000000,0.17819693,0.17819693
2147.00000000,0.18028631,0.18028631
2148.00000000,0.18238655,0.18238655
2149.00000000,0.18449524,0.18449524
2150.00000000,0.18660997,0.18660997
2151.00000000,0.18872831,0.18872831
2152.00000000,0.19084784,0.19084784
2153.00000000,0.19296613,0.19296613
2154.00000000,0.19508076,0.19508076
2155.00000000,0.19718932,0.19718932
2156.00000000,0.19928940,0.19928940
2157.00000000,0.20137859,0.20137859
2158.00000000,0.20345453,0.20345453
2159.00000000,0.20551483,0.20551483
2160.00000000,0.20755715,0.20755715
2161.00000000,0.20957917,0.20957917
2162.00000000,0.21157859,0.21157859
2163.00000000,0.21355312,0.21355312
2164.00000000,0.21550054,0.21550054
2165.00000000,0.21741862,0.21741862
2166.00000000,0.21930519,0.21930519
2167.00000000,0.22115810,0.22115810
2168.00000000,0.22297527,0.22297527
2169.00000000,0.22475463,0.22475463
2170.00000000,0.22649416,0.22649416
2171.00000000,0.22819191,0.22819191
2172.00000000,0.22984595,0.22984595
2173.00000000,0.23145442,0.23145442
2174.00000000,0.23301551,0.23301551
2175.00000000,0.23452745,0.23452745
2176.00000000,0.23598855,0.23598855
2177.00000000,0.23739716,0.23739716
2178.00000000,0.23875172,0.23875172
2179.00000000,0.24005069,0.24005069
2180.00000000,0.24129262,0.24129262
2181.00000000,0.24247614,0.24247614
2182.00000000,0.24359992,0.24359992
2183.00000000,0.24466270,0.24466270
2184.00000000,0.24566332,0.24566332
2185.00000000,0.24660067,0.24660067
2186.00000000,0.24747370,0.24747370
2187.00000000,0.24828147,0.24828147
2188.00000000,0.24902308,0.24902308
2189.00000000,0.24969773,0.24969773
2190.00000000,0.25030469,0.25030469
2191.00000000,0.25084330,0.25084330
2192.00000000,0.25131300,0.25131300
2193.00000000,0.25171327,0.25171327
2194.00000000,0.25204372,0.25204372
2195.00000000,0.25230399,0.25230399
2196.00000000,0.25249385,0.25249385
2197.00000000,0.25261311,0.25261311
2198.00000000,0.25266169,0.25266169
2199.00000000,0.25263956,0.25263956
2200.00000000,0.25254680,0.25254680
2201.00000000,0.25238356,0.25238356
2202.00000000,0.25215007,0.25215007
2203.00000000,0.25184665,0.25184665
2204.00000000,0.25147367,0.25147367
2205.00000000,0.25103161,0.25103161
2206.00000000,0.25052102,0.25052102
2207.00000000,0.24994253,0.24994253
2208.00000000,0.24929685,0.24929685
2209.00000000,0.24858474,0.24858474
2210.00000000,0.24780707,0.24780707
2211.00000000,0.24696478,0.24696478
2212.00000000,0.24605886,0.24605886
2213.00000000,0.24509039,0.24509039
2214.00000000,0.24406052,0.24406052
2215.00000000,0.24297047,0.24297047
2216.00000000,0.24182152,0.24182152
2217.00000000,0.24061503,0.24061503
2218.00000000,0.23935241,0.23935241
2219.00000000,0.23803515,0.23803515
2220.00000000,0.23666479,0.23666479
2221.00000000,0.23524293,0.23524293
2222.00000000,0.23377123,0.23377123
2223.00000000,0.23225141,0.23225141
2224.00000000,0.23068524,0.23068524
2225.00000000,0.22907454,0.22907454
2226.00000000,0.22742119,0.22742119
2227.00000000,0.22572711,0.22572711
2228.00000000,0.22399426,0.22399426
2229.00000000,0.22222466,0.22222466
2230.00000000,0.22042035,0.22042035
2231.00000000,0.21858343,0.21858343
2232.00000000,0.21671603,0.21671603
2233.00000000,0.21482029,0.21482029
2234.00000000,0.21289841,0.21289841
2235.00000000,0.21095262,0.21095262
2236.00000000,0.20898516,0.20898516
2237.00000000,0.20699829,0.20699829
2238.00000000,0.20499431,0.20499431
2239.00000000,0.20297553,0.20297553
2240.00000000,0.20094427,0.20094427
2241.00000000,0.19890287,0.19890287
2242.00000000,0.19685368,0.19685368
2243.00000000,0.19479905,0.19479905
2244.00000000,0.19274135,0.19274135
2245.00000000,0.19068293,0.19068293
2246.00000000,0.18862617,0.18862617
2247.00000000,0.18657342,0.18657342
2248.00000000,0.18452704,0.18452704
2249.00000000,0.18248936,0.18248936
2250.00000000,0.18046273,0.18046273
2251.00000000,0.17844947,0.17844947
2252.00000000,0.17645188,0.17645188
2253.00000000,0.17447225,0.17447225
2254.00000000,0.17251284,0.17251284
2255.00000000,0.17057589,0.17057589
2256.00000000,0.16866361,0.16866361
2257.00000000,0.16677819,0.16677819
2258.00000000,0.16492178,0.16492178
2259.00000000,0.16309650,0.16309650
2260.00000000,0.16130442,0.16130442
2261.00000000,0.15954760,0.15954760
2262.00000000,0.15782802,0.15782802
2263.00000000,0.15614766,0.15614766
2264.00000000,0.15450841,0.15450841
2265.00000000,0.15291215,0.15291215
2266.00000000,0.15136069,0.15136069
2267.00000000,0.14985580,0.14985580
2268.00000000,0.14839917,0.14839917
2269.00000000,0.14699246,0.14699246
2270.00000000,0.14563727,0.14563727
2271.00000000,0.14433513,0.14433513
2272.00000000,0.14308752,0.14308752
2273.00000000,0.14189585,0.14189585
2274.00000000,0.14076145,0.14076145
2275.00000000,0.13968562,0.13968562
2276.00000000,0.13866957,0.13866957
2277.00000000,0.13771444,0.13771444
2278.00000000,0.13682130,0.13682130
2279.00000000,0.13599117,0.13599117
2280.00000000,0.13522496,0.13522496
2281.00000000,0.13452354,0.13452354
2282.00000000,0.13388769,0.13388769
2283.00000000,0.13331812,0.13331812
2284.00000000,0.13281546,0.13281546
2285.00000000,0.13238027,0.13238027
2286.00000000,0.13201302,0.13201302
2287.00000000,0.13171412,0.13171412
2288.00000000,0.13148389,0.13148389
2289.00000000,0.13132257,0.13132257
2290.00000000,0.13123034,0.13123034
2291.00000000,0.13120727,0.13120727
2292.00000000,0.13125338,0.13125338
2293.00000000,0.13136859,0.13136859
2294.00000000,0.13155276,0.13155276
2295.00000000,0.13180565,0.13180565
2296.00000000,0.13212697,0.13212697
2297.00000000,0.13251633,0.13251633
2298.00000000,0.13297327,0.13297327
2299.00000000,0.13349724,0.13349724
2300.00000000,0.13408765,0.13408765
2301.00000000,0.13474379,0.13474379
2302.00000000,0.13546490,0.13546490
2303.00000000,0.13625015,0.13625015
2304.00000000,0.13709863,0.13709863
2305.00000000,0.13800935,0.13800935
2306.00000000,0.13898126,0.13898126
2307.00000000,0.14001325,0.14001325
2308.00000000,0.14110412,0.14110412
2309.00000000,0.14225262,0.14225262
2310.00000000,0.14345742,0.14345742
2311.00000000,0.14471715,0.14471715
2312.00000000,0.14603036,0.14603036
2313.00000000,0.14739554,0.14739554
2314.00000000,0.14881112,0.14881112
2315.00000000,0.15027549,0.15027549
2316.00000000,0.15178697,0.15178697
2317.00000000,0.15334384,0.15334384
2318.00000000,0.15494430,0.15494430
2319.00000000,0.15658654,0.15658654
2320.00000000,0.15826867,0.15826867
2321.00000000,0.15998879,0.15998879
2322.00000000,0.16174492,0.16174492
2323.00000000,0.16353507,0.16353507
2324.00000000,0.16535719,0.16535719
2325.00000000,0.16720920,0.16720920
2326.00000000,0.16908902,0.16908902
2327.00000000,0.17099448,0.17099448
2328.00000000,0.17292342,0.17292342
2329.00000000,0.17487366,0.17487366
2330.00000000,0.17684298,0.17684298
2331.00000000,0.17882913,0.17882913
2332.00000000,0.18082986,0.18082986
2333.00000000,0.18284291,0.18284291
2334.00000000,0.18486598,0.18486598
2335.00000000,0.18689679,0.18689679
2336.00000000,0.18893303,0.18893303
2337.00000000,0.19097240,0.19097240
2338.00000000,0.19301258,0.19301258
2339.00000000,0.19505127,0.19505127
2340.00000000,0.19708615,0.19708615
2341.00000000,0.19911493,0.19911493
2342.00000000,0.20113532,0.20113532
2343.00000000,0.20314503,0.20314503
2344.00000000,0.20514178,0.20514178
2345.00000000,0.20712334,0.20712334
2346.00000000,0.20908745,0.20908745
2347.00000000,0.21103191,0.21103191
2348.00000000,0.21295452,0.21295452
2349.00000000,0.21485311,0.21485311
2350.00000000,0.21672555,0.21672555
2351.00000000,0.21856973,0.21856973
2352.00000000,0.22038358,0.22038358
2353.00000000,0.22216506,0.22216506
2354.00000000,0.22391216,0.22391216
2355.00000000,0.22562292,0.22562292
2356.00000000,0.22729542,0.22729542
2357.00000000,0.22892779,0.22892779
2358.00000000,0.23051820,0.23051820
2359.00000000,0.23206487,0.23206487
2360.00000000,0.23356607,0.23356607
2361.00000000,0.23502011,0.23502011
2362.00000000,0.23642539,0.23642539
2363.00000000,0.23778031,0.23778031
2364.00000000,0.23908339,0.23908339
2365.00000000,0.24033317,0.24033317
2366.00000000,0.24152825,0.24152825
2367.00000000,0.24266731,0.24266731
2368.00000000,0.24374909,0.24374909
2369.00000000,0.24477239,0.24477239
2370.00000000,0.24573609,0.24573609
2371.00000000,0.24663911,0.24663911
2372.00000000,0.24748047,0.24748047
2373.00000000,0.24825924,0.24825924
2374.00000000,0.24897457,0.24897457
2375.00000000,0.24962568,0.24962568
2376.00000000,0.25021187,0.25021187
2377.00000000,0.25073251,0.25073251
2378.00000000,0.25118703,0.25118703
2379.00000000,0.25157495,0.25157495
2380.00000000,0.25189588,0.25189588
2381.00000000,0.25214947,0.25214947
2382.00000000,0.25233547,0.25233547
2383.00000000,0.25245371,0.25245371
2384.00000000,0.25250409,0.25250409
2385.00000000,0.25248658,0.25248658
2386.00000000,0.25240124,0.25240124
2387.00000000,0.25224819,0.25224819
2388.00000000,0.25202764,0.25202764
2389.00000000,0.25173989,0.25173989
2390.00000000,0.25138527,0.25138527
2391.00000000,0.25096424,0.25096424
2392.00000000,0.25047731,0.25047731
2393.00000000,0.24992504,0.24992504
2394.00000000,0.24930812,0.24930812
2395.00000000,0.24862725,0.24862725
2396.00000000,0.24788326,0.24788326
2397.00000000,0.24707701,0.24707701
2398.00000000,0.24620945,0.24620945
2399.00000000,0.24528159,0.24528159
2400.00000000,0.24429452,0.24429452
2401.00000000,0.24324938,0.24324938
2402.00000000,0.24214738,0.24214738
2403.00000000,0.24098981,0.24098981
2404.00000000,0.23977800,0.23977800
2405.00000000,0.23851336,0.23851336
2406.00000000,0.23719734,0.23719734
2407.00000000,0.23583146,0.23583146
2408.00000000,0.23441730,0.23441730
2409.00000000,0.23295649,0.23295649
2410.00000000,0.23145069,0.23145069
2411.00000000,0.22990165,0.22990165
2412.00000000,0.22831113,0.22831113
2413.00000000,0.22668098,0.22668098
2414.00000000,0.22501304,0.22501304
2415.00000000,0.22330924,0.22330924
2416.00000000,0.22157153,0.22157153
2417.00000000,0.21980189,0.21980189
2418.00000000,0.21800234,0.21800234
2419.00000000,0.21617494,0.21617494
2420.00000000,0.21432178,0.21432178
2421.00000000,0.21244498,0.21244498
2422.00000000,0.21054667,0.21054667
2423.00000000,0.20862902,0.20862902
2424.00000000,0.20669422,0.20669422
2425.00000000,0.20474446,0.20474446
2426.00000000,0.20278198,0.20278198
2427.00000000,0.20080900,0.20080900
2428.00000000,0.19882776,0.19882776
2429.00000000,0.19684053,0.19684053
2430.00000000,0.19484956,0.19484956
2431.00000000,0.19285711,0.19285711
2432.00000000,0.19086544,0.19086544
2433.00000000,0.18887683,0.18887683
2434.00000000,0.18689352,0.18689352
2435.00000000,0.18491776,0.18491776
2436.00000000,0.18295180,0.18295180
2437.00000000,0.18099786,0.18099786
2438.00000000,0.17905816,0.17905816
2439.00000000,0.17713489,0.17713489
2440.00000000,0.17523024,0.17523024
2441.00000000,0.17334636,0.17334636
2442.00000000,0.17148538,0.17148538
2443.00000000,0.16964940,0.16964940
2444.00000000,0.16784051,0.16784051
2445.00000000,0.16606074,0.16606074
2446.00000000,0.16431211,0.16431211
2447.00000000,0.16259660,0.16259660
2448.00000000,0.16091613,0.16091613
2449.00000000,0.15927260,0.15927260
2450.00000000,0.15766787,0.15766787
2451.00000000,0.15610375,0.15610375
2452.00000000,0.15458200,0.15458200
2453.00000000,0.15310433,0.15310433
2454.00000000,0.15167241,0.15167241
2455.00000000,0.15028785,0.15028785
2456.00000000,0.14895220,0.14895220
2457.00000000,0.14766698,0.14766698
2458.00000000,0.14643361,0.14643361
2459.00000000,0.14525348,0.14525348
2460.00000000,0.14412793,0.14412793
2461.00000000,0.14305820,0.14305820
2462.00000000,0.14204550,0.14204550
2463.00000000,0.14109097,0.14109097
2464.00000000,0.14019566,0.14019566
2465.00000000,0.13936058,0.13936058
2466.00000000,0.13858667,0.13858667
2467.00000000,0.13787477,0.13787477
2468.00000000,0.13722569,0.13722569
2469.00000000,0.13664014,0.13664014
2470.00000000,0.13611878,0.13611878
2471.00000000,0.13566217,0.13566217
2472.00000000,0.13527083,0.13527083
2473.00000000,0.13494517,0.13494517
2474.00000000,0.13468556,0.13468556
2475.00000000,0.13449227,0.13449227
2476.00000000,0.13436551,0.13436551
2477.00000000,0.13430541,0.13430541
2478.00000000,0.13431201,0.13431201
2479.00000000,0.13438531,0.13438531
2480.00000000,0.13452520,0.13452520
2481.00000000,0.13473151,0.13473151
2482.00000000,0.13500400,0.13500400
2483.00000000,0.13534233,0.13534233
2484.00000000,0.13574613,0.13574613
2485.00000000,0.13621492,0.13621492
2486.00000000,0.13674815,0.13674815
2487.00000000,0.13734521,0.13734521
2488.00000000,0.13800543,0.13800543
2489.00000000,0.13872802,0.13872802
2490.00000000,0.13951218,0.13951218
2491.00000000,0.14035700,0.14035700
2492.00000000,0.14126152,0.14126152
2493.00000000,0.14222471,0.14222471
2494.00000000,0.14324547,0.14324547
2495.00000000,0.14432263,0.14432263
2496.00000000,0.14545497,0.14545497
2497.00000000,0.14664121,0.14664121
2498.00000000,0.14787999,0.14787999
2499.00000000,0.14916992,0.14916992
2500.00000000,0.15050952,0.15050952
2501.00000000,0.15189727,0.15189727
2502.00000000,0.15333161,0.15333161
2503.00000000,0.15481091,0.15481091
2504.00000000,0.15633350,0.15633350
2505.00000000,0.15789764,0.15789764
2506.00000000,0.15950158,0.15950158
2507.00000000,0.16114350,0.16114350
2508.00000000,0.16282154,0.16282154
2509.00000000,0.16453381,0.16453381
2510.00000000,0.16627837,0.16627837
2511.00000000,0.16805326,0.16805326
2512.00000000,0.16985646,0.16985646
2513.00000000,0.17168596,0.17168596
2514.00000000,0.17353968,0.17353968
2515.00000000,0.17541553,0.17541553
2516.00000000,0.17731140,0.17731140
2517.00000000,0.17922516,0.17922516
2518.00000000,0.18115465,0.18115465
2519.00000000,0.18309770,0.18309770
2520.00000000,0.18505212,0.18505212
2521.00000000,0.18701571,0.18701571
2522.00000000,0.18898627,0.18898627
2523.00000000,0.19096157,0.19096157
2524.00000000,0.19293941,0.19293941
2525.00000000,0.19491756,0.19491756
2526.00000000,0.19689379,0.19689379
2527.00000000,0.19886589,0.19886589
2528.00000000,0.20083164,0.20083164
2529.00000000,0.20278885,0.20278885
2530.00000000,0.20473531,0.20473531
2531.00000000,0.20666884,0.20666884
2532.00000000,0.20858728,0.20858728
2533.00000000,0.21048848,0.21048848
2534.00000000,0.21237030,0.21237030
2535.00000000,0.21423065,0.21423065
2536.00000000,0.21606744,0.21606744
2537.00000000,0.21787862,0.21787862
2538.00000000,0.21966216,0.21966216
2539.00000000,0.22141608,0.22141608
2540.00000000,0.22313840,0.22313840
2541.00000000,0.22482721,0.22482721
2542.00000000,0.22648063,0.22648063
2543.00000000,0.22809681,0.22809681
2544.00000000,0.22967396,0.22967396
2545.00000000,0.23121030,0.23121030
2546.00000000,0.23270414,0.23270414
2547.00000000,0.23415382,0.23415382
2548.00000000,0.23555771,0.23555771
2549.00000000,0.23691427,0.23691427
2550.00000000,0.23822199,0.23822199
2551.00000000,0.23947941,0.23947941
2552.00000000,0.24068515,0.24068515
2553.00000000,0.24183786,0.24183786
2554.00000000,0.24293629,0.24293629
2555.00000000,0.24397920,0.24397920
2556.00000000,0.24496546,0.24496546
2557.00000000,0.24589398,0.24589398
2558.00000000,0.24676374,0.24676374
2559.00000000,0.24757378,0.24757378
2560.00000000,0.24832321,0.24832321
2561.00000000,0.24901123,0.24901123
2562.00000000,0.24963708,0.24963708
2563.00000000,0.25020008,0.25020008
2564.00000000,0.25069963,0.25069963
2565.00000000,0.25113518,0.25113518
2566.00000000,0.25150628,0.25150628
2567.00000000,0.25181254,0.25181254
2568.00000000,0.25205363,0.25205363
2569.00000000,0.25222931,0.25222931
2570.00000000,0.25233942,0.25233942
2571.00000000,0.25238385,0.25238385
2572.00000000,0.25236257,0.25236257
2573.00000000,0.25227565,0.25227565
2574.00000000,0.25212320,0.25212320
2575.00000000,0.25190543,0.25190543
2576.00000000,0.25162259,0.25162259
2577.00000000,0.25127505,0.25127505
2578.00000000,0.25086321,0.25086321
2579.00000000,0.25038756,0.25038756
2580.00000000,0.24984867,0.24984867
2581.00000000,0.24924716,0.24924716
2582.00000000,0.24858375,0.24858375
2583.00000000,0.24785919,0.24785919
2584.00000000,0.24707432,0.24707432
2585.00000000,0.24623006,0.24623006
2586.00000000,0.24532738,0.24532738
2587.00000000,0.24436732,0.24436732
2588.00000000,0.24335098,0.24335098
2589.00000000,0.24227952,0.24227952
2590.00000000,0.24115417,0.24115417
2591.00000000,0.23997623,0.23997623
2592.00000000,0.23874702,0.23874702
2593.00000000,0.23746797,0.23746797
2594.00000000,0.23614053,0.23614053
2595.00000000,0.23476621,0.23476621
2596.00000000,0.23334657,0.23334657
2597.00000000,0.23188323,0.23188323
2598.00000000,0.23037785,0.23037785
2599.00000000,0.22883216,0.22883216
2600.00000000,0.22724788,0.22724788
2601.00000000,0.22562684,0.22562684
2602.00000000,0.22397086,0.22397086
2603.00000000,0.22228183,0.22228183
2604.00000000,0.22056165,0.22056165
2605.00000000,0.21881228,0.21881228
2606.00000000,0.21703570,0.21703570
2607.00000000,0.21523390,0.21523390
2608.00000000,0.21340895,0.21340895
2609.00000000,0.21156288,0.21156288
2610.00000000,0.20969781,0.20969781
2611.00000000,0.20781582,0.20781582
2612.00000000,0.20591904,0.20591904
2613.00000000,0.20400962,0.20400962
2614.00000000,0.20208971,0.20208971
2615.00000000,0.20016148,0.20016148
2616.00000000,0.19822709,0.19822709
2617.00000000,0.19628874,0.19628874
2618.00000000,0.19434860,0.19434860
2619.00000000,0.19240887,0.19240887
2620.00000000,0.19047171,0.19047171
2621.00000000,0.18853933,0.18853933
2622.00000000,0.18661388,0.18661388
2623.00000000,0.18469754,0.18469754
2624.00000000,0.18279247,0.18279247
2625.00000000,0.18090080,0.18090080
2626.00000000,0.17902466,0.17902466
2627.00000000,0.17716615,0.17716615
2628.00000000,0.17532738,0.17532738
2629.00000000,0.17351040,0.17351040
2630.00000000,0.17171725,0.17171725
2631.00000000,0.16994994,0.16994994
2632.00000000,0.16821046,0.16821046
2633.00000000,0.16650076,0.16650076
2634.00000000,0.16482275,0.16482275
2635.00000000,0.16317832,0.16317832
2636.00000000,0.16156931,0.16156931
2637.00000000,0.15999751,0.15999751
2638.00000000,0.15846470,0.15846470
2639.00000000,0.15697259,0.15697259
2640.00000000,0.15552284,0.15552284
2641.00000000,0.15411708,0.15411708
2642.00000000,0.15275688,0.15275688
2643.00000000,0.15144375,0.15144375
2644.00000000,0.15017918,0.15017918
2645.00000000,0.14896456,0.14896456
2646.00000000,0.14780125,0.14780125
2647.00000000,0.14669055,0.14669055
2648.00000000,0.14563370,0.14563370
2649.00000000,0.14463188,0.14463188
2650.00000000,0.14368620,0.14368620
2651.00000000,0.14279771,0.14279771
2652.00000000,0.14196740,0.14196740
2653.00000000,0.14119619,0.14119619
2654.00000000,0.14048494,0.14048494
2655.00000000,0.13983444,0.13983444
2656.00000000,0.13924540,0.13924540
2657.00000000,0.13871847,0.13871847
2658.00000000,0.13825424,0.13825424
2659.00000000,0.13785322,0.13785322
2660.00000000,0.13751584,0.13751584
2661.00000000,0.13724248,0.13724248
2662.00000000,0.13703342,0.13703342
2663.00000000,0.13688889,0.13688889
2664.00000000,0.13680905,0.13680905
2665.00000000,0.13679397,0.13679397
2666.00000000,0.13684366,0.13684366
2667.00000000,0.13695804,0.13695804
2668.00000000,0.13713699,0.13713699
2669.00000000,0.13738029,0.13738029
2670.00000000,0.13768766,0.13768766
2671.00000000,0.13805874,0.13805874
2672.00000000,0.13849311,0.13849311
2673.00000000,0.13899026,0.13899026
2674.00000000,0.13954964,0.13954964
2675.00000000,0.14017060,0.14017060
2676.00000000,0.14085244,0.14085244
2677.00000000,0.14159438,0.14159438
2678.00000000,0.14239559,0.14239559
2679.00000000,0.14325516,0.14325516
2680.00000000,0.14417211,0.14417211
2681.00000000,0.14514541,0.14514541
2682.00000000,0.14617395,0.14617395
2683.00000000,0.14725659,0.14725659
2684.00000000,0.14839210,0.14839210
2685.00000000,0.14957920,0.14957920
2686.00000000,0.15081655,0.15081655
2687.00000000,0.15210275,0.15210275
2688.00000000,0.15343637,0.15343637
2689.00000000,0.15481591,0.15481591
2690.00000000,0.15623980,0.15623980
2691.00000000,0.15770646,0.15770646
2692.00000000,0.15921423,0.15921423
2693.00000000,0.16076142,0.16076142
2694.00000000,0.16234629,0.16234629
2695.00000000,0.16396708,0.16396708
2696.00000000,0.16562194,0.16562194
2697.00000000,0.16730905,0.16730905
2698.00000000,0.16902649,0.16902649
2699.00000000,0.17077235,0.17077235
2700.00000000,0.17254467,0.17254467
2701.00000000,0.17434146,0.17434146
2702.00000000,0.17616072,0.17616072
2703.00000000,0.17800041,0.17800041
2704.00000000,0.17985846,0.17985846
2705.00000000,0.18173280,0.18173280
2706.00000000,0.18362134,0.18362134
2707.00000000,0.18552196,0.18552196
2708.00000000,0.18743254,0.18743254
2709.00000000,0.18935094,0.18935094
2710.00000000,0.19127502,0.19127502
2711.00000000,0.19320263,0.19320263
2712.00000000,0.19513162,0.19513162
2713.00000000,0.19705983,0.19705983
2714.00000000,0.19898512,0.19898512
2715.00000000,0.20090533,0.20090533
2716.00000000,0.20281833,0.20281833
2717.00000000,0.20472198,0.20472198
2718.00000000,0.20661415,0.20661415
2719.00000000,0.20849275,0.20849275
2720.00000000,0.21035568,0.21035568
2721.00000000,0.21220086,0.21220086
2722.00000000,0.21402624,0.21402624
2723.00000000,0.21582979,0.21582979
2724.00000000,0.21760950,0.21760950
2725.00000000,0.21936340,0.21936340
2726.00000000,0.22108952,0.22108952
2727.00000000,0.22278597,0.22278597
2728.00000000,0.22445084,0.22445084
2729.00000000,0.22608230,0.22608230
2730.00000000,0.22767853,0.22767853
2731.00000000,0.22923776,0.22923776
2732.00000000,0.23075826,0.23075826
2733.00000000,0.23223835,0.23223835
2734.00000000,0.23367639,0.23367639
2735.00000000,0.23507078,0.23507078
2736.00000000,0.23641999,0.23641999
2737.00000000,0.23772252,0.23772252
2738.00000000,0.23897693,0.23897693
2739.00000000,0.24018184,0.24018184
2740.00000000,0.24133592,0.24133592
2741.00000000,0.24243789,0.24243789
2742.00000000,0.24348655,0.24348655
2743.00000000,0.24448073,0.24448073
2744.00000000,0.24541935,0.24541935
2745.00000000,0.24630138,0.24630138
2746.00000000,0.24712585,0.24712585
2747.00000000,0.24789186,0.24789186
2748.00000000,0.24859857,0.24859857
2749.00000000,0.24924521,0.24924521
2750.00000000,0.24983109,0.24983109
2751.00000000,0.25035556,0.25035556
2752.00000000,0.25081806,0.25081806
2753.00000000,0.25121810,0.25121810
2754.00000000,0.25155524,0.25155524
2755.00000000,0.25182914,0.25182914
2756.00000000,0.25203951,0.25203951
2757.00000000,0.25218613,0.25218613
2758.00000000,0.25226887,0.25226887
2759.00000000,0.25228764,0.25228764
2760.00000000,0.25224246,0.25224246
2761.00000000,0.25213339,0.25213339
2762.00000000,0.25196057,0.25196057
2763.00000000,0.25172423,0.25172423
2764.00000000,0.25142464,0.25142464
2765.00000000,0.25106216,0.25106216
2766.00000000,0.25063722,0.25063722
2767.00000000,0.25015032,0.25015032
2768.00000000,0.24960201,0.24960201
2769.00000000,0.24899293,0.24899293
2770.00000000,0.24832378,0.24832378
2771.00000000,0.24759533,0.24759533
2772.00000000,0.24680842,0.24680842
2773.00000000,0.24596394,0.24596394
2774.00000000,0.24506285,0.24506285
2775.00000000,0.24410618,0.24410618
2776.00000000,0.24309502,0.24309502
2777.00000000,0.24203052,0.24203052
2778.00000000,0.24091388,0.24091388
2779.00000000,0.23974637,0.23974637
2780.00000000,0.23852932,0.23852932
2781.00000000,0.23726409,0.23726409
2782.00000000,0.23595211,0.23595211
2783.00000000,0.23459488,0.23459488
2784.00000000,0.23319392,0.23319392
2785.00000000,0.23175081,0.23175081
2786.00000000,0.23026719,0.23026719
2787.00000000,0.22874471,0.22874471
2788.00000000,0.22718510,0.22718510
2789.00000000,0.22559012,0.22559012
2790.00000000,0.22396155,0.22396155
2791.00000000,0.22230123,0.22230123
2792.00000000,0.22061103,0.22061103
2793.00000000,0.21889285,0.21889285
2794.00000000,0.21714861,0.21714861
2795.00000000,0.21538028,0.21538028
2796.00000000,0.21358983,0.21358983
2797.00000000,0.21177929,0.21177929
2798.00000000,0.20995069,0.20995069
2799.00000000,0.20810606,0.20810606
2800.00000000,0.20624749,0.20624749
2801.00000000,0.20437705,0.20437705
2802.00000000,0.20249685,0.20249685
2803.00000000,0.20060898,0.20060898
2804.00000000,0.19871556,0.19871556
2805.00000000,0.19681872,0.19681872
2806.00000000,0.19492057,0.19492057
2807.00000000,0.19302325,0.19302325
2808.00000000,0.19112887,0.19112887
2809.00000000,0.18923955,0.18923955
2810.00000000,0.18735740,0.18735740
2811.00000000,0.18548453,0.18548453
2812.00000000,0.18362304,0.18362304
2813.00000000,0.18177500,0.18177500
2814.00000000,0.17994248,0.17994248
2815.00000000,0.17812752,0.17812752
2816.00000000,0.17633215,0.17633215
2817.00000000,0.17455838,0.17455838
2818.00000000,0.17280818,0.17280818
2819.00000000,0.17108351,0.17108351
2820.00000000,0.16938628,0.16938628
2821.00000000,0.16771841,0.16771841
2822.00000000,0.16608173,0.16608173
2823.00000000,0.16447809,0.16447809
2824.00000000,0.16290925,0.16290925
2825.00000000,0.16137698,0.16137698
2826.00000000,0.15988298,0.15988298
2827.00000000,0.15842891,0.15842891
2828.00000000,0.15701639,0.15701639
2829.00000000,0.15564698,0.15564698
2830.00000000,0.15432223,0.15432223
2831.00000000,0.15304359,0.15304359
2832.00000000,0.15181249,0.15181249
2833.00000000,0.15063029,0.15063029
2834.00000000,0.14949831,0.14949831
2835.00000000,0.14841781,0.14841781
2836.00000000,0.14738998,0.14738998
2837.00000000,0.14641597,0.14641597
2838.00000000,0.14549685,0.14549685
2839.00000000,0.14463364,0.14463364
2840.00000000,0.14382730,0.14382730
2841.00000000,0.14307871,0.14307871
2842.00000000,0.14238871,0.14238871
2843.00000000,0.14175805,0.14175805
2844.00000000,0.14118744,0.14118744
2845.00000000,0.14067750,0.14067750
2846.00000000,0.14022879,0.14022879
2847.00000000,0.13984180,0.13984180
2848.00000000,0.13951696,0.13951696
2849.00000000,0.13925461,0.13925461
2850.00000000,0.13905505,0.13905505
2851.00000000,0.13891849,0.13891849
2852.00000000,0.13884506,0.13884506
2853.00000000,0.13883485,0.13883485
2854.00000000,0.13888786,0.13888786
2855.00000000,0.13900401,0.13900401
2856.00000000,0.13918318,0.13918318
2857.00000000,0.13942514,0.13942514
2858.00000000,0.13972963,0.13972963
2859.00000000,0.14009630,0.14009630
2860.00000000,0.14052472,0.14052472
2861.00000000,0.14101442,0.14101442
2862.00000000,0.14156484,0.14156484
2863.00000000,0.14217535,0.14217535
2864.00000000,0.14284527,0.14284527
2865.00000000,0.14357385,0.14357385
2866.00000000,0.14436027,0.14436027
2867.00000000,0.14520363,0.14520363
2868.00000000,0.14610301,0.14610301
2869.00000000,0.14705737,0.14705737
2870.00000000,0.14806567,0.14806567
2871.00000000,0.14912676,0.14912676
2872.00000000,0.15023945,0.15023945
2873.00000000,0.15140251,0.15140251
2874.00000000,0.15261463,0.15261463
2875.00000000,0.15387445,0.15387445
2876.00000000,0.15518057,0.15518057
2877.00000000,0.15653152,0.15653152
2878.00000000,0.15792581,0.15792581
2879.00000000,0.15936186,0.15936186
2880.00000000,0.16083807,0.16083807
2881.00000000,0.16235280,0.16235280
2882.00000000,0.16390437,0.16390437
2883.00000000,0.16549102,0.16549102
2884.00000000,0.16711101,0.16711101
2885.00000000,0.16876251,0.16876251
2886.00000000,0.17044369,0.17044369
2887.00000000,0.17215268,0.17215268
2888.00000000,0.17388758,0.17388758
2889.00000000,0.17564644,0.17564644
2890.00000000,0.17742731,0.17742731
2891.00000000,0.17922821,0.17922821
2892.00000000,0.18104713,0.18104713
2893.00000000,0.18288205,0.18288205
2894.00000000,0.18473093,0.18473093
2895.00000000,0.18659171,0.18659171
2896.00000000,0.18846232,0.18846232
2897.00000000,0.19034068,0.19034068
2898.00000000,0.19222471,0.19222471
2899.00000000,0.19411231,0.19411231
2900.00000000,0.19600137,0.19600137
2901.00000000,0.19788982,0.19788982
2902.00000000,0.19977553,0.19977553
2903.00000000,0.20165644,0.20165644
2904.00000000,0.20353043,0.20353043
2905.00000000,0.20539545,0.20539545
2906.00000000,0.20724940,0.20724940
2907.00000000,0.20909025,0.20909025
2908.00000000,0.21091595,0.21091595
2909.00000000,0.21272447,0.21272447
2910.00000000,0.21451381,0.21451381
2911.00000000,0.21628199,0.21628199
2912.00000000,0.21802705,0.21802705
2913.00000000,0.21974706,0.21974706
2914.00000000,0.22144010,0.22144010
2915.00000000,0.22310432,0.22310432
2916.00000000,0.22473786,0.22473786
2917.00000000,0.22633892,0.22633892
2918.00000000,0.22790573,0.22790573
2919.00000000,0.22943657,0.22943657
2920.00000000,0.23092973,0.23092973
2921.00000000,0.23238357,0.23238357
2922.00000000,0.23379648,0.23379648
2923.00000000,0.23516691,0.23516691
2924.00000000,0.23649334,0.23649334
2925.00000000,0.23777432,0.23777432
2926.00000000,0.23900842,0.23900842
2927.00000000,0.24019430,0.24019430
2928.00000000,0.24133065,0.24133065
2929.00000000,0.24241622,0.24241622
2930.00000000,0.24344981,0.24344981
2931.00000000,0.24443030,0.24443030
2932.00000000,0.24535660,0.24535660
2933.00000000,0.24622771,0.24622771
2934.00000000,0.24704266,0.24704266
2935.00000000,0.24780058,0.24780058
2936.00000000,0.24850063,0.24850063
2937.00000000,0.24914204,0.24914204
2938.00000000,0.24972414,0.24972414
2939.00000000,0.25024627,0.25024627
2940.00000000,0.25070789,0.25070789
2941.00000000,0.25110849,0.25110849
2942.00000000,0.25144765,0.25144765
2943.00000000,0.25172500,0.25172500
2944.00000000,0.25194025,0.25194025
2945.00000000,0.25209319,0.25209319
2946.00000000,0.25218365,0.25218365
2947.00000000,0.25221157,0.25221157
2948.00000000,0.25217691,0.25217691
2949.00000000,0.25207975,0.25207975
2950.00000000,0.25192019,0.25192019
2951.00000000,0.25169845,0.25169845
2952.00000000,0.25141478,0.25141478
2953.00000000,0.25106951,0.25106951
2954.00000000,0.25066305,0.25066305
2955.00000000,0.25019587,0.25019587
2956.00000000,0.24966849,0.24966849
2957.00000000,0.24908153,0.24908153
2958.00000000,0.24843566,0.24843566
2959.00000000,0.24773160,0.24773160
2960.00000000,0.24697016,0.24697016
2961.00000000,0.24615220,0.24615220
2962.00000000,0.24527865,0.24527865
2963.00000000,0.24435049,0.24435049
2964.00000000,0.24336877,0.24336877
2965.00000000,0.24233459,0.24233459
2966.00000000,0.24124913,0.24124913
2967.00000000,0.24011359,0.24011359
2968.00000000,0.23892927,0.23892927
2969.00000000,0.23769749,0.23769749
2970.00000000,0.23641963,0.23641963
2971.00000000,0.23509713,0.23509713
2972.00000000,0.23373147,0.23373147
2973.00000000,0.23232418,0.23232418
2974.00000000,0.23087684,0.23087684
2975.00000000,0.22939106,0.22939106
2976.00000000,0.22786853,0.22786853
2977.00000000,0.22631092,0.22631092
2978.00000000,0.22472000,0.22472000
2979.00000000,0.22309754,0.22309754
2980.00000000,0.22144535,0.22144535
2981.00000000,0.21976528,0.21976528
2982.00000000,0.21805920,0.21805920
2983.00000000,0.21632903,0.21632903
2984.00000000,0.21457668,0.21457668
2985.00000000,0.21280413,0.21280413
2986.00000000,0.21101335,0.21101335
2987.00000000,0.20920633,0.20920633
2988.00000000,0.20738509,0.20738509
2989.00000000,0.20555166,0.20555166
2990.00000000,0.20370808,0.20370808
2991.00000000,0.20185642,0.20185642
2992.00000000,0.19999873,0.19999873
2993.00000000,0.19813708,0.19813708
2994.00000000,0.19627355,0.19627355
2995.00000000,0.19441021,0.19441021
2996.00000000,0.19254914,0.19254914
2997.00000000,0.19069240,0.19069240
2998.00000000,0.18884207,0.18884207
2999.00000000,0.18700019,0.18700019
3000.00000000,0.18516883,0.18516883
3001.00000000,0.18335002,0.18335002
3002.00000000,0.18154578,0.18154578
3003.00000000,0.17975811,0.17975811
3004.00000000,0.17798900,0.17798900
3005.00000000,0.17624042,0.17624042
3006.00000000,0.17451432,0.17451432
3007.00000000,0.17281260,0.17281260
3008.00000000,0.17113716,0.17113716
3009.00000000,0.16948986,0.16948986
3010.00000000,0.16787252,0.16787252
3011.00000000,0.16628695,0.16628695
3012.00000000,0.16473489,0.16473489
3013.00000000,0.16321808,0.16321808
3014.00000000,0.16173819,0.16173819
3015.00000000,0.16029687,0.16029687
3016.00000000,0.15889571,0.15889571
3017.00000000,0.15753627,0.15753627
3018.00000000,0.15622004,0.15622004
3019.00000000,0.15494850,0.15494850
3020.00000000,0.15372304,0.15372304
3021.00000000,0.15254503,0.15254503
3022.00000000,0.15141576,0.15141576
3023.00000000,0.15033649,0.15033649
3024.00000000,0.14930841,0.14930841
3025.00000000,0.14833265,0.14833265
3026.00000000,0.14741030,0.14741030
3027.00000000,0.14654237,0.14654237
3028.00000000,0.14572982,0.14572982
3029.00000000,0.14497354,0.14497354
3030.00000000,0.14427437,0.14427437
3031.00000000,0.14363308,0.14363308
3032.00000000,0.14305037,0.14305037
3033.00000000,0.14252689,0.14252689
3034.00000000,0.14206321,0.14206321
3035.00000000,0.14165983,0.14165983
3036.00000000,0.14131720,0.14131720
3037.00000000,0.14103569,0.14103569
3038.00000000,0.14081561,0.14081561
3039.00000000,0.14065719,0.14065719
3040.00000000,0.14056061,0.14056061
3041.00000000,0.14052596,0.14052596
3042.00000000,0.14055327,0.14055327
3043.00000000,0.14064251,0.14064251
3044.00000000,0.14079357,0.14079357
3045.00000000,0.14100627,0.14100627
3046.00000000,0.14128038,0.14128038
3047.00000000,0.14161558,0.14161558
3048.00000000,0.14201149,0.14201149
3049.00000000,0.14246767,0.14246767
3050.00000000,0.14298361,0.14298361
3051.00000000,0.14355872,0.14355872
3052.00000000,0.14419236,0.14419236
3053.00000000,0.14488382,0.14488382
3054.00000000,0.14563232,0.14563232
3055.00000000,0.14643704,0.14643704
3056.00000000,0.14729708,0.14729708
3057.00000000,0.14821146,0.14821146
3058.00000000,0.14917918,0.14917918
3059.00000000,0.15019915,0.15019915
3060.00000000,0.15127024,0.15127024
3061.00000000,0.15239125,0.15239125
3062.00000000,0.15356093,0.15356093
3063.00000000,0.15477799,0.15477799
3064.00000000,0.15604107,0.15604107
3065.00000000,0.15734877,0.15734877
3066.00000000,0.15869962,0.15869962
3067.00000000,0.16009213,0.16009213
3068.00000000,0.16152475,0.16152475
3069.00000000,0.16299589,0.16299589
3070.00000000,0.16450391,0.16450391
3071.00000000,0.16604714,0.16604714
3072.00000000,0.16762386,0.16762386
3073.00000000,0.16923233,0.16923233
3074.00000000,0.17087076,0.17087076
3075.00000000,0.17253733,0.17253733
3076.00000000,0.17423019,0.17423019
3077.00000000,0.17594747,0.17594747
3078.00000000,0.17768726,0.17768726
3079.00000000,0.17944762,0.17944762
3080.00000000,0.18122662,0.18122662
3081.00000000,0.18302227,0.18302227
3082.00000000,0.18483259,0.18483259
3083.00000000,0.18665557,0.18665557
3084.00000000,0.18848920,0.18848920
3085.00000000,0.19033143,0.19033143
3086.00000000,0.19218024,0.19218024
3087.00000000,0.19403357,0.19403357
3088.00000000,0.19588937,0.19588937
3089.00000000,0.19774560,0.19774560
3090.00000000,0.19960018,0.19960018
3091.00000000,0.20145109,0.20145109
3092.00000000,0.20329625,0.20329625
3093.00000000,0.20513365,0.20513365
3094.00000000,0.20696124,0.20696124
3095.00000000,0.20877700,0.20877700
3096.00000000,0.21057893,0.21057893
3097.00000000,0.21236504,0.21236504
3098.00000000,0.21413335,0.21413335
3099.00000000,0.21588191,0.21588191
3100.00000000,0.21760880,0.21760880
3101.00000000,0.21931209,0.21931209
3102.00000000,0.22098993,0.22098993
3103.00000000,0.22264044,0.22264044
3104.00000000,0.22426182,0.22426182
3105.00000000,0.22585227,0.22585227
3106.00000000,0.22741004,0.22741004
3107.00000000,0.22893342,0.22893342
3108.00000000,0.23042072,0.23042072
3109.00000000,0.23187032,0.23187032
3110.00000000,0.23328060,0.23328060
3111.00000000,0.23465003,0.23465003
3112.00000000,0.23597709,0.23597709
3113.00000000,0.23726032,0.23726032
3114.00000000,0.23849832,0.23849832
3115.00000000,0.23968972,0.23968972
3116.00000000,0.24083322,0.24083322
3117.00000000,0.24192756,0.24192756
3118.00000000,0.24297154,0.24297154
3119.00000000,0.24396402,0.24396402
3120.00000000,0.24490391,0.24490391
3121.00000000,0.24579019,0.24579019
3122.00000000,0.24662187,0.24662187
3123.00000000,0.24739807,0.24739807
3124.00000000,0.24811792,0.24811792
3125.00000000,0.24878064,0.24878064
3126.00000000,0.24938552,0.24938552
3127.00000000,0.24993190,0.24993190
3128.00000000,0.25041919,0.25041919
3129.00000000,0.25084685,0.25084685
3130.00000000,0.25121444,0.25121444
3131.00000000,0.25152156,0.25152156
3132.00000000,0.25176788,0.25176788
3133.00000000,0.25195315,0.25195315
3134.00000000,0.25207717,0.25207717
3135.00000000,0.25213982,0.25213982
3136.00000000,0.25214104,0.25214104
3137.00000000,0.25208086,0.25208086
3138.00000000,0.25195934,0.25195934
3139.00000000,0.25177665,0.25177665
3140.00000000,0.25153299,0.25153299
3141.00000000,0.25122864,0.25122864
3142.00000000,0.25086397,0.25086397
3143.00000000,0.25043939,0.25043939
3144.00000000,0.24995539,0.24995539
3145.00000000,0.24941250,0.24941250
3146.00000000,0.24881136,0.24881136
3147.00000000,0.24815263,0.24815263
3148.00000000,0.24743707,0.24743707
3149.00000000,0.24666547,0.24666547
3150.00000000,0.24583870,0.24583870
3151.00000000,0.24495771,0.24495771
3152.00000000,0.24402346,0.24402346
3153.00000000,0.24303701,0.24303701
3154.00000000,0.24199947,0.24199947
3155.00000000,0.24091200,0.24091200
3156.00000000,0.23977581,0.23977581
3157.00000000,0.23859217,0.23859217
3158.00000000,0.23736241,0.23736241
3159.00000000,0.23608789,0.23608789
3160.00000000,0.23477005,0.23477005
3161.00000000,0.23341035,0.23341035
3162.00000000,0.23201031,0.23201031
3163.00000000,0.23057149,0.23057149
3164.00000000,0.22909549,0.22909549
3165.00000000,0.22758396,0.22758396
3166.00000000,0.22603857,0.22603857
3167.00000000,0.22446106,0.22446106
3168.00000000,0.22285317,0.22285317
3169.00000000,0.22121670,0.22121670
3170.00000000,0.21955346,0.21955346
3171.00000000,0.21786531,0.21786531
3172.00000000,0.21615412,0.21615412
3173.00000000,0.21442179,0.21442179
3174.00000000,0.21267025,0.21267025
3175.00000000,0.21090145,0.21090145
3176.00000000,0.20911734,0.20911734
3177.00000000,0.20731992,0.20731992
3178.00000000,0.20551117,0.20551117
3179.00000000,0.20369311,0.20369311
3180.00000000,0.20186774,0.20186774
3181.00000000,0.20003711,0.20003711
3182.00000000,0.19820323,0.19820323
3183.00000000,0.19636814,0.19636814
3184.00000000,0.19453388,0.19453388
3185.00000000,0.19270249,0.19270249
3186.00000000,0.19087598,0.19087598
3187.00000000,0.18905639,0.18905639
3188.00000000,0.18724573,0.18724573
3189.00000000,0.18544601,0.18544601
3190.00000000,0.18365923,0.18365923
3191.00000000,0.18188735,0.18188735
3192.00000000,0.18013235,0.18013235
3193.00000000,0.17839617,0.17839617
3194.00000000,0.17668072,0.17668072
3195.00000000,0.17498791,0.17498791
3196.00000000,0.17331962,0.17331962
3197.00000000,0.17167768,0.17167768
3198.00000000,0.17006391,0.17006391
3199.00000000,0.16848011,0.16848011
3200.00000000,0.16692801,0.16692801
3201.00000000,0.16540934,0.16540934
3202.00000000,0.16392577,0.16392577
3203.00000000,0.16247895,0.16247895
3204.00000000,0.16107047,0.16107047
3205.00000000,0.15970189,0.15970189
3206.00000000,0.15837472,0.15837472
3207.00000000,0.15709043,0.15709043
3208.00000000,0.15585043,0.15585043
3209.00000000,0.15465610,0.15465610
3210.00000000,0.15350874,0.15350874
3211.00000000,0.15240963,0.15240963
3212.00000000,0.15135998,0.15135998
3213.00000000,0.15036095,0.15036095
3214.00000000,0.14941363,0.14941363
3215.00000000,0.14851907,0.14851907
3216.00000000,0.14767825,0.14767825
3217.00000000,0.14689211,0.14689211
3218.00000000,0.14616150,0.14616150
3219.00000000,0.14548722,0.14548722
3220.00000000,0.14487003,0.14487003
3221.00000000,0.14431059,0.14431059
3222.00000000,0.14380952,0.14380952
3223.00000000,0.14336737,0.14336737
3224.00000000,0.14298462,0.14298462
3225.00000000,0.14266169,0.14266169
3226.00000000,0.14239893,0.14239893
3227.00000000,0.14219662,0.14219662
3228.00000000,0.14205499,0.14205499
3229.00000000,0.14197419,0.14197419
3230.00000000,0.14195429,0.14195429
3231.00000000,0.14199532,0.14199532
3232.00000000,0.14209722,0.14209722
3233.00000000,0.14225987,0.14225987
3234.00000000,0.14248310,0.14248310
3235.00000000,0.14276664,0.14276664
3236.00000000,0.14311017,0.14311017
3237.00000000,0.14351332,0.14351332
3238.00000000,0.14397563,0.14397563
3239.00000000,0.14449659,0.14449659
3240.00000000,0.14507560,0.14507560
3241.00000000,0.14571203,0.14571203
3242.00000000,0.14640517,0.14640517
3243.00000000,0.14715425,0.14715425
3244.00000000,0.14795843,0.14795843
3245.00000000,0.14881682,0.14881682
3246.00000000,0.14972846,0.14972846
3247.00000000,0.15069234,0.15069234
3248.00000000,0.15170740,0.15170740
3249.00000000,0.15277251,0.15277251
3250.00000000,0.15388647,0.15388647
3251.00000000,0.15504807,0.15504807
3252.00000000,0.15625601,0.15625601
3253.00000000,0.15750895,0.15750895
3254.00000000,0.15880550,0.15880550
3255.00000000,0.16014424,0.16014424
3256.00000000,0.16152366,0.16152366
3257.00000000,0.16294226,0.16294226
3258.00000000,0.16439845,0.16439845
3259.00000000,0.16589062,0.16589062
3260.00000000,0.16741713,0.16741713
3261.00000000,0.16897629,0.16897629
3262.00000000,0.17056636,0.17056636
3263.00000000,0.17218559,0.17218559
3264.00000000,0.17383220,0.17383220
3265.00000000,0.17550435,0.17550435
3266.00000000,0.17720020,0.17720020
3267.00000000,0.17891788,0.17891788
3268.00000000,0.18065549,0.18065549
3269.00000000,0.18241111,0.18241111
3270.00000000,0.18418280,0.18418280
3271.00000000,0.18596860,0.18596860
3272.00000000,0.18776654,0.18776654
3273.00000000,0.18957463,0.18957463
3274.00000000,0.19139088,0.19139088
3275.00000000,0.19321329,0.19321329
3276.00000000,0.19503984,0.19503984
3277.00000000,0.19686851,0.19686851
3278.00000000,0.19869729,0.19869729
3279.00000000,0.20052416,0.20052416
3280.00000000,0.20234711,0.20234711
3281.00000000,0.20416413,0.20416413
3282.00000000,0.20597321,0.20597321
3283.00000000,0.20777235,0.20777235
3284.00000000,0.20955958,0.20955958
3285.00000000,0.21133293,0.21133293
3286.00000000,0.21309043,0.21309043
3287.00000000,0.21483017,0.21483017
3288.00000000,0.21655021,0.21655021
3289.00000000,0.21824867,0.21824867
3290.00000000,0.21992367,0.21992367
3291.00000000,0.22157337,0.22157337
3292.00000000,0.22319596,0.22319596
3293.00000000,0.22478965,0.22478965
3294.00000000,0.22635269,0.22635269
3295.00000000,0.22788336,0.22788336
3296.00000000,0.22937997,0.22937997
3297.00000000,0.23084089,0.23084089
3298.00000000,0.23226450,0.23226450
3299.00000000,0.23364924,0.23364924
3300.00000000,0.23499360,0.23499360
3301.00000000,0.23629609,0.23629609
3302.00000000,0.23755529,0.23755529
3303.00000000,0.23876981,0.23876981
3304.00000000,0.23993833,0.23993833
3305.00000000,0.24105956,0.24105956
3306.00000000,0.24213228,0.24213228
3307.00000000,0.24315530,0.24315530
3308.00000000,0.24412752,0.24412752
3309.00000000,0.24504787,0.24504787
3310.00000000,0.24591533,0.24591533
3311.00000000,0.24672898,0.24672898
3312.00000000,0.24748791,0.24748791
3313.00000000,0.24819131,0.24819131
3314.00000000,0.24883840,0.24883840
3315.00000000,0.24942848,0.24942848
3316.00000000,0.24996092,0.24996092
3317.00000000,0.25043513,0.25043513
3318.00000000,0.25085061,0.25085061
3319.00000000,0.25120690,0.25120690
3320.00000000,0.25150364,0.25150364
3321.00000000,0.25174049,0.25174049
3322.00000000,0.25191721,0.25191721
3323.00000000,0.25203362,0.25203362
3324.00000000,0.25208961,0.25208961
3325.00000000,0.25208511,0.25208511
3326.00000000,0.25202016,0.25202016
3327.00000000,0.25189483,0.25189483
3328.00000000,0.25170927,0.25170927
3329.00000000,0.25146370,0.25146370
3330.00000000,0.25115840,0.25115840
3331.00000000,0.25079373,0.25079373
3332.00000000,0.25037010,0.25037010
3333.00000000,0.24988798,0.24988798
3334.00000000,0.24934792,0.24934792
3335.00000000,0.24875053,0.24875053
3336.00000000,0.24809648,0.24809648
3337.00000000,0.24738651,0.24738651
3338.00000000,0.24662140,0.24662140
3339.00000000,0.24580202,0.24580202
3340.00000000,0.24492928,0.24492928
3341.00000000,0.24400415,0.24400415
3342.00000000,0.24302768,0.24302768
3343.00000000,0.24200093,0.24200093
3344.00000000,0.24092507,0.24092507
3345.00000000,0.23980129,0.23980129
3346.00000000,0.23863084,0.23863084
3347.00000000,0.23741501,0.23741501
3348.00000000,0.23615517,0.23615517
3349.00000000,0.23485272,0.23485272
3350.00000000,0.23350909,0.23350909
3351.00000000,0.23212579,0.23212579
3352.00000000,0.23070435,0.23070435
3353.00000000,0.22924635,0.22924635
3354.00000000,0.22775340,0.22775340
3355.00000000,0.22622716,0.22622716
3356.00000000,0.22466932,0.22466932
3357.00000000,0.22308162,0.22308162
3358.00000000,0.22146581,0.22146581
3359.00000000,0.21982368,0.21982368
3360.00000000,0.21815705,0.21815705
3361.00000000,0.21646778,0.21646778
3362.00000000,0.21475772,0.21475772
3363.00000000,0.21302877,0.21302877
3364.00000000,0.21128285,0.21128285
3365.00000000,0.20952189,0.20952189
3366.00000000,0.20774784,0.20774784
3367.00000000,0.20596267,0.20596267
3368.00000000,0.20416834,0.20416834
3369.00000000,0.20236684,0.20236684
3370.00000000,0.20056016,0.20056016
3371.00000000,0.19875031,0.19875031
3372.00000000,0.19693929,0.19693929
3373.00000000,0.19512908,0.19512908
3374.00000000,0.19332171,0.19332171
3375.00000000,0.19151916,0.19151916
3376.00000000,0.18972342,0.18972342
3377.00000000,0.18793649,0.18793649
3378.00000000,0.18616033,0.18616033
3379.00000000,0.18439690,0.18439690
3380.00000000,0.18264816,0.18264816
3381.00000000,0.18091604,0.18091604
3382.00000000,0.17920243,0.17920243
3383.00000000,0.17750925,0.17750925
3384.00000000,0.17583836,0.17583836
3385.00000000,0.17419159,0.17419159
3386.00000000,0.17257077,0.17257077
3387.00000000,0.17097769,0.17097769
3388.00000000,0.16941410,0.16941410
3389.00000000,0.16788173,0.16788173
3390.00000000,0.16638227,0.16638227
3391.00000000,0.16491737,0.16491737
3392.00000000,0.16348864,0.16348864
3393.00000000,0.16209767,0.16209767
3394.00000000,0.16074597,0.16074597
3395.00000000,0.15943505,0.15943505
3396.00000000,0.15816634,0.15816634
3397.00000000,0.15694125,0.15694125
3398.00000000,0.15576112,0.15576112
3399.00000000,0.15462725,0.15462725
3400.00000000,0.15354089,0.15354089
3401.00000000,0.15250323,0.15250323
3402.00000000,0.15151542,0.15151542
3403.00000000,0.15057854,0.15057854
3404.00000000,0.14969362,0.14969362
3405.00000000,0.14886164,0.14886164
3406.00000000,0.14808350,0.14808350
3407.00000000,0.14736006,0.14736006
3408.00000000,0.14669213,0.14669213
3409.00000000,0.14608042,0.14608042
3410.00000000,0.14552561,0.14552561
3411.00000000,0.14502830,0.14502830
3412.00000000,0.14458905,0.14458905
3413.00000000,0.14420832,0.14420832
3414.00000000,0.14388655,0.14388655
3415.00000000,0.14362407,0.14362407
3416.00000000,0.14342116,0.14342116
3417.00000000,0.14327806,0.14327806
3418.00000000,0.14319492,0.14319492
3419.00000000,0.14317181,0.14317181
3420.00000000,0.14320876,0.14320876
3421.00000000,0.14330572,0.14330572
3422.00000000,0.14346259,0.14346259
3423.00000000,0.14367919,0.14367919
3424.00000000,0.14395526,0.14395526
3425.00000000,0.14429051,0.14429051
3426.00000000,0.14468456,0.14468456
3427.00000000,0.14513696,0.14513696
3428.00000000,0.14564722,0.14564722
3429.00000000,0.14621477,0.14621477
3430.00000000,0.14683897,0.14683897
3431.00000000,0.14751914,0.14751914
3432.00000000,0.14825452,0.14825452
3433.00000000,0.14904430,0.14904430
3434.00000000,0.14988760,0.14988760
3435.00000000,0.15078348,0.15078348
3436.00000000,0.15173096,0.15173096
3437.00000000,0.15272898,0.15272898
3438.00000000,0.15377645,0.15377645
3439.00000000,0.15487220,0.15487220
3440.00000000,0.15601503,0.15601503
3441.00000000,0.15720366,0.15720366
3442.00000000,0.15843679,0.15843679
3443.00000000,0.15971306,0.15971306
3444.00000000,0.16103104,0.16103104
3445.00000000,0.16238930,0.16238930
3446.00000000,0.16378633,0.16378633
3447.00000000,0.16522058,0.16522058
3448.00000000,0.16669047,0.16669047
3449.00000000,0.16819439,0.16819439
3450.00000000,0.16973067,0.16973067
3451.00000000,0.17129761,0.17129761
3452.00000000,0.17289349,0.17289349
3453.00000000,0.17451656,0.17451656
3454.00000000,0.17616501,0.17616501
3455.00000000,0.17783703,0.17783703
3456.00000000,0.17953078,0.17953078
3457.00000000,0.18124439,0.18124439
3458.00000000,0.18297597,0.18297597
3459.00000000,0.18472361,0.18472361
3460.00000000,0.18648540,0.18648540
3461.00000000,0.18825938,0.18825938
3462.00000000,0.19004360,0.19004360
3463.00000000,0.19183611,0.19183611
3464.00000000,0.19363492,0.19363492
3465.00000000,0.19543805,0.19543805
3466.00000000,0.19724352,0.19724352
3467.00000000,0.19904934,0.19904934
3468.00000000,0.20085353,0.20085353
3469.00000000,0.20265409,0.20265409
3470.00000000,0.20444905,0.20444905
3471.00000000,0.20623643,0.20623643
3472.00000000,0.20801427,0.20801427
3473.00000000,0.20978061,0.20978061
3474.00000000,0.21153351,0.21153351
3475.00000000,0.21327104,0.21327104
3476.00000000,0.21499129,0.21499129
3477.00000000,0.21669238,0.21669238
3478.00000000,0.21837242,0.21837242
3479.00000000,0.22002958,0.22002958
3480.00000000,0.22166203,0.22166203
3481.00000000,0.22326798,0.22326798
3482.00000000,0.22484568,0.22484568
3483.00000000,0.22639337,0.22639337
3484.00000000,0.22790938,0.22790938
3485.00000000,0.22939203,0.22939203
3486.00000000,0.23083969,0.23083969
3487.00000000,0.23225079,0.23225079
3488.00000000,0.23362376,0.23362376
3489.00000000,0.23495711,0.23495711
3490.00000000,0.23624938,0.23624938
3491.00000000,0.23749914,0.23749914
3492.00000000,0.23870504,0.23870504
3493.00000000,0.23986574,0.23986574
3494.00000000,0.24097998,0.24097998
3495.00000000,0.24204654,0.24204654
3496.00000000,0.24306426,0.24306426
3497.00000000,0.24403201,0.24403201
3498.00000000,0.24494876,0.24494876
3499.00000000,0.24581348,0.24581348
3500.00000000,0.24662525,0.24662525
3501.00000000,0.24738316,0.24738316
3502.00000000,0.24808641,0.24808641
3503.00000000,0.24873423,0.24873423
3504.00000000,0.24932590,0.24932590
3505.00000000,0.24986080,0.24986080
3506.00000000,0.25033833,0.25033833
3507.00000000,0.25075799,0.25075799
3508.00000000,0.25111931,0.25111931
3509.00000000,0.25142193,0.25142193
3510.00000000,0.25166550,0.25166550
3511.00000000,0.25184977,0.25184977
3512.00000000,0.25197455,0.25197455
3513.00000000,0.25203971,0.25203971
3514.00000000,0.25204520,0.25204520
3515.00000000,0.25199101,0.25199101
3516.00000000,0.25187721,0.25187721
3517.00000000,0.25170395,0.25170395
3518.00000000,0.25147141,0.25147141
3519.00000000,0.25117988,0.25117988
3520.00000000,0.25082967,0.25082967
3521.00000000,0.25042119,0.25042119
3522.00000000,0.24995489,0.24995489
3523.00000000,0.24943131,0.24943131
3524.00000000,0.24885101,0.24885101
3525.00000000,0.24821467,0.24821467
3526.00000000,0.24752297,0.24752297
3527.00000000,0.24677671,0.24677671
3528.00000000,0.24597670,0.24597670
3529.00000000,0.24512385,0.24512385
3530.00000000,0.24421909,0.24421909
3531.00000000,0.24326344,0.24326344
3532.00000000,0.24225795,0.24225795
3533.00000000,0.24120374,0.24120374
3534.00000000,0.24010199,0.24010199
3535.00000000,0.23895391,0.23895391
3536.00000000,0.23776077,0.23776077
3537.00000000,0.23652391,0.23652391
3538.00000000,0.23524469,0.23524469
3539.00000000,0.23392452,0.23392452
3540.00000000,0.23256488,0.23256488
3541.00000000,0.23116726,0.23116726
3542.00000000,0.22973321,0.22973321
3543.00000000,0.22826431,0.22826431
3544.00000000,0.22676220,0.22676220
3545.00000000,0.22522854,0.22522854
3546.00000000,0.22366501,0.22366501
3547.00000000,0.22207335,0.22207335
3548.00000000,0.22045532,0.22045532
3549.00000000,0.21881270,0.21881270
3550.00000000,0.21714731,0.21714731
3551.00000000,0.21546099,0.21546099
3552.00000000,0.21375561,0.21375561
3553.00000000,0.21203303,0.21203303
3554.00000000,0.21029518,0.21029518
3555.00000000,0.20854396,0.20854396
3556.00000000,0.20678131,0.20678131
3557.00000000,0.20500917,0.20500917
3558.00000000,0.20322950,0.20322950
3559.00000000,0.20144426,0.20144426
3560.00000000,0.19965543,0.19965543
3561.00000000,0.19786496,0.19786496
3562.00000000,0.19607485,0.19607485
3563.00000000,0.19428706,0.19428706
3564.00000000,0.19250357,0.19250357
3565.00000000,0.19072633,0.19072633
3566.00000000,0.18895731,0.18895731
3567.00000000,0.18719847,0.18719847
3568.00000000,0.18545173,0.18545173
3569.00000000,0.18371902,0.18371902
3570.00000000,0.18200225,0.18200225
3571.00000000,0.18030332,0.18030332
3572.00000000,0.17862408,0.17862408
3573.00000000,0.17696640,0.17696640
3574.00000000,0.17533210,0.17533210
3575.00000000,0.17372297,0.17372297
3576.00000000,0.17214080,0.17214080
3577.00000000,0.17058731,0.17058731
3578.00000000,0.16906422,0.16906422
3579.00000000,0.16757321,0.16757321
3580.00000000,0.16611592,0.16611592
3581.00000000,0.16469395,0.16469395
3582.00000000,0.16330886,0.16330886
3583.00000000,0.16196217,0.16196217
3584.00000000,0.16065538,0.16065538
3585.00000000,0.15938991,0.15938991
3586.00000000,0.15816715,0.15816715
3587.00000000,0.15698846,0.15698846
3588.00000000,0.15585512,0.15585512
3589.00000000,0.15476838,0.15476838
3590.00000000,0.15372943,0.15372943
3591.00000000,0.15273942,0.15273942
3592.00000000,0.15179943,0.15179943
3593.00000000,0.15091049,0.15091049
3594.00000000,0.15007358,0.15007358
3595.00000000,0.14928962,0.14928962
3596.00000000,0.14855947,0.14855947
3597.00000000,0.14788392,0.14788392
3598.00000000,0.14726371,0.14726371
3599.00000000,0.14669954,0.14669954
3600.00000000,0.14619200,0.14619200
3601.00000000,0.14574166,0.14574166
3602.00000000,0.14534902,0.14534902
3603.00000000,0.14501449,0.14501449
3604.00000000,0.14473844,0.14473844
3605.00000000,0.14452117,0.14452117
3606.00000000,0.14436292,0.14436292
3607.00000000,0.14426386,0.14426386
3608.00000000,0.14422409,0.14422409
3609.00000000,0.14424365,0.14424365
3610.00000000,0.14432252,0.14432252
3611.00000000,0.14446060,0.14446060
3612.00000000,0.14465775,0.14465775
3613.00000000,0.14491373,0.14491373
3614.00000000,0.14522826,0.14522826
3615.00000000,0.14560100,0.14560100
3616.00000000,0.14603152,0.14603152
3617.00000000,0.14651936,0.14651936
3618.00000000,0.14706396,0.14706396
3619.00000000,0.14766473,0.14766473
3620.00000000,0.14832101,0.14832101
3621.00000000,0.14903206,0.14903206
3622.00000000,0.14979710,0.14979710
3623.00000000,0.15061529,0.15061529
3624.00000000,0.15148572,0.15148572
3625.00000000,0.15240742,0.15240742
3626.00000000,0.15337939,0.15337939
3627.00000000,0.15440056,0.15440056
3628.00000000,0.15546978,0.15546978
3629.00000000,0.15658589,0.15658589
3630.00000000,0.15774765,0.15774765
3631.00000000,0.15895379,0.15895379
3632.00000000,0.16020297,0.16020297
3633.00000000,0.16149382,0.16149382
3634.00000000,0.16282491,0.16282491
3635.00000000,0.16419478,0.16419478
3636.00000000,0.16560192,0.16560192
3637.00000000,0.16704477,0.16704477
3638.00000000,0.16852176,0.16852176
3639.00000000,0.17003125,0.17003125
3640.00000000,0.17157159,0.17157159
3641.00000000,0.17314107,0.17314107
3642.00000000,0.17473797,0.17473797
3643.00000000,0.17636053,0.17636053
3644.00000000,0.17800697,0.17800697
3645.00000000,0.17967547,0.17967547
3646.00000000,0.18136420,0.18136420
3647.00000000,0.18307130,0.18307130
3648.00000000,0.18479490,0.18479490
3649.00000000,0.18653310,0.18653310
3650.00000000,0.18828398,0.18828398
3651.00000000,0.19004563,0.19004563
3652.00000000,0.19181610,0.19181610
3653.00000000,0.19359345,0.19359345
3654.00000000,0.19537573,0.19537573
3655.00000000,0.19716098,0.19716098
3656.00000000,0.19894723,0.19894723
3657.00000000,0.20073253,0.20073253
3658.00000000,0.20251491,0.20251491
3659.00000000,0.20429241,0.20429241
3660.00000000,0.20606308,0.20606308
3661.00000000,0.20782498,0.20782498
3662.00000000,0.20957618,0.20957618
3663.00000000,0.21131475,0.21131475
3664.00000000,0.21303877,0.21303877
3665.00000000,0.21474637,0.21474637
3666.00000000,0.21643566,0.21643566
3667.00000000,0.21810480,0.21810480
3668.00000000,0.21975194,0.21975194
3669.00000000,0.22137529,0.22137529
3670.00000000,0.22297307,0.22297307
3671.00000000,0.22454351,0.22454351
3672.00000000,0.22608491,0.22608491
3673.00000000,0.22759557,0.22759557
3674.00000000,0.22907383,0.22907383
3675.00000000,0.23051807,0.23051807
3676.00000000,0.23192672,0.23192672
3677.00000000,0.23329822,0.23329822
3678.00000000,0.23463109,0.23463109
3679.00000000,0.23592385,0.23592385
3680.00000000,0.23717509,0.23717509
3681.00000000,0.23838345,0.23838345
3682.00000000,0.23954761,0.23954761
3683.00000000,0.24066628,0.24066628
3684.00000000,0.24173825,0.24173825
3685.00000000,0.24276234,0.24276234
3686.00000000,0.24373744,0.24373744
3687.00000000,0.24466248,0.24466248
3688.00000000,0.24553646,0.24553646
3689.00000000,0.24635841,0.24635841
3690.00000000,0.24712745,0.24712745
3691.00000000,0.24784274,0.24784274
3692.00000000,0.24850349,0.24850349
3693.00000000,0.24910899,0.24910899
3694.00000000,0.24965859,0.24965859
3695.00000000,0.25015168,0.25015168
3696.00000000,0.25058774,0.25058774
3697.00000000,0.25096629,0.25096629
3698.00000000,0.25128692,0.25128692
3699.00000000,0.25154929,0.25154929
3700.00000000,0.25175313,0.25175313
3701.00000000,0.25189821,0.25189821
3702.00000000,0.25198438,0.25198438
3703.00000000,0.25201157,0.25201157
3704.00000000,0.25197974,0.25197974
3705.00000000,0.25188894,0.25188894
3706.00000000,0.25173929,0.25173929
3707.00000000,0.25153095,0.25153095
3708.00000000,0.25126416,0.25126416
3709.00000000,0.25093923,0.25093923
3710.00000000,0.25055651,0.25055651
3711.00000000,0.25011645,0.25011645
3712.00000000,0.24961952,0.24961952
3713.00000000,0.24906630,0.24906630
3714.00000000,0.24845739,0.24845739
3715.00000000,0.24779347,0.24779347
3716.00000000,0.24707528,0.24707528
3717.00000000,0.24630362,0.24630362
3718.00000000,0.24547934,0.24547934
3719.00000000,0.24460336,0.24460336
3720.00000000,0.24367666,0.24367666
3721.00000000,0.24270025,0.24270025
3722.00000000,0.24167521,0.24167521
3723.00000000,0.24060270,0.24060270
3724.00000000,0.23948388,0.23948388
3725.00000000,0.23832000,0.23832000
3726.00000000,0.23711234,0.23711234
3727.00000000,0.23586224,0.23586224
3728.00000000,0.23457109,0.23457109
3729.00000000,0.23324030,0.23324030
3730.00000000,0.23187134,0.23187134
3731.00000000,0.23046574,0.23046574
3732.00000000,0.22902503,0.22902503
3733.00000000,0.22755082,0.22755082
3734.00000000,0.22604472,0.22604472
3735.00000000,0.22450840,0.22450840
3736.00000000,0.22294355,0.22294355
3737.00000000,0.22135190,0.22135190
3738.00000000,0.21973520,0.21973520
3739.00000000,0.21809524,0.21809524
3740.00000000,0.21643383,0.21643383
3741.00000000,0.21475279,0.21475279
3742.00000000,0.21305398,0.21305398
3743.00000000,0.21133926,0.21133926
3744.00000000,0.20961054,0.20961054
3745.00000000,0.20786971,0.20786971
3746.00000000,0.20611868,0.20611868
3747.00000000,0.20435940,0.20435940
3748.00000000,0.20259379,0.20259379
3749.00000000,0.20082381,0.20082381
3750.00000000,0.19905139,0.19905139
3751.00000000,0.19727849,0.19727849
3752.00000000,0.19550706,0.19550706
3753.00000000,0.19373906,0.19373906
3754.00000000,0.19197641,0.19197641
3755.00000000,0.19022108,0.19022108
3756.00000000,0.18847498,0.18847498
3757.00000000,0.18674004,0.18674004
3758.00000000,0.18501816,0.18501816
3759.00000000,0.18331124,0.18331124
3760.00000000,0.18162116,0.18162116
3761.00000000,0.17994978,0.17994978
3762.00000000,0.17829892,0.17829892
3763.00000000,0.17667042,0.17667042
3764.00000000,0.17506605,0.17506605
3765.00000000,0.17348758,0.17348758
3766.00000000,0.17193675,0.17193675
3767.00000000,0.17041526,0.17041526
3768.00000000,0.16892478,0.16892478
3769.00000000,0.16746695,0.16746695
3770.00000000,0.16604337,0.16604337
3771.00000000,0.16465560,0.16465560
3772.00000000,0.16330517,0.16330517
3773.00000000,0.16199356,0.16199356
3774.00000000,0.16072222,0.16072222
3775.00000000,0.15949253,0.15949253
3776.00000000,0.15830584,0.15830584
3777.00000000,0.15716347,0.15716347
3778.00000000,0.15606665,0.15606665
3779.00000000,0.15501661,0.15501661
3780.00000000,0.15401447,0.15401447
3781.00000000,0.15306136,0.15306136
3782.00000000,0.15215830,0.15215830
3783.00000000,0.15130630,0.15130630
3784.00000000,0.15050628,0.15050628
3785.00000000,0.14975912,0.14975912
3786.00000000,0.14906564,0.14906564
3787.00000000,0.14842659,0.14842659
3788.00000000,0.14784269,0.14784269
3789.00000000,0.14731455,0.14731455
3790.00000000,0.14684278,0.14684278
3791.00000000,0.14642787,0.14642787
3792.00000000,0.14607028,0.14607028
3793.00000000,0.14577040,0.14577040
3794.00000000,0.14552855,0.14552855
3795.00000000,0.14534501,0.14534501
3796.00000000,0.14521996,0.14521996
3797.00000000,0.14515355,0.14515355
3798.00000000,0.14514583,0.14514583
3799.00000000,0.14519682,0.14519682
3800.00000000,0.14530646,0.14530646
3801.00000000,0.14547462,0.14547462
3802.00000000,0.14570111,0.14570111
3803.00000000,0.14598569,0.14598569
3804.00000000,0.14632803,0.14632803
3805.00000000,0.14672776,0.14672776
3806.00000000,0.14718443,0.14718443
3807.00000000,0.14769754,0.14769754
3808.00000000,0.14826652,0.14826652
3809.00000000,0.14889075,0.14889075
3810.00000000,0.14956953,0.14956953
3811.00000000,0.15030211,0.15030211
3812.00000000,0.15108770,0.15108770
3813.00000000,0.15192541,0.15192541
3814.00000000,0.15281434,0.15281434
3815.00000000,0.15375349,0.15375349
3816.00000000,0.15474184,0.15474184
3817.00000000,0.15577830,0.15577830
3818.00000000,0.15686172,0.15686172
3819.00000000,0.15799091,0.15799091
3820.00000000,0.15916464,0.15916464
3821.00000000,0.16038160,0.16038160
3822.00000000,0.16164047,0.16164047
3823.00000000,0.16293985,0.16293985
3824.00000000,0.16427831,0.16427831
3825.00000000,0.16565439,0.16565439
3826.00000000,0.16706657,0.16706657
3827.00000000,0.16851330,0.16851330
3828.00000000,0.16999299,0.16999299
3829.00000000,0.17150400,0.17150400
3830.00000000,0.17304469,0.17304469
3831.00000000,0.17461336,0.17461336
3832.00000000,0.17620828,0.17620828
3833.00000000,0.17782770,0.17782770
3834.00000000,0.17946985,0.17946985
3835.00000000,0.18113291,0.18113291
3836.00000000,0.18281506,0.18281506
3837.00000000,0.18451447,0.18451447
3838.00000000,0.18622924,0.18622924
3839.00000000,0.18795752,0.18795752
3840.00000000,0.18969739,0.18969739
3841.00000000,0.19144695,0.19144695
3842.00000000,0.19320428,0.19320428
3843.00000000,0.19496745,0.19496745
3844.00000000,0.19673452,0.19673452
3845.00000000,0.19850356,0.19850356
3846.00000000,0.20027262,0.20027262
3847.00000000,0.20203976,0.20203976
3848.00000000,0.20380305,0.20380305
3849.00000000,0.20556054,0.20556054
3850.00000000,0.20731032,0.20731032
3851.00000000,0.20905046,0.20905046
3852.00000000,0.21077906,0.21077906
3853.00000000,0.21249422,0.21249422
3854.00000000,0.21419405,0.21419405
3855.00000000,0.21587670,0.21587670
3856.00000000,0.21754033,0.21754033
3857.00000000,0.21918310,0.21918310
3858.00000000,0.22080322,0.22080322
3859.00000000,0.22239892,0.22239892
3860.00000000,0.22396844,0.22396844
3861.00000000,0.22551006,0.22551006
3862.00000000,0.22702211,0.22702211
3863.00000000,0.22850292,0.22850292
3864.00000000,0.22995086,0.22995086
3865.00000000,0.23136437,0.23136437
3866.00000000,0.23274188,0.23274188
3867.00000000,0.23408190,0.23408190
3868.00000000,0.23538295,0.23538295
3869.00000000,0.23664362,0.23664362
3870.00000000,0.23786252,0.23786252
3871.00000000,0.23903832,0.23903832
3872.00000000,0.24016974,0.24016974
3873.00000000,0.24125555,0.24125555
3874.00000000,0.24229454,0.24229454
3875.00000000,0.24328560,0.24328560
3876.00000000,0.24422764,0.24422764
3877.00000000,0.24511963,0.24511963
3878.00000000,0.24596060,0.24596060
3879.00000000,0.24674963,0.24674963
3880.00000000,0.24748586,0.24748586
3881.00000000,0.24816850,0.24816850
3882.00000000,0.24879679,0.24879679
3883.00000000,0.24937006,0.24937006
3884.00000000,0.24988769,0.24988769
3885.00000000,0.25034911,0.25034911
3886.00000000,0.25075383,0.25075383
3887.00000000,0.25110140,0.25110140
3888.00000000,0.25139145,0.25139145
3889.00000000,0.25162368,0.25162368
3890.00000000,0.25179784,0.25179784
3891.00000000,0.25191373,0.25191373
3892.00000000,0.25197125,0.25197125
3893.00000000,0.25197033,0.25197033
3894.00000000,0.25191099,0.25191099
3895.00000000,0.25179330,0.25179330
3896.00000000,0.25161739,0.25161739
3897.00000000,0.25138347,0.25138347
3898.00000000,0.25109180,0.25109180
3899.00000000,0.25074270,0.25074270
3900.00000000,0.25033658,0.25033658
3901.00000000,0.24987388,0.24987388
3902.00000000,0.24935512,0.24935512
3903.00000000,0.24878087,0.24878087
3904.00000000,0.24815177,0.24815177
3905.00000000,0.24746853,0.24746853
3906.00000000,0.24673189,0.24673189
3907.00000000,0.24594268,0.24594268
3908.00000000,0.24510177,0.24510177
3909.00000000,0.24421009,0.24421009
3910.00000000,0.24326862,0.24326862
3911.00000000,0.24227841,0.24227841
3912.00000000,0.24124054,0.24124054
3913.00000000,0.24015617,0.24015617
3914.00000000,0.23902649,0.23902649
3915.00000000,0.23785276,0.23785276
3916.00000000,0.23663625,0.23663625
3917.00000000,0.23537833,0.23537833
3918.00000000,0.23408036,0.23408036
3919.00000000,0.23274379,0.23274379
3920.00000000,0.23137009,0.23137009
3921.00000000,0.22996077,0.22996077
3922.00000000,0.22851738,0.22851738
3923.00000000,0.22704152,0.22704152
3924.00000000,0.22553481,0.22553481
3925.00000000,0.22399890,0.22399890
3926.00000000,0.22243550,0.22243550
3927.00000000,0.22084631,0.22084631
3928.00000000,0.21923310,0.21923310
3929.00000000,0.21759764,0.21759764
3930.00000000,0.21594171,0.21594171
3931.00000000,0.21426716,0.21426716
3932.00000000,0.21257582,0.21257582
3933.00000000,0.21086955,0.21086955
3934.00000000,0.20915022,0.20915022
3935.00000000,0.20741974,0.20741974
3936.00000000,0.20568000,0.20568000
3937.00000000,0.20393291,0.20393291
3938.00000000,0.20218039,0.20218039
3939.00000000,0.20042438,0.20042438
3940.00000000,0.19866680,0.19866680
3941.00000000,0.19690959,0.19690959
3942.00000000,0.19515467,0.19515467
3943.00000000,0.19340397,0.19340397
3944.00000000,0.19165943,0.19165943
3945.00000000,0.18992294,0.18992294
3946.00000000,0.18819643,0.18819643
3947.00000000,0.18648179,0.18648179
3948.00000000,0.18478090,0.18478090
3949.00000000,0.18309563,0.18309563
3950.00000000,0.18142783,0.18142783
3951.00000000,0.17977934,0.17977934
3952.00000000,0.17815195,0.17815195
3953.00000000,0.17654747,0.17654747
3954.00000000,0.17496765,0.17496765
3955.00000000,0.17341422,0.17341422
3956.00000000,0.17188889,0.17188889
3957.00000000,0.17039334,0.17039334
3958.00000000,0.16892920,0.16892920
3959.00000000,0.16749808,0.16749808
3960.00000000,0.16610156,0.16610156
3961.00000000,0.16474116,0.16474116
3962.00000000,0.16341837,0.16341837
3963.00000000,0.16213466,0.16213466
3964.00000000,0.16089142,0.16089142
3965.00000000,0.15969001,0.15969001
3966.00000000,0.15853177,0.15853177
3967.00000000,0.15741794,0.15741794
3968.00000000,0.15634977,0.15634977
3969.00000000,0.15532841,0.15532841
3970.00000000,0.15435498,0.15435498
3971.00000000,0.15343056,0.15343056
3972.00000000,0.15255615,0.15255615
3973.00000000,0.15173271,0.15173271
3974.00000000,0.15096115,0.15096115
3975.00000000,0.15024231,0.15024231
3976.00000000,0.14957697,0.14957697
3977.00000000,0.14896586,0.14896586
3978.00000000,0.14840965,0.14840965
3979.00000000,0.14790895,0.14790895
3980.00000000,0.14746430,0.14746430
3981.00000000,0.14707620,0.14707620
3982.00000000,0.14674506,0.14674506
3983.00000000,0.14647124,0.14647124
3984.00000000,0.14625505,0.14625505
3985.00000000,0.14609671,0.14609671
3986.00000000,0.14599639,0.14599639
3987.00000000,0.14595422,0.14595422
3988.00000000,0.14597021,0.14597021
3989.00000000,0.14604437,0.14604437
3990.00000000,0.14617660,0.14617660
3991.00000000,0.14636675,0.14636675
3992.00000000,0.14661462,0.14661462
3993.00000000,0.14691992,0.14691992
3994.00000000,0.14728233,0.14728233
3995.00000000,0.14770143,0.14770143
3996.00000000,0.14817677,0.14817677
3997.00000000,0.14870782,0.14870782
3998.00000000,0.14929400,0.14929400
3999.00000000,0.14993467,0.14993467
4000.00000000,0.15062910,0.15062910
