nu_cm1,R_obs,R_model_best,weight
2000.30200000,0.34729147,0.29618024,1.00000000
2000.78400000,0.34678359,0.29628322,1.00000000
2001.26600000,0.34665277,0.29638640,1.00000000
2001.74900000,0.34633465,0.29648998,1.00000000
2002.23000000,0.34624595,0.29659332,1.00000000
2002.71300000,0.34591462,0.29669727,1.00000000
2003.19500000,0.34564126,0.29680119,1.00000000
2003.67700000,0.34549941,0.29690527,1.00000000
2004.15900000,0.34522910,0.29700952,1.00000000
2004.64100000,0.34499737,0.29711392,1.00000000
2005.12300000,0.34479878,0.29721848,1.00000000
2005.60500000,0.34446809,0.29732319,1.00000000
2006.08700000,0.34429127,0.29742804,1.00000000
2006.57000000,0.34392331,0.29753325,1.00000000
2007.05200000,0.34365675,0.29763838,1.00000000
2007.53400000,0.34351662,0.29774363,1.00000000
2008.01600000,0.34323133,0.29784900,1.00000000
2008.49800000,0.34293094,0.29795449,1.00000000
2008.98000000,0.34255694,0.29806009,1.00000000
2009.46200000,0.34233952,0.29816580,1.00000000
2009.94400000,0.34201720,0.29827160,1.00000000
2010.42700000,0.34199543,0.29837772,1.00000000
2010.90900000,0.34162458,0.29848372,1.00000000
2011.39100000,0.34136782,0.29858979,1.00000000
2011.87300000,0.34116615,0.29869595,1.00000000
2012.35500000,0.34079167,0.29880217,1.00000000
2012.83700000,0.34065825,0.29890847,1.00000000
2013.31900000,0.34041321,0.29901483,1.00000000
2013.80100000,0.34004654,0.29912124,1.00000000
2014.28300000,0.33997014,0.29922771,1.00000000
2014.76600000,0.33956376,0.29933444,1.00000000
2015.24800000,0.33941588,0.29944100,1.00000000
2015.73000000,0.33881665,0.29954759,1.00000000
2016.21200000,0.33889872,0.29965421,1.00000000
2016.69400000,0.33857472,0.29976085,1.00000000
2017.17600000,0.33805934,0.29986751,1.00000000
2017.65800000,0.33801924,0.29997419,1.00000000
2018.14000000,0.33760067,0.30008087,1.00000000
2018.62300000,0.33725305,0.30018778,1.00000000
2019.10500000,0.33682048,0.30029447,1.00000000
2019.58700000,0.33647213,0.30040114,1.00000000
2020.06900000,0.33626533,0.30050781,1.00000000
2020.55100000,0.33615363,0.30061445,1.00000000
2021.03300000,0.33581946,0.30072107,1.00000000
2021.51500000,0.33555634,0.30082766,1.00000000
2021.99700000,0.33511188,0.30093421,1.00000000
2022.47900000,0.33499882,0.30104072,1.00000000
2022.96200000,0.33473490,0.30114741,1.00000000
2023.44400000,0.33426534,0.30125383,1.00000000
2023.92600000,0.33422754,0.30136018,1.00000000
2024.40800000,0.33381461,0.30146648,1.00000000
2024.89000000,0.33349449,0.30157271,1.00000000
2025.37200000,0.33323459,0.30167886,1.00000000
2025.85400000,0.33286920,0.30178494,1.00000000
2026.33600000,0.33244554,0.30189093,1.00000000
2026.81900000,0.33206398,0.30199705,1.00000000
2027.30100000,0.33189005,0.30210286,1.00000000
2027.78300000,0.33148980,0.30220856,1.00000000
2028.26500000,0.33117675,0.30231416,1.00000000
2028.74700000,0.33101050,0.30241965,1.00000000
2029.22900000,0.33061349,0.30252502,1.00000000
2029.71100000,0.33024232,0.30263027,1.00000000
2030.19300000,0.32983199,0.30273540,1.00000000
2030.67600000,0.32967960,0.30284061,1.00000000
2031.15700000,0.32924565,0.30294524,1.00000000
2031.64000000,0.32904709,0.30305017,1.00000000
2032.12200000,0.32881078,0.30315473,1.00000000
2032.60400000,0.32826206,0.30325913,1.00000000
2033.08600000,0.32816763,0.30336338,1.00000000
2033.56800000,0.32794004,0.30346746,1.00000000
2034.05000000,0.32764446,0.30357138,1.00000000
2034.53200000,0.32740039,0.30367512,1.00000000
2035.01400000,0.32709924,0.30377867,1.00000000
2035.49700000,0.32672633,0.30388226,1.00000000
2035.97900000,0.32643964,0.30398544,1.00000000
2036.46100000,0.32618991,0.30408842,1.00000000
2036.94300000,0.32578124,0.30419120,1.00000000
2037.42500000,0.32548933,0.30429378,1.00000000
2037.90700000,0.32500199,0.30439614,1.00000000
2038.38900000,0.32476853,0.30449829,1.00000000
2038.87100000,0.32432930,0.30460021,1.00000000
2039.35400000,0.32401577,0.30470212,1.00000000
2039.83600000,0.32375796,0.30480358,1.00000000
2040.31800000,0.32357134,0.30490481,1.00000000
2040.80000000,0.32295272,0.30500579,1.00000000
2041.28200000,0.32258467,0.30510652,1.00000000
2041.76400000,0.32231435,0.30520700,1.00000000
2042.24600000,0.32187920,0.30530722,1.00000000
2042.72800000,0.32168094,0.30540718,1.00000000
2043.21000000,0.32128909,0.30550687,1.00000000
2043.69300000,0.32115382,0.30560649,1.00000000
2044.17500000,0.32071223,0.30570563,1.00000000
2044.65700000,0.32036565,0.30580448,1.00000000
2045.13900000,0.32009701,0.30590304,1.00000000
2045.62100000,0.31991675,0.30600131,1.00000000
2046.10300000,0.31950652,0.30609928,1.00000000
2046.58500000,0.31933666,0.30619695,1.00000000
2047.06700000,0.31883342,0.30629430,1.00000000
2047.55000000,0.31830769,0.30639155,1.00000000
2048.03200000,0.31819530,0.30648827,1.00000000
2048.51400000,0.31778267,0.30658467,1.00000000
2048.99600000,0.31758050,0.30668075,1.00000000
2049.47800000,0.31703224,0.30677648,1.00000000
2049.96000000,0.31681311,0.30687188,1.00000000
2050.44200000,0.31652331,0.30696694,1.00000000
2050.92400000,0.31616696,0.30706165,1.00000000
2051.40600000,0.31586295,0.30715601,1.00000000
2051.88900000,0.31548079,0.30725020,1.00000000
2052.37100000,0.31521320,0.30734383,1.00000000
2052.85300000,0.31506305,0.30743710,1.00000000
2053.33500000,0.31451113,0.30753000,1.00000000
2053.81700000,0.31445245,0.30762252,1.00000000
2054.29900000,0.31405673,0.30771465,1.00000000
2054.78100000,0.31354454,0.30780641,1.00000000
2055.26300000,0.31320276,0.30789777,1.00000000
2055.74600000,0.31302158,0.30798892,1.00000000
2056.22800000,0.31277692,0.30807948,1.00000000
2056.71000000,0.31252315,0.30816964,1.00000000
2057.19200000,0.31190870,0.30825940,1.00000000
2057.67400000,0.31194891,0.30834873,1.00000000
2058.15600000,0.31144202,0.30843765,1.00000000
2058.63800000,0.31124644,0.30852615,1.00000000
2059.12000000,0.31086189,0.30861422,1.00000000
2059.60300000,0.31060139,0.30870203,1.00000000
2060.08400000,0.31026220,0.30878905,1.00000000
2060.56700000,0.30991094,0.30887599,1.00000000
2061.04900000,0.30945565,0.30896231,1.00000000
2061.53100000,0.30932730,0.30904817,1.00000000
2062.01300000,0.30892628,0.30913358,1.00000000
2062.49500000,0.30879335,0.30921853,1.00000000
2062.97700000,0.30837411,0.30930302,1.00000000
2063.45900000,0.30813030,0.30938704,1.00000000
2063.94100000,0.30758442,0.30947060,1.00000000
2064.42400000,0.30726948,0.30955384,1.00000000
2064.90600000,0.30699032,0.30963644,1.00000000
2065.38800000,0.30652796,0.30971855,1.00000000
2065.87000000,0.30634799,0.30980018,1.00000000
2066.35200000,0.30582400,0.30988131,1.00000000
2066.83400000,0.30554875,0.30996195,1.00000000
2067.31600000,0.30501780,0.31004208,1.00000000
2067.79800000,0.30486435,0.31012171,1.00000000
2068.28100000,0.30443075,0.31020100,1.00000000
2068.76300000,0.30436746,0.31027961,1.00000000
2069.24500000,0.30387269,0.31035770,1.00000000
2069.72700000,0.30365774,0.31043528,1.00000000
2070.20900000,0.30342502,0.31051232,1.00000000
2070.69100000,0.30284826,0.31058884,1.00000000
2071.17300000,0.30256693,0.31066483,1.00000000
2071.65500000,0.30223244,0.31074029,1.00000000
2072.13700000,0.30205607,0.31081520,1.00000000
2072.62000000,0.30149868,0.31088972,1.00000000
2073.10200000,0.30122463,0.31096354,1.00000000
2073.58400000,0.30097739,0.31103681,1.00000000
2074.06600000,0.30051031,0.31110953,1.00000000
2074.54800000,0.30038355,0.31118168,1.00000000
2075.03000000,0.29995593,0.31125328,1.00000000
2075.51200000,0.29974656,0.31132431,1.00000000
2075.99400000,0.29938851,0.31139477,1.00000000
2076.47700000,0.29912275,0.31146480,1.00000000
2076.95900000,0.29872568,0.31153411,1.00000000
2077.44100000,0.29848152,0.31160284,1.00000000
2077.92300000,0.29820413,0.31167098,1.00000000
2078.40500000,0.29783495,0.31173854,1.00000000
2078.88700000,0.29764460,0.31180551,1.00000000
2079.36900000,0.29734874,0.31187188,1.00000000
2079.85100000,0.29729843,0.31193766,1.00000000
2080.33300000,0.29664809,0.31200284,1.00000000
2080.81600000,0.29638996,0.31206755,1.00000000
2081.29800000,0.29598246,0.31213151,1.00000000
2081.78000000,0.29574906,0.31219487,1.00000000
2082.26200000,0.29536571,0.31225761,1.00000000
2082.74400000,0.29521258,0.31231973,1.00000000
2083.22600000,0.29475127,0.31238124,1.00000000
2083.70800000,0.29437783,0.31244212,1.00000000
2084.19000000,0.29427623,0.31250238,1.00000000
2084.67300000,0.29401157,0.31256213,1.00000000
2085.15500000,0.29348913,0.31262112,1.00000000
2085.63700000,0.29327015,0.31267948,1.00000000
2086.11900000,0.29289053,0.31273720,1.00000000
2086.60100000,0.29247591,0.31279428,1.00000000
2087.08300000,0.29220701,0.31285072,1.00000000
2087.56500000,0.29193478,0.31290651,1.00000000
2088.04700000,0.29191043,0.31296165,1.00000000
2088.53000000,0.29138890,0.31301626,1.00000000
2089.01100000,0.29118396,0.31306998,1.00000000
2089.49400000,0.29074007,0.31312326,1.00000000
2089.97600000,0.29057157,0.31317578,1.00000000
2090.45800000,0.29013872,0.31322763,1.00000000
2090.94000000,0.28998681,0.31327882,1.00000000
2091.42200000,0.28988658,0.31332933,1.00000000
2091.90400000,0.28933248,0.31337918,1.00000000
2092.38600000,0.28902855,0.31342836,1.00000000
2092.86800000,0.28888272,0.31347686,1.00000000
2093.35100000,0.28858693,0.31352477,1.00000000
2093.83300000,0.28843752,0.31357191,1.00000000
2094.31500000,0.28804117,0.31361837,1.00000000
2094.79700000,0.28786087,0.31366414,1.00000000
2095.27900000,0.28758267,0.31370922,1.00000000
2095.76100000,0.28727201,0.31375362,1.00000000
2096.24300000,0.28693179,0.31379732,1.00000000
2096.72500000,0.28652807,0.31384032,1.00000000
2097.20800000,0.28638427,0.31388272,1.00000000
2097.69000000,0.28638082,0.31392433,1.00000000
2098.17200000,0.28582257,0.31396524,1.00000000
2098.65400000,0.28567054,0.31400545,1.00000000
2099.13600000,0.28541833,0.31404495,1.00000000
2099.61800000,0.28513042,0.31408375,1.00000000
2100.10000000,0.28484587,0.31412184,1.00000000
2100.58200000,0.28454994,0.31415921,1.00000000
2101.06400000,0.28440157,0.31419588,1.00000000
2101.54700000,0.28408326,0.31423190,1.00000000
2102.02900000,0.28402962,0.31426713,1.00000000
2102.51100000,0.28354572,0.31430165,1.00000000
2102.99300000,0.28344180,0.31433545,1.00000000
2103.47500000,0.28308371,0.31436852,1.00000000
2103.95700000,0.28300134,0.31440087,1.00000000
2104.43900000,0.28275745,0.31443250,1.00000000
2104.92100000,0.28247985,0.31446340,1.00000000
2105.40400000,0.28234608,0.31449363,1.00000000
2105.88600000,0.28214805,0.31452308,1.00000000
2106.36800000,0.28191915,0.31455179,1.00000000
2106.85000000,0.28136933,0.31457977,1.00000000
2107.33200000,0.28128829,0.31460702,1.00000000
2107.81400000,0.28127917,0.31463353,1.00000000
2108.29600000,0.28100418,0.31465931,1.00000000
2108.77800000,0.28056464,0.31468435,1.00000000
2109.26000000,0.28040144,0.31470865,1.00000000
2109.74300000,0.28013123,0.31473225,1.00000000
2110.22500000,0.27981751,0.31475507,1.00000000
2110.70700000,0.27964373,0.31477715,1.00000000
2111.18900000,0.27957476,0.31479848,1.00000000
2111.67100000,0.27938904,0.31481907,1.00000000
2112.15300000,0.27912527,0.31483892,1.00000000
2112.63500000,0.27874286,0.31485801,1.00000000
2113.11700000,0.27870704,0.31487636,1.00000000
2113.60000000,0.27852773,0.31489400,1.00000000
2114.08200000,0.27832052,0.31491085,1.00000000
2114.56400000,0.27818514,0.31492696,1.00000000
2115.04600000,0.27792789,0.31494231,1.00000000
2115.52800000,0.27782374,0.31495691,1.00000000
2116.01000000,0.27743939,0.31497076,1.00000000
2116.49200000,0.27742532,0.31498386,1.00000000
2116.97400000,0.27729804,0.31499620,1.00000000
2117.45700000,0.27701976,0.31500781,1.00000000
2117.93800000,0.27675339,0.31501862,1.00000000
2118.42100000,0.27648485,0.31502873,1.00000000
2118.90300000,0.27642030,0.31503805,1.00000000
2119.38500000,0.27633761,0.31504662,1.00000000
2119.86700000,0.27617780,0.31505443,1.00000000
2120.34900000,0.27588854,0.31506148,1.00000000
2120.83100000,0.27572672,0.31506778,1.00000000
2121.31300000,0.27554549,0.31507332,1.00000000
2121.79500000,0.27535413,0.31507811,1.00000000
2122.27800000,0.27504554,0.31508214,1.00000000
2122.76000000,0.27498339,0.31508541,1.00000000
2123.24200000,0.27494013,0.31508792,1.00000000
2123.72400000,0.27475325,0.31508967,1.00000000
2124.20600000,0.27455028,0.31509067,1.00000000
2124.68800000,0.27428610,0.31509090,1.00000000
2125.17000000,0.27417948,0.31509038,1.00000000
2125.65200000,0.27417022,0.31508910,1.00000000
2126.13500000,0.27374078,0.31508706,1.00000000
2126.61700000,0.27387923,0.31508426,1.00000000
2127.09900000,0.27349717,0.31508071,1.00000000
2127.58100000,0.27340874,0.31507639,1.00000000
2128.06300000,0.27340152,0.31507133,1.00000000
2128.54500000,0.27315935,0.31506550,1.00000000
2129.02700000,0.27300168,0.31505892,1.00000000
2129.50900000,0.27285149,0.31505158,1.00000000
2129.99100000,0.27273819,0.31504349,1.00000000
2130.47400000,0.27260259,0.31503462,1.00000000
2130.95600000,0.27239441,0.31502502,1.00000000
2131.43800000,0.27230295,0.31501466,1.00000000
2131.92000000,0.27214449,0.31500355,1.00000000
2132.40200000,0.27217936,0.31499169,1.00000000
2132.88400000,0.27212650,0.31497907,1.00000000
2133.36600000,0.27192257,0.31496571,1.00000000
2133.84800000,0.27157671,0.31495159,1.00000000
2134.33100000,0.27165963,0.31493669,1.00000000
2134.81300000,0.27135195,0.31492107,1.00000000
2135.29500000,0.27152625,0.31490470,1.00000000
2135.77700000,0.27128010,0.31488759,1.00000000
2136.25900000,0.27103363,0.31486973,1.00000000
2136.74100000,0.27085808,0.31485112,1.00000000
2137.22300000,0.27083827,0.31483177,1.00000000
2137.70500000,0.27080028,0.31481168,1.00000000
2138.18800000,0.27070439,0.31479080,1.00000000
2138.67000000,0.27055329,0.31476922,1.00000000
2139.15200000,0.27028835,0.31474690,1.00000000
2139.63400000,0.27033950,0.31472384,1.00000000
2140.11600000,0.27012305,0.31470004,1.00000000
2140.59800000,0.27002280,0.31467551,1.00000000
2141.08000000,0.26988400,0.31465024,1.00000000
2141.56200000,0.26984158,0.31462424,1.00000000
2142.04400000,0.26975290,0.31459751,1.00000000
2142.52700000,0.26967475,0.31456998,1.00000000
2143.00900000,0.26978588,0.31454179,1.00000000
2143.49100000,0.26972504,0.31451286,1.00000000
2143.97300000,0.26952851,0.31448321,1.00000000
2144.45500000,0.26952571,0.31445283,1.00000000
2144.93700000,0.26943639,0.31442174,1.00000000
2145.41900000,0.26944393,0.31438991,1.00000000
2145.90100000,0.26937146,0.31435737,1.00000000
2146.38400000,0.26924250,0.31432404,1.00000000
2146.86500000,0.26921225,0.31429014,1.00000000
2147.34800000,0.26922249,0.31425537,1.00000000
2147.83000000,0.26901579,0.31421997,1.00000000
2148.31200000,0.26907641,0.31418385,1.00000000
2148.79400000,0.26896869,0.31414702,1.00000000
2149.27600000,0.26888721,0.31410949,1.00000000
2149.75800000,0.26879974,0.31407125,1.00000000
2150.24000000,0.26877715,0.31403231,1.00000000
2150.72200000,0.26875897,0.31399266,1.00000000
2151.20500000,0.26884103,0.31395223,1.00000000
2151.68700000,0.26872685,0.31391119,1.00000000
2152.16900000,0.26855203,0.31386945,1.00000000
2152.65100000,0.26852628,0.31382702,1.00000000
2153.13300000,0.26839338,0.31378390,1.00000000
2153.61500000,0.26848448,0.31374009,1.00000000
2154.09700000,0.26829795,0.31369560,1.00000000
2154.57900000,0.26829334,0.31365042,1.00000000
2155.06200000,0.26835974,0.31360446,1.00000000
2155.54400000,0.26826012,0.31355792,1.00000000
2156.02600000,0.26842808,0.31351071,1.00000000
2156.50800000,0.26827774,0.31346281,1.00000000
2156.99000000,0.26824647,0.31341425,1.00000000
2157.47200000,0.26828037,0.31336502,1.00000000
2157.95400000,0.26821124,0.31331512,1.00000000
2158.43600000,0.26803286,0.31326456,1.00000000
2158.91800000,0.26807896,0.31321333,1.00000000
2159.40100000,0.26800200,0.31316134,1.00000000
2159.88300000,0.26813462,0.31310880,1.00000000
2160.36500000,0.26817687,0.31305561,1.00000000
2160.84700000,0.26795459,0.31300176,1.00000000
2161.32900000,0.26812956,0.31294727,1.00000000
2161.81100000,0.26797273,0.31289213,1.00000000
2162.29300000,0.26811830,0.31283636,1.00000000
2162.77500000,0.26815101,0.31277994,1.00000000
2163.25800000,0.26800744,0.31272277,1.00000000
2163.74000000,0.26808069,0.31266508,1.00000000
2164.22200000,0.26835990,0.31260676,1.00000000
2164.70400000,0.26809233,0.31254781,1.00000000
2165.18600000,0.26827350,0.31248824,1.00000000
2165.66800000,0.26828136,0.31242805,1.00000000
2166.15000000,0.26814825,0.31236724,1.00000000
2166.63200000,0.26812656,0.31230582,1.00000000
2167.11500000,0.26817361,0.31224366,1.00000000
2167.59700000,0.26810376,0.31218101,1.00000000
2168.07900000,0.26812701,0.31211776,1.00000000
2168.56100000,0.26802523,0.31205391,1.00000000
2169.04300000,0.26827187,0.31198946,1.00000000
2169.52500000,0.26809235,0.31192442,1.00000000
2170.00700000,0.26819466,0.31185878,1.00000000
2170.48900000,0.26835097,0.31179255,1.00000000
2170.97100000,0.26835252,0.31172574,1.00000000
2171.45400000,0.26830636,0.31165821,1.00000000
2171.93600000,0.26845513,0.31159024,1.00000000
2172.41800000,0.26843785,0.31152169,1.00000000
2172.90000000,0.26868955,0.31145258,1.00000000
2173.38200000,0.26870693,0.31138290,1.00000000
2173.86400000,0.26850853,0.31131265,1.00000000
2174.34600000,0.26879711,0.31124184,1.00000000
2174.82800000,0.26881751,0.31117048,1.00000000
2175.31100000,0.26877815,0.31109841,1.00000000
2175.79200000,0.26879272,0.31102609,1.00000000
2176.27500000,0.26865442,0.31095293,1.00000000
2176.75700000,0.26886916,0.31087938,1.00000000
2177.23900000,0.26904882,0.31080529,1.00000000
2177.72100000,0.26909916,0.31073066,1.00000000
2178.20300000,0.26937921,0.31065551,1.00000000
2178.68500000,0.26928587,0.31057983,1.00000000
2179.16700000,0.26942951,0.31050362,1.00000000
2179.64900000,0.26954404,0.31042690,1.00000000
2180.13200000,0.26952709,0.31034951,1.00000000
2180.61400000,0.26976623,0.31027176,1.00000000
2181.09600000,0.26985078,0.31019351,1.00000000
2181.57800000,0.27004419,0.31011475,1.00000000
2182.06000000,0.27022150,0.31003550,1.00000000
2182.54200000,0.26998028,0.30995575,1.00000000
2183.02400000,0.27014882,0.30987551,1.00000000
2183.50600000,0.27023824,0.30979479,1.00000000
2183.98900000,0.27044977,0.30971342,1.00000000
2184.47100000,0.27047433,0.30963173,1.00000000
2184.95300000,0.27031293,0.30954958,1.00000000
2185.43500000,0.27055374,0.30946695,1.00000000
2185.91700000,0.27068217,0.30938386,1.00000000
2186.39900000,0.27078023,0.30930031,1.00000000
2186.88100000,0.27089301,0.30921630,1.00000000
2187.36300000,0.27099366,0.30913185,1.00000000
2187.84500000,0.27106574,0.30904694,1.00000000
2188.32800000,0.27115284,0.30896141,1.00000000
2188.81000000,0.27119618,0.30887563,1.00000000
2189.29200000,0.27106369,0.30878940,1.00000000
2189.77400000,0.27153176,0.30870275,1.00000000
2190.25600000,0.27165423,0.30861568,1.00000000
2190.73800000,0.27158047,0.30852818,1.00000000
2191.22000000,0.27193716,0.30844026,1.00000000
2191.70200000,0.27205202,0.30835194,1.00000000
2192.18500000,0.27198582,0.30826302,1.00000000
2192.66700000,0.27206244,0.30817389,1.00000000
2193.14900000,0.27223481,0.30808435,1.00000000
2193.63100000,0.27231272,0.30799443,1.00000000
2194.11300000,0.27249349,0.30790411,1.00000000
2194.59500000,0.27270160,0.30781341,1.00000000
2195.07700000,0.27283515,0.30772233,1.00000000
2195.55900000,0.27295529,0.30763088,1.00000000
2196.04200000,0.27307248,0.30753886,1.00000000
2196.52400000,0.27324671,0.30744667,1.00000000
2197.00600000,0.27338070,0.30735412,1.00000000
2197.48800000,0.27347771,0.30726122,1.00000000
2197.97000000,0.27374927,0.30716796,1.00000000
2198.45200000,0.27380963,0.30707436,1.00000000
2198.93400000,0.27387163,0.30698042,1.00000000
2199.41600000,0.27417507,0.30688614,1.00000000
2199.89800000,0.27429736,0.30679152,1.00000000
2200.38100000,0.27438426,0.30669639,1.00000000
2200.86300000,0.27458906,0.30660113,1.00000000
2201.34500000,0.27457232,0.30650555,1.00000000
2201.82700000,0.27499022,0.30640966,1.00000000
2202.30900000,0.27502149,0.30631347,1.00000000
2202.79100000,0.27518521,0.30621697,1.00000000
2203.27300000,0.27531589,0.30612017,1.00000000
2203.75500000,0.27565429,0.30602309,1.00000000
2204.23800000,0.27564009,0.30592551,1.00000000
2204.71900000,0.27601770,0.30582806,1.00000000
2205.20200000,0.27619548,0.30572992,1.00000000
2205.68400000,0.27630042,0.30563171,1.00000000
2206.16600000,0.27638287,0.30553324,1.00000000
2206.64800000,0.27666545,0.30543451,1.00000000
2207.13000000,0.27677868,0.30533552,1.00000000
2207.61200000,0.27697078,0.30523627,1.00000000
2208.09400000,0.27720612,0.30513679,1.00000000
2208.57600000,0.27737807,0.30503706,1.00000000
2209.05900000,0.27747928,0.30493688,1.00000000
2209.54100000,0.27780718,0.30483668,1.00000000
2210.02300000,0.27781818,0.30473626,1.00000000
2210.50500000,0.27800958,0.30463562,1.00000000
2210.98700000,0.27839497,0.30453476,1.00000000
2211.46900000,0.27845959,0.30443369,1.00000000
2211.95100000,0.27880112,0.30433241,1.00000000
2212.43300000,0.27889815,0.30423093,1.00000000
2212.91600000,0.27895530,0.30412905,1.00000000
2213.39800000,0.27902092,0.30402719,1.00000000
2213.88000000,0.27922136,0.30392515,1.00000000
2214.36200000,0.27947245,0.30382293,1.00000000
2214.84400000,0.27972712,0.30372053,1.00000000
2215.32600000,0.27989150,0.30361797,1.00000000
2215.80800000,0.28017923,0.30351524,1.00000000
2216.29000000,0.28024561,0.30341235,1.00000000
2216.77200000,0.28068943,0.30330931,1.00000000
2217.25500000,0.28076944,0.30320591,1.00000000
2217.73700000,0.28101419,0.30310258,1.00000000
2218.21900000,0.28121469,0.30299912,1.00000000
2218.70100000,0.28140347,0.30289552,1.00000000
2219.18300000,0.28151596,0.30279180,1.00000000
2219.66500000,0.28161613,0.30268796,1.00000000
2220.14700000,0.28198506,0.30258400,1.00000000
2220.62900000,0.28207581,0.30247993,1.00000000
2221.11200000,0.28210886,0.30237555,1.00000000
2221.59400000,0.28237482,0.30227127,1.00000000
2222.07600000,0.28252674,0.30216691,1.00000000
2222.55800000,0.28291993,0.30206245,1.00000000
2223.04000000,0.28304364,0.30195792,1.00000000
2223.52200000,0.28329413,0.30185330,1.00000000
2224.00400000,0.28339491,0.30174862,1.00000000
2224.48600000,0.28404556,0.30164386,1.00000000
2224.96900000,0.28404765,0.30153883,1.00000000
2225.45100000,0.28433855,0.30143396,1.00000000
2225.93300000,0.28455267,0.30132903,1.00000000
2226.41500000,0.28475246,0.30122407,1.00000000
2226.89700000,0.28497824,0.30111906,1.00000000
2227.37900000,0.28523752,0.30101402,1.00000000
2227.86100000,0.28558884,0.30090895,1.00000000
2228.34300000,0.28582844,0.30080385,1.00000000
2228.82500000,0.28593102,0.30069874,1.00000000
2229.30800000,0.28608696,0.30059339,1.00000000
2229.79000000,0.28619742,0.30048826,1.00000000
2230.27200000,0.28659056,0.30038312,1.00000000
2230.75400000,0.28667262,0.30027799,1.00000000
2231.23600000,0.28729755,0.30017287,1.00000000
2231.71800000,0.28730021,0.30006776,1.00000000
2232.20000000,0.28759203,0.29996267,1.00000000
2232.68200000,0.28765101,0.29985760,1.00000000
2233.16500000,0.28801190,0.29975235,1.00000000
2233.64600000,0.28803575,0.29964757,1.00000000
2234.12900000,0.28814918,0.29954239,1.00000000
2234.61100000,0.28858760,0.29943748,1.00000000
2235.09300000,0.28864656,0.29933262,1.00000000
2235.57500000,0.28917696,0.29922782,1.00000000
2236.05700000,0.28922825,0.29912308,1.00000000
2236.53900000,0.28947179,0.29901840,1.00000000
2237.02100000,0.28967846,0.29891381,1.00000000
2237.50300000,0.28964796,0.29880929,1.00000000
2237.98600000,0.29008748,0.29870464,1.00000000
2238.46800000,0.29038063,0.29860029,1.00000000
2238.95000000,0.29047890,0.29849604,1.00000000
2239.43200000,0.29064239,0.29839189,1.00000000
2239.91400000,0.29098875,0.29828785,1.00000000
2240.39600000,0.29110846,0.29818391,1.00000000
2240.87800000,0.29134441,0.29808010,1.00000000
2241.36000000,0.29170971,0.29797640,1.00000000
2241.84300000,0.29189430,0.29787262,1.00000000
2242.32500000,0.29198723,0.29776918,1.00000000
2242.80700000,0.29199823,0.29766588,1.00000000
2243.28900000,0.29253362,0.29756273,1.00000000
2243.77100000,0.29253637,0.29745972,1.00000000
2244.25300000,0.29287713,0.29735687,1.00000000
2244.73500000,0.29311039,0.29725418,1.00000000
2245.21700000,0.29335664,0.29715165,1.00000000
2245.69900000,0.29352825,0.29704928,1.00000000
2246.18200000,0.29376539,0.29694689,1.00000000
2246.66400000,0.29391586,0.29684488,1.00000000
2247.14600000,0.29418800,0.29674306,1.00000000
2247.62800000,0.29452007,0.29664143,1.00000000
2248.11000000,0.29475212,0.29654000,1.00000000
2248.59200000,0.29496206,0.29643876,1.00000000
2249.07400000,0.29512062,0.29633773,1.00000000
2249.55600000,0.29535949,0.29623692,1.00000000
2250.03900000,0.29558487,0.29613611,1.00000000
2250.52100000,0.29578386,0.29603573,1.00000000
2251.00300000,0.29604911,0.29593558,1.00000000
2251.48500000,0.29618450,0.29583566,1.00000000
2251.96700000,0.29640241,0.29573598,1.00000000
2252.44900000,0.29680619,0.29563654,1.00000000
2252.93100000,0.29692300,0.29553734,1.00000000
2253.41300000,0.29722350,0.29543840,1.00000000
2253.89600000,0.29731423,0.29533952,1.00000000
2254.37800000,0.29759016,0.29524110,1.00000000
2254.86000000,0.29787502,0.29514294,1.00000000
2255.34200000,0.29810608,0.29504506,1.00000000
2255.82400000,0.29818704,0.29494746,1.00000000
2256.30600000,0.29850409,0.29485014,1.00000000
2256.78800000,0.29884370,0.29475311,1.00000000
2257.27000000,0.29916682,0.29465637,1.00000000
2257.75200000,0.29910757,0.29455992,1.00000000
2258.23500000,0.29951132,0.29446359,1.00000000
2258.71700000,0.29964325,0.29436775,1.00000000
2259.19900000,0.30000438,0.29427223,1.00000000
2259.68100000,0.30012901,0.29417703,1.00000000
2260.16300000,0.30032705,0.29408215,1.00000000
2260.64500000,0.30082142,0.29398760,1.00000000
2261.12700000,0.30077290,0.29389338,1.00000000
2261.60900000,0.30091670,0.29379949,1.00000000
2262.09200000,0.30130011,0.29370576,1.00000000
2262.57300000,0.30149205,0.29361276,1.00000000
2263.05600000,0.30163884,0.29351972,1.00000000
2263.53800000,0.30203118,0.29342723,1.00000000
2264.02000000,0.30221456,0.29333510,1.00000000
2264.50200000,0.30227027,0.29324334,1.00000000
2264.98400000,0.30240668,0.29315195,1.00000000
2265.46600000,0.30274776,0.29306093,1.00000000
2265.94800000,0.30313737,0.29297029,1.00000000
2266.43000000,0.30320839,0.29288003,1.00000000
2266.91300000,0.30348222,0.29278998,1.00000000
2267.39500000,0.30349765,0.29270051,1.00000000
2267.87700000,0.30385778,0.29261144,1.00000000
2268.35900000,0.30425071,0.29252277,1.00000000
2268.84100000,0.30433888,0.29243450,1.00000000
2269.32300000,0.30460223,0.29234665,1.00000000
2269.80500000,0.30484226,0.29225921,1.00000000
2270.28700000,0.30507451,0.29217220,1.00000000
2270.77000000,0.30517770,0.29208543,1.00000000
2271.25200000,0.30548814,0.29199927,1.00000000
2271.73400000,0.30564125,0.29191354,1.00000000
2272.21600000,0.30597389,0.29182825,1.00000000
2272.69800000,0.30610762,0.29174341,1.00000000
2273.18000000,0.30659488,0.29165901,1.00000000
2273.66200000,0.30672601,0.29157506,1.00000000
2274.14400000,0.30681181,0.29149157,1.00000000
2274.62600000,0.30701574,0.29140854,1.00000000
2275.10900000,0.30731161,0.29132580,1.00000000
2275.59100000,0.30746261,0.29124370,1.00000000
2276.07300000,0.30769863,0.29116208,1.00000000
2276.55500000,0.30773381,0.29108093,1.00000000
2277.03700000,0.30799271,0.29100026,1.00000000
2277.51900000,0.30821614,0.29092008,1.00000000
2278.00100000,0.30841251,0.29084039,1.00000000
2278.48300000,0.30871557,0.29076119,1.00000000
2278.96600000,0.30876819,0.29068232,1.00000000
2279.44800000,0.30898069,0.29060412,1.00000000
2279.93000000,0.30943017,0.29052643,1.00000000
2280.41200000,0.30959876,0.29044924,1.00000000
2280.89400000,0.30965409,0.29037257,1.00000000
2281.37600000,0.31022147,0.29029642,1.00000000
2281.85800000,0.31029773,0.29022078,1.00000000
2282.34000000,0.31055036,0.29014567,1.00000000
2282.82300000,0.31075016,0.29007094,1.00000000
2283.30500000,0.31068762,0.28999690,1.00000000
2283.78700000,0.31104879,0.28992339,1.00000000
2284.26900000,0.31094985,0.28985042,1.00000000
2284.75100000,0.31124146,0.28977799,1.00000000
2285.23300000,0.31141580,0.28970612,1.00000000
2285.71500000,0.31158454,0.28963479,1.00000000
2286.19700000,0.31179581,0.28956402,1.00000000
2286.67900000,0.31185013,0.28949381,1.00000000
2287.16200000,0.31194777,0.28942402,1.00000000
2287.64400000,0.31226786,0.28935494,1.00000000
2288.12600000,0.31243945,0.28928642,1.00000000
2288.60800000,0.31254606,0.28921848,1.00000000
2289.09000000,0.31279174,0.28915112,1.00000000
2289.57200000,0.31285190,0.28908434,1.00000000
2290.05400000,0.31308457,0.28901814,1.00000000
2290.53600000,0.31311472,0.28895253,1.00000000
2291.01900000,0.31319549,0.28888737,1.00000000
2291.50000000,0.31344828,0.28882307,1.00000000
2291.98300000,0.31355928,0.28875911,1.00000000
2292.46500000,0.31382322,0.28869588,1.00000000
2292.94700000,0.31400893,0.28863325,1.00000000
2293.42900000,0.31398453,0.28857123,1.00000000
2293.91100000,0.31427404,0.28850981,1.00000000
2294.39300000,0.31454945,0.28844901,1.00000000
2294.87500000,0.31441439,0.28838883,1.00000000
2295.35700000,0.31462687,0.28832926,1.00000000
2295.84000000,0.31491603,0.28827020,1.00000000
2296.32200000,0.31482185,0.28821188,1.00000000
2296.80400000,0.31507664,0.28815419,1.00000000
2297.28600000,0.31520472,0.28809714,1.00000000
2297.76800000,0.31516512,0.28804071,1.00000000
2298.25000000,0.31564104,0.28798493,1.00000000
2298.73200000,0.31573158,0.28792978,1.00000000
2299.21400000,0.31582958,0.28787527,1.00000000
2299.69700000,0.31602707,0.28782130,1.00000000
2300.17900000,0.31594693,0.28776809,1.00000000
2300.66100000,0.31637197,0.28771553,1.00000000
2301.14300000,0.31645101,0.28766362,1.00000000
2301.62500000,0.31652308,0.28761237,1.00000000
2302.10700000,0.31666508,0.28756178,1.00000000
2302.58900000,0.31689617,0.28751185,1.00000000
2303.07100000,0.31699544,0.28746258,1.00000000
2303.55300000,0.31710601,0.28741398,1.00000000
2304.03600000,0.31723912,0.28736595,1.00000000
2304.51800000,0.31715527,0.28731869,1.00000000
2305.00000000,0.31729629,0.28727211,1.00000000
2305.48200000,0.31724906,0.28722620,1.00000000
2305.96400000,0.31746624,0.28718097,1.00000000
2306.44600000,0.31748077,0.28713641,1.00000000
2306.92800000,0.31757163,0.28709255,1.00000000
2307.41000000,0.31769662,0.28704936,1.00000000
2307.89300000,0.31744580,0.28700678,1.00000000
2308.37500000,0.31756403,0.28696498,1.00000000
2308.85700000,0.31777648,0.28692387,1.00000000
2309.33900000,0.31798491,0.28688345,1.00000000
2309.82100000,0.31802226,0.28684373,1.00000000
2310.30300000,0.31816193,0.28680470,1.00000000
2310.78500000,0.31839431,0.28676638,1.00000000
2311.26700000,0.31856484,0.28672875,1.00000000
2311.75000000,0.31884919,0.28669176,1.00000000
2312.23200000,0.31893236,0.28665555,1.00000000
2312.71400000,0.31921070,0.28662004,1.00000000
2313.19600000,0.31935664,0.28658525,1.00000000
2313.67800000,0.31938434,0.28655116,1.00000000
2314.16000000,0.31982328,0.28651779,1.00000000
2314.64200000,0.31959177,0.28648514,1.00000000
2315.12400000,0.32000723,0.28645320,1.00000000
2315.60600000,0.31993778,0.28642197,1.00000000
2316.08900000,0.32006935,0.28639141,1.00000000
2316.57100000,0.32009301,0.28636163,1.00000000
2317.05300000,0.32016375,0.28633257,1.00000000
2317.53500000,0.32023213,0.28630424,1.00000000
2318.01700000,0.32023049,0.28627663,1.00000000
2318.49900000,0.32023725,0.28624975,1.00000000
2318.98100000,0.32029386,0.28622359,1.00000000
2319.46300000,0.32023755,0.28619817,1.00000000
2319.94600000,0.32047371,0.28617342,1.00000000
2320.42700000,0.32041476,0.28614951,1.00000000
2320.91000000,0.32075531,0.28612624,1.00000000
2321.39200000,0.32067773,0.28610375,1.00000000
2321.87400000,0.32060001,0.28608199,1.00000000
2322.35600000,0.32077276,0.28606097,1.00000000
2322.83800000,0.32098813,0.28604069,1.00000000
2323.32000000,0.32087429,0.28602115,1.00000000
2323.80200000,0.32122042,0.28600234,1.00000000
2324.28400000,0.32137106,0.28598428,1.00000000
2324.76700000,0.32151151,0.28596693,1.00000000
2325.24900000,0.32192614,0.28595035,1.00000000
2325.73100000,0.32213574,0.28593452,1.00000000
2326.21300000,0.32231561,0.28591943,1.00000000
2326.69500000,0.32258331,0.28590509,1.00000000
2327.17700000,0.32278270,0.28589149,1.00000000
2327.65900000,0.32287871,0.28587864,1.00000000
2328.14100000,0.32347806,0.28586653,1.00000000
2328.62400000,0.32339497,0.28585515,1.00000000
2329.10600000,0.32352644,0.28584454,1.00000000
2329.58800000,0.32376139,0.28583469,1.00000000
2330.07000000,0.32391408,0.28582558,1.00000000
2330.55200000,0.32415778,0.28581722,1.00000000
2331.03400000,0.32409527,0.28580961,1.00000000
2331.51600000,0.32416139,0.28580275,1.00000000
2331.99800000,0.32428199,0.28579664,1.00000000
2332.48000000,0.32451259,0.28579128,1.00000000
2332.96300000,0.32460669,0.28578667,1.00000000
2333.44500000,0.32446077,0.28578282,1.00000000
2333.92700000,0.32451220,0.28577971,1.00000000
2334.40900000,0.32455990,0.28577737,1.00000000
2334.89100000,0.32430099,0.28577577,1.00000000
2335.37300000,0.32439532,0.28577492,1.00000000
2335.85500000,0.32445308,0.28577483,1.00000000
2336.33700000,0.32445087,0.28577549,1.00000000
2336.82000000,0.32432949,0.28577691,1.00000000
2337.30200000,0.32432166,0.28577907,1.00000000
2337.78400000,0.32418783,0.28578199,1.00000000
2338.26600000,0.32434975,0.28578566,1.00000000
2338.74800000,0.32417930,0.28579008,1.00000000
2339.23000000,0.32397620,0.28579525,1.00000000
2339.71200000,0.32431251,0.28580117,1.00000000
2340.19400000,0.32397603,0.28580785,1.00000000
2340.67700000,0.32410173,0.28581529,1.00000000
2341.15900000,0.32422199,0.28582346,1.00000000
2341.64100000,0.32475311,0.28583239,1.00000000
2342.12300000,0.32471053,0.28584206,1.00000000
2342.60500000,0.32497116,0.28585248,1.00000000
2343.08700000,0.32517590,0.28586365,1.00000000
2343.56900000,0.32534328,0.28587557,1.00000000
2344.05100000,0.32554183,0.28588824,1.00000000
2344.53300000,0.32545067,0.28590165,1.00000000
2345.01600000,0.32580118,0.28591583,1.00000000
2345.49800000,0.32541796,0.28593074,1.00000000
2345.98000000,0.32576409,0.28594638,1.00000000
2346.46200000,0.32591453,0.28596277,1.00000000
2346.94400000,0.32570155,0.28597990,1.00000000
2347.42600000,0.32589370,0.28599777,1.00000000
2347.90800000,0.32594599,0.28601639,1.00000000
2348.39000000,0.32629666,0.28603574,1.00000000
2348.87300000,0.32628484,0.28605587,1.00000000
2349.35400000,0.32631153,0.28607666,1.00000000
2349.83700000,0.32659924,0.28609827,1.00000000
2350.31900000,0.32657753,0.28612057,1.00000000
2350.80100000,0.32650273,0.28614361,1.00000000
2351.28300000,0.32650082,0.28616738,1.00000000
2351.76500000,0.32673571,0.28619188,1.00000000
2352.24700000,0.32656925,0.28621711,1.00000000
2352.72900000,0.32683164,0.28624307,1.00000000
2353.21100000,0.32683330,0.28626975,1.00000000
2353.69400000,0.32693919,0.28629722,1.00000000
2354.17600000,0.32723024,0.28632536,1.00000000
2354.65800000,0.32735757,0.28635423,1.00000000
2355.14000000,0.32731355,0.28638381,1.00000000
2355.62200000,0.32747418,0.28641412,1.00000000
2356.10400000,0.32750086,0.28644514,1.00000000
2356.58600000,0.32761010,0.28647688,1.00000000
2357.06800000,0.32759511,0.28650934,1.00000000
2357.55100000,0.32729258,0.28654258,1.00000000
2358.03300000,0.32722629,0.28657646,1.00000000
2358.51500000,0.32737494,0.28661106,1.00000000
2358.99700000,0.32719645,0.28664636,1.00000000
2359.47900000,0.32767180,0.28668237,1.00000000
2359.96100000,0.32771352,0.28671909,1.00000000
2360.44300000,0.32764884,0.28675651,1.00000000
2360.92500000,0.32808838,0.28679463,1.00000000
2361.40700000,0.32816968,0.28683345,1.00000000
2361.89000000,0.32831887,0.28687304,1.00000000
2362.37200000,0.32816488,0.28691326,1.00000000
2362.85400000,0.32783672,0.28695416,1.00000000
2363.33600000,0.32792192,0.28699576,1.00000000
2363.81800000,0.32758803,0.28703805,1.00000000
2364.30000000,0.32726081,0.28708102,1.00000000
2364.78200000,0.32728304,0.28712467,1.00000000
2365.26400000,0.32707265,0.28716901,1.00000000
2365.74700000,0.32738741,0.28721413,1.00000000
2366.22900000,0.32764914,0.28725982,1.00000000
2366.71100000,0.32773488,0.28730620,1.00000000
2367.19300000,0.32797092,0.28735324,1.00000000
2367.67500000,0.32851812,0.28740096,1.00000000
2368.15700000,0.32887222,0.28744934,1.00000000
2368.63900000,0.32913837,0.28749839,1.00000000
2369.12100000,0.32939662,0.28754810,1.00000000
2369.60400000,0.32951506,0.28759858,1.00000000
2370.08600000,0.32955977,0.28764961,1.00000000
2370.56800000,0.32956733,0.28770130,1.00000000
2371.05000000,0.32929337,0.28775364,1.00000000
2371.53200000,0.32930706,0.28780662,1.00000000
2372.01400000,0.32930558,0.28786026,1.00000000
2372.49600000,0.32928795,0.28791454,1.00000000
2372.97800000,0.32919920,0.28796946,1.00000000
2373.46000000,0.32931658,0.28802502,1.00000000
2373.94300000,0.32917769,0.28808133,1.00000000
2374.42500000,0.32940625,0.28813816,1.00000000
2374.90700000,0.32962491,0.28819562,1.00000000
2375.38900000,0.32972989,0.28825371,1.00000000
2375.87100000,0.32964183,0.28831242,1.00000000
2376.35300000,0.32987231,0.28837175,1.00000000
2376.83500000,0.33002982,0.28843170,1.00000000
2377.31700000,0.33009816,0.28849227,1.00000000
2377.79900000,0.33030589,0.28855345,1.00000000
2378.28100000,0.33035576,0.28861523,1.00000000
2378.76400000,0.33075244,0.28867775,1.00000000
2379.24600000,0.33071406,0.28874074,1.00000000
2379.72800000,0.33101299,0.28880434,1.00000000
2380.21000000,0.33084435,0.28886852,1.00000000
2380.69200000,0.33116981,0.28893331,1.00000000
2381.17400000,0.33116645,0.28899868,1.00000000
2381.65600000,0.33133980,0.28906463,1.00000000
2382.13800000,0.33157078,0.28913117,1.00000000
2382.62100000,0.33168646,0.28919842,1.00000000
2383.10300000,0.33188802,0.28926612,1.00000000
2383.58500000,0.33192959,0.28933438,1.00000000
2384.06700000,0.33211912,0.28940322,1.00000000
2384.54900000,0.33209048,0.28947261,1.00000000
2385.03100000,0.33253142,0.28954257,1.00000000
2385.51300000,0.33235113,0.28961309,1.00000000
2385.99500000,0.33233520,0.28968416,1.00000000
2386.47800000,0.33251844,0.28975593,1.00000000
2386.96000000,0.33259357,0.28982810,1.00000000
2387.44200000,0.33288474,0.28990081,1.00000000
2387.92400000,0.33274558,0.28997407,1.00000000
2388.40600000,0.33274235,0.29004785,1.00000000
2388.88800000,0.33267822,0.29012217,1.00000000
2389.37000000,0.33266305,0.29019702,1.00000000
2389.85200000,0.33262332,0.29027239,1.00000000
2390.33400000,0.33260042,0.29034828,1.00000000
2390.81700000,0.33264854,0.29042485,1.00000000
2391.29900000,0.33255780,0.29050177,1.00000000
2391.78100000,0.33252845,0.29057920,1.00000000
2392.26300000,0.33240207,0.29065713,1.00000000
2392.74500000,0.33257159,0.29073556,1.00000000
2393.22700000,0.33230867,0.29081449,1.00000000
2393.70900000,0.33244392,0.29089392,1.00000000
2394.19100000,0.33263600,0.29097383,1.00000000
2394.67400000,0.33236203,0.29105439,1.00000000
2395.15600000,0.33246677,0.29113527,1.00000000
2395.63800000,0.33230455,0.29121662,1.00000000
2396.12000000,0.33242963,0.29129844,1.00000000
2396.60200000,0.33219273,0.29138073,1.00000000
2397.08400000,0.33223660,0.29146348,1.00000000
2397.56600000,0.33200228,0.29154670,1.00000000
2398.04800000,0.33214027,0.29163036,1.00000000
2398.53100000,0.33210630,0.29171466,1.00000000
2399.01200000,0.33198841,0.29179905,1.00000000
2399.49500000,0.33198691,0.29188423,1.00000000
2399.97700000,0.33204215,0.29196967,1.00000000
2400.45900000,0.33189766,0.29205555,1.00000000
2400.94100000,0.33172888,0.29214186,1.00000000
2401.42300000,0.33176205,0.29222859,1.00000000
2401.90500000,0.33172808,0.29231574,1.00000000
2402.38700000,0.33163269,0.29240330,1.00000000
2402.86900000,0.33160633,0.29249127,1.00000000
2403.35200000,0.33124664,0.29257984,1.00000000
2403.83400000,0.33133174,0.29266862,1.00000000
2404.31600000,0.33128358,0.29275780,1.00000000
2404.79800000,0.33128293,0.29284738,1.00000000
2405.28000000,0.33116326,0.29293734,1.00000000
2405.76200000,0.33100413,0.29302768,1.00000000
2406.24400000,0.33098692,0.29311841,1.00000000
2406.72600000,0.33091296,0.29320950,1.00000000
2407.20800000,0.33079443,0.29330097,1.00000000
2407.69100000,0.33062587,0.29339299,1.00000000
2408.17300000,0.33058482,0.29348518,1.00000000
2408.65500000,0.33038509,0.29357773,1.00000000
2409.13700000,0.33055045,0.29367063,1.00000000
2409.61900000,0.33041979,0.29376387,1.00000000
2410.10100000,0.33036272,0.29385746,1.00000000
2410.58300000,0.33016428,0.29395138,1.00000000
2411.06500000,0.33010348,0.29404563,1.00000000
2411.54800000,0.33020065,0.29414040,1.00000000
2412.03000000,0.33012059,0.29423530,1.00000000
2412.51200000,0.33004527,0.29433052,1.00000000
2412.99400000,0.32994882,0.29442604,1.00000000
2413.47600000,0.32987044,0.29452188,1.00000000
2413.95800000,0.32981027,0.29461802,1.00000000
2414.44000000,0.32972047,0.29471445,1.00000000
2414.92200000,0.32942506,0.29481118,1.00000000
2415.40500000,0.32936796,0.29490839,1.00000000
2415.88700000,0.32931606,0.29500569,1.00000000
2416.36900000,0.32913033,0.29510326,1.00000000
2416.85100000,0.32908552,0.29520110,1.00000000
2417.33300000,0.32882930,0.29529922,1.00000000
2417.81500000,0.32877548,0.29539759,1.00000000
2418.29700000,0.32880107,0.29549622,1.00000000
2418.77900000,0.32838489,0.29559511,1.00000000
2419.26100000,0.32826787,0.29569424,1.00000000
2419.74400000,0.32837435,0.29579381,1.00000000
2420.22600000,0.32826695,0.29589342,1.00000000
2420.70800000,0.32823384,0.29599326,1.00000000
2421.19000000,0.32801681,0.29609333,1.00000000
2421.67200000,0.32785775,0.29619362,1.00000000
2422.15400000,0.32765349,0.29629412,1.00000000
2422.63600000,0.32740093,0.29639484,1.00000000
2423.11800000,0.32746302,0.29649576,1.00000000
2423.60100000,0.32740468,0.29659709,1.00000000
2424.08300000,0.32713803,0.29669841,1.00000000
2424.56500000,0.32728757,0.29679992,1.00000000
2425.04700000,0.32710467,0.29690161,1.00000000
2425.52900000,0.32705353,0.29700349,1.00000000
2426.01100000,0.32682855,0.29710554,1.00000000
2426.49300000,0.32671902,0.29720775,1.00000000
2426.97500000,0.32643194,0.29731014,1.00000000
2427.45800000,0.32641159,0.29741289,1.00000000
2427.93900000,0.32650325,0.29751537,1.00000000
2428.42200000,0.32630723,0.29761843,1.00000000
2428.90400000,0.32607102,0.29772141,1.00000000
2429.38600000,0.32591774,0.29782454,1.00000000
2429.86800000,0.32591263,0.29792779,1.00000000
2430.35000000,0.32558277,0.29803118,1.00000000
2430.83200000,0.32546089,0.29813469,1.00000000
2431.31400000,0.32534294,0.29823831,1.00000000
2431.79600000,0.32533811,0.29834204,1.00000000
2432.27900000,0.32518596,0.29844610,1.00000000
2432.76100000,0.32506229,0.29855004,1.00000000
2433.24300000,0.32493699,0.29865408,1.00000000
2433.72500000,0.32467254,0.29875820,1.00000000
2434.20700000,0.32467116,0.29886241,1.00000000
2434.68900000,0.32447434,0.29896671,1.00000000
2435.17100000,0.32455080,0.29907107,1.00000000
2435.65300000,0.32419380,0.29917550,1.00000000
2436.13500000,0.32407818,0.29928000,1.00000000
2436.61800000,0.32400547,0.29938477,1.00000000
2437.10000000,0.32382511,0.29948938,1.00000000
2437.58200000,0.32360735,0.29959404,1.00000000
2438.06400000,0.32380896,0.29969873,1.00000000
2438.54600000,0.32336323,0.29980347,1.00000000
2439.02800000,0.32312655,0.29990823,1.00000000
2439.51000000,0.32313876,0.30001302,1.00000000
2439.99200000,0.32287789,0.30011783,1.00000000
2440.47500000,0.32291043,0.30022288,1.00000000
2440.95700000,0.32272780,0.30032771,1.00000000
2441.43900000,0.32237719,0.30043255,1.00000000
2441.92100000,0.32237746,0.30053739,1.00000000
2442.40300000,0.32204010,0.30064222,1.00000000
2442.88500000,0.32215272,0.30074704,1.00000000
2443.36700000,0.32178540,0.30085185,1.00000000
2443.84900000,0.32184735,0.30095663,1.00000000
2444.33200000,0.32153708,0.30106160,1.00000000
2444.81400000,0.32153618,0.30116632,1.00000000
2445.29600000,0.32147599,0.30127100,1.00000000
2445.77800000,0.32112801,0.30137564,1.00000000
2446.26000000,0.32119376,0.30148023,1.00000000
2446.74200000,0.32092340,0.30158476,1.00000000
2447.22400000,0.32073372,0.30168924,1.00000000
2447.70600000,0.32064662,0.30179364,1.00000000
2448.18800000,0.32055853,0.30189798,1.00000000
2448.67100000,0.32043220,0.30200246,1.00000000
2449.15300000,0.32042611,0.30210664,1.00000000
2449.63500000,0.32014015,0.30221073,1.00000000
2450.11700000,0.32007508,0.30231473,1.00000000
2450.59900000,0.31980169,0.30241864,1.00000000
2451.08100000,0.31981173,0.30252244,1.00000000
2451.56300000,0.31962432,0.30262613,1.00000000
2452.04500000,0.31927399,0.30272971,1.00000000
2452.52800000,0.31930634,0.30283339,1.00000000
2453.01000000,0.31906877,0.30293672,1.00000000
2453.49200000,0.31894338,0.30303993,1.00000000
2453.97400000,0.31885650,0.30314300,1.00000000
2454.45600000,0.31862928,0.30324594,1.00000000
2454.93800000,0.31851721,0.30334873,1.00000000
2455.42000000,0.31813962,0.30345137,1.00000000
2455.90200000,0.31808076,0.30355385,1.00000000
2456.38500000,0.31798360,0.30365638,1.00000000
2456.86700000,0.31783172,0.30375854,1.00000000
2457.34900000,0.31759924,0.30386052,1.00000000
2457.83100000,0.31768417,0.30396233,1.00000000
2458.31300000,0.31741180,0.30406396,1.00000000
2458.79500000,0.31704633,0.30416540,1.00000000
2459.27700000,0.31694736,0.30426664,1.00000000
2459.75900000,0.31708171,0.30436769,1.00000000
2460.24100000,0.31676433,0.30446854,1.00000000
2460.72400000,0.31656336,0.30456939,1.00000000
2461.20600000,0.31632247,0.30466982,1.00000000
2461.68800000,0.31636245,0.30477003,1.00000000
2462.17000000,0.31617295,0.30487001,1.00000000
2462.65200000,0.31594179,0.30496977,1.00000000
2463.13400000,0.31584321,0.30506930,1.00000000
2463.61600000,0.31571917,0.30516858,1.00000000
2464.09800000,0.31545813,0.30526763,1.00000000
2464.58100000,0.31515323,0.30536663,1.00000000
2465.06200000,0.31507987,0.30546496,1.00000000
2465.54500000,0.31489274,0.30556345,1.00000000
2466.02700000,0.31467584,0.30566147,1.00000000
2466.50900000,0.31449369,0.30575922,1.00000000
2466.99100000,0.31436560,0.30585670,1.00000000
2467.47300000,0.31411110,0.30595390,1.00000000
2467.95500000,0.31386547,0.30605081,1.00000000
2468.43800000,0.31385019,0.30614764,1.00000000
2468.91900000,0.31368744,0.30624377,1.00000000
2469.40200000,0.31339663,0.30634001,1.00000000
2469.88400000,0.31362153,0.30643574,1.00000000
2470.36600000,0.31316367,0.30653116,1.00000000
2470.84800000,0.31302550,0.30662627,1.00000000
2471.33000000,0.31294618,0.30672106,1.00000000
2471.81200000,0.31267610,0.30681554,1.00000000
2472.29400000,0.31285103,0.30690968,1.00000000
2472.77600000,0.31254562,0.30700349,1.00000000
2473.25900000,0.31234958,0.30709716,1.00000000
2473.74100000,0.31216043,0.30719029,1.00000000
2474.22300000,0.31204953,0.30728307,1.00000000
2474.70500000,0.31187962,0.30737550,1.00000000
2475.18700000,0.31187992,0.30746758,1.00000000
2475.66900000,0.31180933,0.30755930,1.00000000
2476.15100000,0.31144013,0.30765065,1.00000000
2476.63300000,0.31108779,0.30774163,1.00000000
2477.11500000,0.31110708,0.30783223,1.00000000
2477.59800000,0.31081596,0.30792265,1.00000000
2478.08000000,0.31066163,0.30801249,1.00000000
2478.56200000,0.31039816,0.30810194,1.00000000
2479.04400000,0.31036281,0.30819100,1.00000000
2479.52600000,0.31016944,0.30827967,1.00000000
2480.00800000,0.31029966,0.30836793,1.00000000
2480.49000000,0.30973014,0.30845578,1.00000000
2480.97200000,0.30978048,0.30854322,1.00000000
2481.45500000,0.30954049,0.30863043,1.00000000
2481.93700000,0.30952315,0.30871704,1.00000000
2482.41900000,0.30945516,0.30880322,1.00000000
2482.90100000,0.30938947,0.30888897,1.00000000
2483.38300000,0.30905926,0.30897429,1.00000000
2483.86500000,0.30873276,0.30905917,1.00000000
2484.34700000,0.30868482,0.30914361,1.00000000
2484.82900000,0.30867500,0.30922761,1.00000000
2485.31200000,0.30855863,0.30931132,1.00000000
2485.79400000,0.30805566,0.30939441,1.00000000
2486.27600000,0.30798260,0.30947704,1.00000000
2486.75800000,0.30796690,0.30955921,1.00000000
2487.24000000,0.30791359,0.30964090,1.00000000
2487.72200000,0.30756725,0.30972213,1.00000000
2488.20400000,0.30744899,0.30980288,1.00000000
2488.68600000,0.30730076,0.30988315,1.00000000
2489.16800000,0.30700233,0.30996294,1.00000000
2489.65100000,0.30704461,0.31004240,1.00000000
2490.13300000,0.30667712,0.31012121,1.00000000
2490.61500000,0.30642758,0.31019952,1.00000000
2491.09700000,0.30620595,0.31027733,1.00000000
2491.57900000,0.30609713,0.31035464,1.00000000
2492.06100000,0.30604496,0.31043144,1.00000000
2492.54300000,0.30581981,0.31050772,1.00000000
2493.02500000,0.30581529,0.31058350,1.00000000
2493.50800000,0.30552308,0.31065890,1.00000000
2493.99000000,0.30554443,0.31073363,1.00000000
2494.47200000,0.30501772,0.31080783,1.00000000
2494.95400000,0.30486440,0.31088150,1.00000000
2495.43600000,0.30474763,0.31095463,1.00000000
2495.91800000,0.30473652,0.31102723,1.00000000
2496.40000000,0.30456343,0.31109929,1.00000000
2496.88200000,0.30449939,0.31117079,1.00000000
2497.36500000,0.30431178,0.31124190,1.00000000
2497.84600000,0.30426363,0.31131216,1.00000000
2498.32900000,0.30381646,0.31138215,1.00000000
2498.81100000,0.30392137,0.31145144,1.00000000
2499.29300000,0.30375335,0.31152017,1.00000000
2499.77500000,0.30368289,0.31158832,1.00000000
2500.25700000,0.30363217,0.31165591,1.00000000
2500.73900000,0.30334508,0.31172292,1.00000000
2501.22100000,0.30320109,0.31178936,1.00000000
2501.70300000,0.30285052,0.31185521,1.00000000
2502.18600000,0.30268237,0.31192062,1.00000000
2502.66800000,0.30253256,0.31198530,1.00000000
2503.15000000,0.30233651,0.31204939,1.00000000
2503.63200000,0.30242800,0.31211289,1.00000000
2504.11400000,0.30201442,0.31217579,1.00000000
2504.59600000,0.30180849,0.31223809,1.00000000
2505.07800000,0.30182774,0.31229979,1.00000000
2505.56000000,0.30162864,0.31236088,1.00000000
2506.04200000,0.30157648,0.31242136,1.00000000
2506.52500000,0.30140877,0.31248135,1.00000000
2507.00700000,0.30123512,0.31254060,1.00000000
2507.48900000,0.30102068,0.31259923,1.00000000
2507.97100000,0.30067901,0.31265724,1.00000000
2508.45300000,0.30065438,0.31271462,1.00000000
2508.93500000,0.30058108,0.31277138,1.00000000
2509.41700000,0.30037491,0.31282750,1.00000000
2509.89900000,0.30016517,0.31288300,1.00000000
2510.38200000,0.30013948,0.31293797,1.00000000
2510.86400000,0.29987577,0.31299218,1.00000000
2511.34600000,0.29964351,0.31304576,1.00000000
2511.82800000,0.29958980,0.31309869,1.00000000
2512.31000000,0.29935678,0.31315097,1.00000000
2512.79200000,0.29921855,0.31320260,1.00000000
2513.27400000,0.29905108,0.31325358,1.00000000
2513.75600000,0.29903059,0.31330391,1.00000000
2514.23900000,0.29876065,0.31335368,1.00000000
2514.72100000,0.29851957,0.31340269,1.00000000
2515.20300000,0.29843635,0.31345103,1.00000000
2515.68500000,0.29842917,0.31349871,1.00000000
2516.16700000,0.29815498,0.31354573,1.00000000
2516.64900000,0.29809003,0.31359207,1.00000000
2517.13100000,0.29778277,0.31363774,1.00000000
2517.61300000,0.29791558,0.31368274,1.00000000
2518.09500000,0.29779966,0.31372706,1.00000000
2518.57800000,0.29768750,0.31377079,1.00000000
2519.06000000,0.29737218,0.31381375,1.00000000
2519.54200000,0.29694279,0.31385602,1.00000000
2520.02400000,0.29714486,0.31389761,1.00000000
2520.50600000,0.29681702,0.31393852,1.00000000
2520.98800000,0.29674200,0.31397873,1.00000000
2521.47000000,0.29647625,0.31401825,1.00000000
2521.95200000,0.29659994,0.31405708,1.00000000
2522.43500000,0.29645859,0.31409530,1.00000000
2522.91700000,0.29629853,0.31413273,1.00000000
2523.39900000,0.29612674,0.31416947,1.00000000
2523.88100000,0.29609519,0.31420550,1.00000000
2524.36300000,0.29588484,0.31424083,1.00000000
2524.84500000,0.29570487,0.31427546,1.00000000
2525.32700000,0.29569388,0.31430938,1.00000000
2525.80900000,0.29548750,0.31434259,1.00000000
2526.29200000,0.29544441,0.31437517,1.00000000
2526.77300000,0.29512942,0.31440689,1.00000000
2527.25600000,0.29515284,0.31443803,1.00000000
2527.73800000,0.29518438,0.31446840,1.00000000
2528.22000000,0.29493286,0.31449805,1.00000000
2528.70200000,0.29462588,0.31452698,1.00000000
2529.18400000,0.29476550,0.31455519,1.00000000
2529.66600000,0.29456694,0.31458268,1.00000000
2530.14800000,0.29438095,0.31460945,1.00000000
2530.63000000,0.29434257,0.31463550,1.00000000
2531.11300000,0.29399680,0.31466087,1.00000000
2531.59500000,0.29406308,0.31468547,1.00000000
2532.07700000,0.29398944,0.31470934,1.00000000
2532.55900000,0.29373889,0.31473248,1.00000000
2533.04100000,0.29367630,0.31475489,1.00000000
2533.52300000,0.29348525,0.31477657,1.00000000
2534.00500000,0.29343205,0.31479752,1.00000000
2534.48700000,0.29329823,0.31481774,1.00000000
2534.96900000,0.29324023,0.31483723,1.00000000
2535.45200000,0.29303362,0.31485602,1.00000000
2535.93400000,0.29296966,0.31487403,1.00000000
2536.41600000,0.29260343,0.31489131,1.00000000
2536.89800000,0.29259150,0.31490785,1.00000000
2537.38000000,0.29256447,0.31492366,1.00000000
2537.86200000,0.29258687,0.31493873,1.00000000
2538.34400000,0.29247016,0.31495305,1.00000000
2538.82600000,0.29215510,0.31496664,1.00000000
2539.30900000,0.29216698,0.31497952,1.00000000
2539.79100000,0.29222055,0.31499162,1.00000000
2540.27300000,0.29199806,0.31500299,1.00000000
2540.75500000,0.29193709,0.31501361,1.00000000
2541.23700000,0.29168309,0.31502349,1.00000000
2541.71900000,0.29169261,0.31503262,1.00000000
2542.20100000,0.29143605,0.31504102,1.00000000
2542.68300000,0.29142492,0.31504867,1.00000000
2543.16600000,0.29120947,0.31505558,1.00000000
2543.64800000,0.29137679,0.31506174,1.00000000
2544.13000000,0.29122328,0.31506716,1.00000000
2544.61200000,0.29092492,0.31507183,1.00000000
2545.09400000,0.29103033,0.31507575,1.00000000
2545.57600000,0.29063738,0.31507893,1.00000000
2546.05800000,0.29076840,0.31508136,1.00000000
2546.54000000,0.29069097,0.31508305,1.00000000
2547.02200000,0.29044775,0.31508399,1.00000000
2547.50500000,0.29043132,0.31508419,1.00000000
2547.98700000,0.29043411,0.31508364,1.00000000
2548.46900000,0.29047155,0.31508235,1.00000000
2548.95100000,0.29044202,0.31508031,1.00000000
2549.43300000,0.29012559,0.31507752,1.00000000
2549.91500000,0.28993114,0.31507399,1.00000000
2550.39700000,0.29009293,0.31506972,1.00000000
2550.87900000,0.28988956,0.31506470,1.00000000
2551.36200000,0.28983534,0.31505892,1.00000000
2551.84400000,0.28971243,0.31505241,1.00000000
2552.32600000,0.28978213,0.31504516,1.00000000
2552.80800000,0.28986064,0.31503717,1.00000000
2553.29000000,0.28950913,0.31502843,1.00000000
2553.77200000,0.28934533,0.31501895,1.00000000
2554.25400000,0.28926971,0.31500873,1.00000000
2554.73600000,0.28915938,0.31499777,1.00000000
2555.21900000,0.28922241,0.31498604,1.00000000
2555.70000000,0.28929419,0.31497363,1.00000000
2556.18300000,0.28911557,0.31496042,1.00000000
2556.66500000,0.28895198,0.31494650,1.00000000
2557.14700000,0.28900549,0.31493185,1.00000000
2557.62900000,0.28884522,0.31491645,1.00000000
2558.11100000,0.28893243,0.31490032,1.00000000
2558.59300000,0.28893392,0.31488346,1.00000000
2559.07500000,0.28865085,0.31486586,1.00000000
2559.55700000,0.28876097,0.31484753,1.00000000
2560.04000000,0.28860255,0.31482843,1.00000000
2560.52200000,0.28857515,0.31480864,1.00000000
2561.00400000,0.28842918,0.31478811,1.00000000
2561.48600000,0.28835619,0.31476686,1.00000000
2561.96800000,0.28828368,0.31474488,1.00000000
2562.45000000,0.28830002,0.31472217,1.00000000
2562.93200000,0.28832844,0.31469874,1.00000000
2563.41400000,0.28808776,0.31467458,1.00000000
2563.89600000,0.28803520,0.31464971,1.00000000
2564.37900000,0.28807788,0.31462405,1.00000000
2564.86100000,0.28793989,0.31459773,1.00000000
2565.34300000,0.28808692,0.31457069,1.00000000
2565.82500000,0.28801209,0.31454293,1.00000000
2566.30700000,0.28781281,0.31451446,1.00000000
2566.78900000,0.28770756,0.31448528,1.00000000
2567.27100000,0.28793603,0.31445538,1.00000000
2567.75300000,0.28767965,0.31442477,1.00000000
2568.23600000,0.28751852,0.31439338,1.00000000
2568.71800000,0.28757849,0.31436136,1.00000000
2569.20000000,0.28754361,0.31432862,1.00000000
2569.68200000,0.28741789,0.31429518,1.00000000
2570.16400000,0.28742920,0.31426104,1.00000000
2570.64600000,0.28745452,0.31422620,1.00000000
2571.12800000,0.28738137,0.31419066,1.00000000
2571.61000000,0.28737627,0.31415443,1.00000000
2572.09300000,0.28725920,0.31411742,1.00000000
2572.57500000,0.28721802,0.31407979,1.00000000
2573.05700000,0.28716512,0.31404148,1.00000000
2573.53900000,0.28699314,0.31400247,1.00000000
2574.02100000,0.28705773,0.31396278,1.00000000
2574.50300000,0.28701230,0.31392240,1.00000000
2574.98500000,0.28709809,0.31388134,1.00000000
2575.46700000,0.28696653,0.31383960,1.00000000
2575.94900000,0.28691084,0.31379718,1.00000000
2576.43200000,0.28682337,0.31375400,1.00000000
2576.91400000,0.28666941,0.31371023,1.00000000
2577.39600000,0.28667913,0.31366579,1.00000000
2577.87800000,0.28644427,0.31362068,1.00000000
2578.36000000,0.28660664,0.31357490,1.00000000
2578.84200000,0.28659038,0.31352846,1.00000000
2579.32400000,0.28661223,0.31348136,1.00000000
2579.80600000,0.28655140,0.31343359,1.00000000
2580.28900000,0.28665137,0.31338507,1.00000000
2580.77100000,0.28660565,0.31333600,1.00000000
2581.25300000,0.28654793,0.31328627,1.00000000
2581.73500000,0.28665400,0.31323589,1.00000000
2582.21700000,0.28644297,0.31318487,1.00000000
2582.69900000,0.28664601,0.31313320,1.00000000
2583.18100000,0.28649934,0.31308089,1.00000000
2583.66300000,0.28666408,0.31302795,1.00000000
2584.14600000,0.28646347,0.31297425,1.00000000
2584.62700000,0.28664597,0.31292015,1.00000000
2585.11000000,0.28670740,0.31286519,1.00000000
2585.59200000,0.28649726,0.31280971,1.00000000
2586.07400000,0.28643218,0.31275362,1.00000000
2586.55600000,0.28647564,0.31269690,1.00000000
2587.03800000,0.28637388,0.31263956,1.00000000
2587.52000000,0.28663261,0.31258161,1.00000000
2588.00200000,0.28653767,0.31252304,1.00000000
2588.48400000,0.28655723,0.31246387,1.00000000
2588.96700000,0.28641027,0.31240396,1.00000000
2589.44900000,0.28661917,0.31234358,1.00000000
2589.93100000,0.28661493,0.31228259,1.00000000
2590.41300000,0.28671537,0.31222101,1.00000000
2590.89500000,0.28668942,0.31215883,1.00000000
2591.37700000,0.28670563,0.31209607,1.00000000
2591.85900000,0.28668145,0.31203272,1.00000000
2592.34100000,0.28672729,0.31196878,1.00000000
2592.82300000,0.28679623,0.31190427,1.00000000
2593.30600000,0.28670052,0.31183904,1.00000000
2593.78800000,0.28648227,0.31177337,1.00000000
2594.27000000,0.28661446,0.31170713,1.00000000
2594.75200000,0.28650223,0.31164033,1.00000000
2595.23400000,0.28672368,0.31157296,1.00000000
2595.71600000,0.28660943,0.31150504,1.00000000
2596.19800000,0.28644645,0.31143655,1.00000000
2596.68000000,0.28649953,0.31136752,1.00000000
2597.16300000,0.28661902,0.31129779,1.00000000
2597.64500000,0.28648871,0.31122766,1.00000000
2598.12700000,0.28640269,0.31115699,1.00000000
2598.60900000,0.28651020,0.31108578,1.00000000
2599.09100000,0.28667223,0.31101403,1.00000000
2599.57300000,0.28653883,0.31094176,1.00000000
2600.05500000,0.28653806,0.31086895,1.00000000
2600.53700000,0.28657687,0.31079563,1.00000000
2601.02000000,0.28666306,0.31072163,1.00000000
2601.50200000,0.28647582,0.31064727,1.00000000
2601.98400000,0.28672146,0.31057240,1.00000000
2602.46600000,0.28666485,0.31049702,1.00000000
2602.94800000,0.28675052,0.31042114,1.00000000
2603.43000000,0.28691650,0.31034476,1.00000000
2603.91200000,0.28688914,0.31026788,1.00000000
2604.39400000,0.28681371,0.31019051,1.00000000
2604.87600000,0.28692145,0.31011266,1.00000000
2605.35900000,0.28677556,0.31003416,1.00000000
2605.84100000,0.28679206,0.30995533,1.00000000
2606.32300000,0.28693570,0.30987604,1.00000000
2606.80500000,0.28688474,0.30979627,1.00000000
2607.28700000,0.28689998,0.30971604,1.00000000
2607.76900000,0.28697824,0.30963534,1.00000000
2608.25100000,0.28719000,0.30955419,1.00000000
2608.73300000,0.28712303,0.30947258,1.00000000
2609.21600000,0.28717127,0.30939035,1.00000000
2609.69800000,0.28721669,0.30930784,1.00000000
2610.18000000,0.28723619,0.30922489,1.00000000
2610.66200000,0.28720265,0.30914150,1.00000000
2611.14400000,0.28739054,0.30905768,1.00000000
2611.62600000,0.28724698,0.30897344,1.00000000
2612.10800000,0.28722259,0.30888877,1.00000000
2612.59000000,0.28732635,0.30880367,1.00000000
2613.07300000,0.28730840,0.30871799,1.00000000
2613.55400000,0.28748557,0.30863225,1.00000000
2614.03700000,0.28747308,0.30854574,1.00000000
2614.51900000,0.28757771,0.30845902,1.00000000
2615.00100000,0.28769448,0.30837189,1.00000000
2615.48300000,0.28773611,0.30828437,1.00000000
2615.96500000,0.28778771,0.30819647,1.00000000
2616.44700000,0.28790456,0.30810818,1.00000000
2616.92900000,0.28782934,0.30801951,1.00000000
2617.41100000,0.28807774,0.30793046,1.00000000
2617.89400000,0.28804381,0.30784086,1.00000000
2618.37600000,0.28786404,0.30775108,1.00000000
2618.85800000,0.28816877,0.30766094,1.00000000
2619.34000000,0.28821959,0.30757044,1.00000000
2619.82200000,0.28815329,0.30747959,1.00000000
2620.30400000,0.28848608,0.30738840,1.00000000
2620.78600000,0.28823038,0.30729686,1.00000000
2621.26800000,0.28841822,0.30720498,1.00000000
2621.75000000,0.28845724,0.30711278,1.00000000
2622.23300000,0.28841228,0.30702005,1.00000000
2622.71500000,0.28866762,0.30692719,1.00000000
2623.19700000,0.28874735,0.30683401,1.00000000
2623.67900000,0.28882280,0.30674052,1.00000000
2624.16100000,0.28901588,0.30664673,1.00000000
2624.64300000,0.28893949,0.30655262,1.00000000
2625.12500000,0.28878749,0.30645822,1.00000000
2625.60700000,0.28911721,0.30636353,1.00000000
2626.09000000,0.28915324,0.30626835,1.00000000
2626.57200000,0.28914411,0.30617308,1.00000000
2627.05400000,0.28919638,0.30607754,1.00000000
2627.53600000,0.28940641,0.30598172,1.00000000
2628.01800000,0.28945218,0.30588563,1.00000000
2628.50000000,0.28955987,0.30578928,1.00000000
2628.98200000,0.28970313,0.30569267,1.00000000
2629.46400000,0.28960546,0.30559580,1.00000000
2629.94700000,0.28967857,0.30549848,1.00000000
2630.42900000,0.28982234,0.30540113,1.00000000
2630.91100000,0.28992369,0.30530353,1.00000000
2631.39300000,0.28985485,0.30520570,1.00000000
2631.87500000,0.29004637,0.30510764,1.00000000
2632.35700000,0.29009408,0.30500935,1.00000000
2632.83900000,0.29026660,0.30491085,1.00000000
2633.32100000,0.29014347,0.30481213,1.00000000
2633.80300000,0.29042005,0.30471321,1.00000000
2634.28600000,0.29055699,0.30461388,1.00000000
2634.76800000,0.29070500,0.30451455,1.00000000
2635.25000000,0.29083961,0.30441503,1.00000000
2635.73200000,0.29106577,0.30431532,1.00000000
2636.21400000,0.29094865,0.30421544,1.00000000
2636.69600000,0.29123992,0.30411537,1.00000000
2637.17800000,0.29100224,0.30401513,1.00000000
2637.66000000,0.29139896,0.30391472,1.00000000
2638.14300000,0.29128850,0.30381395,1.00000000
2638.62500000,0.29152955,0.30371322,1.00000000
2639.10700000,0.29167941,0.30361235,1.00000000
2639.58900000,0.29180401,0.30351133,1.00000000
2640.07100000,0.29171021,0.30341016,1.00000000
2640.55300000,0.29212129,0.30330886,1.00000000
2641.03500000,0.29203183,0.30320743,1.00000000
2641.51700000,0.29220158,0.30310588,1.00000000
2642.00000000,0.29221448,0.30300399,1.00000000
2642.48100000,0.29230015,0.30290242,1.00000000
2642.96400000,0.29239105,0.30280031,1.00000000
2643.44600000,0.29254802,0.30269830,1.00000000
2643.92800000,0.29271107,0.30259620,1.00000000
2644.41000000,0.29282078,0.30249401,1.00000000
2644.89200000,0.29272256,0.30239172,1.00000000
2645.37400000,0.29298264,0.30228936,1.00000000
2645.85600000,0.29287636,0.30218691,1.00000000
2646.33800000,0.29303098,0.30208440,1.00000000
2646.82100000,0.29291121,0.30198160,1.00000000
2647.30300000,0.29347125,0.30187895,1.00000000
2647.78500000,0.29336581,0.30177625,1.00000000
2648.26700000,0.29338309,0.30167350,1.00000000
2648.74900000,0.29348510,0.30157070,1.00000000
2649.23100000,0.29355639,0.30146786,1.00000000
2649.71300000,0.29363058,0.30136499,1.00000000
2650.19500000,0.29369980,0.30126208,1.00000000
2650.67700000,0.29396590,0.30115916,1.00000000
2651.16000000,0.29404378,0.30105599,1.00000000
2651.64200000,0.29412802,0.30095303,1.00000000
2652.12400000,0.29429996,0.30085006,1.00000000
2652.60600000,0.29459490,0.30074709,1.00000000
2653.08800000,0.29446491,0.30064412,1.00000000
2653.57000000,0.29474793,0.30054115,1.00000000
2654.05200000,0.29458078,0.30043820,1.00000000
2654.53400000,0.29469523,0.30033527,1.00000000
2655.01700000,0.29491386,0.30023215,1.00000000
2655.49900000,0.29502248,0.30012927,1.00000000
2655.98100000,0.29491996,0.30002642,1.00000000
2656.46300000,0.29500663,0.29992361,1.00000000
2656.94500000,0.29523527,0.29982085,1.00000000
2657.42700000,0.29538930,0.29971814,1.00000000
2657.90900000,0.29567835,0.29961548,1.00000000
2658.39100000,0.29565673,0.29951289,1.00000000
2658.87400000,0.29586508,0.29941014,1.00000000
2659.35600000,0.29577479,0.29930768,1.00000000
2659.83800000,0.29620686,0.29920530,1.00000000
2660.32000000,0.29609264,0.29910300,1.00000000
2660.80200000,0.29614071,0.29900079,1.00000000
2661.28400000,0.29634419,0.29889867,1.00000000
2661.76600000,0.29648011,0.29879664,1.00000000
2662.24800000,0.29648273,0.29869472,1.00000000
2662.73000000,0.29682562,0.29859291,1.00000000
2663.21300000,0.29708340,0.29849100,1.00000000
2663.69500000,0.29694032,0.29838943,1.00000000
2664.17700000,0.29702513,0.29828797,1.00000000
2664.65900000,0.29723143,0.29818664,1.00000000
2665.14100000,0.29740021,0.29808545,1.00000000
2665.62300000,0.29743377,0.29798440,1.00000000
2666.10500000,0.29757524,0.29788349,1.00000000
2666.58700000,0.29759138,0.29778274,1.00000000
2667.07000000,0.29790061,0.29768193,1.00000000
2667.55200000,0.29789885,0.29758149,1.00000000
2668.03400000,0.29811594,0.29748122,1.00000000
2668.51600000,0.29820461,0.29738111,1.00000000
2668.99800000,0.29835900,0.29728119,1.00000000
2669.48000000,0.29811321,0.29718144,1.00000000
2669.96200000,0.29847500,0.29708188,1.00000000
2670.44400000,0.29863233,0.29698251,1.00000000
2670.92700000,0.29881483,0.29688314,1.00000000
2671.40800000,0.29876996,0.29678437,1.00000000
2671.89100000,0.29891551,0.29668541,1.00000000
2672.37300000,0.29888327,0.29658686,1.00000000
2672.85500000,0.29921684,0.29648852,1.00000000
2673.33700000,0.29932365,0.29639041,1.00000000
2673.81900000,0.29939715,0.29629253,1.00000000
2674.30100000,0.29955307,0.29619488,1.00000000
2674.78300000,0.29959244,0.29609747,1.00000000
2675.26500000,0.29973857,0.29600030,1.00000000
2675.74800000,0.29981032,0.29590317,1.00000000
2676.23000000,0.29993450,0.29580651,1.00000000
2676.71200000,0.29996443,0.29571009,1.00000000
2677.19400000,0.30020921,0.29561394,1.00000000
2677.67600000,0.30021110,0.29551806,1.00000000
2678.15800000,0.30029136,0.29542245,1.00000000
2678.64000000,0.30047057,0.29532712,1.00000000
2679.12200000,0.30057803,0.29523207,1.00000000
2679.60400000,0.30088195,0.29513730,1.00000000
2680.08700000,0.30085088,0.29504264,1.00000000
2680.56900000,0.30106583,0.29494846,1.00000000
2681.05100000,0.30092085,0.29485459,1.00000000
2681.53300000,0.30124144,0.29476103,1.00000000
2682.01500000,0.30122024,0.29466777,1.00000000
2682.49700000,0.30147136,0.29457483,1.00000000
2682.97900000,0.30171390,0.29448222,1.00000000
2683.46100000,0.30167108,0.29438993,1.00000000
2683.94400000,0.30198812,0.29429778,1.00000000
2684.42600000,0.30202211,0.29420615,1.00000000
2684.90800000,0.30213505,0.29411487,1.00000000
2685.39000000,0.30204403,0.29402393,1.00000000
2685.87200000,0.30237847,0.29393334,1.00000000
2686.35400000,0.30251617,0.29384310,1.00000000
2686.83600000,0.30251973,0.29375323,1.00000000
2687.31800000,0.30260306,0.29366371,1.00000000
2687.80100000,0.30271036,0.29357439,1.00000000
2688.28300000,0.30282347,0.29348561,1.00000000
2688.76500000,0.30305919,0.29339722,1.00000000
2689.24700000,0.30293249,0.29330921,1.00000000
2689.72900000,0.30312208,0.29322158,1.00000000
2690.21100000,0.30343235,0.29313435,1.00000000
2690.69300000,0.30343847,0.29304751,1.00000000
2691.17500000,0.30366303,0.29296107,1.00000000
2691.65700000,0.30370089,0.29287503,1.00000000
2692.14000000,0.30385783,0.29278923,1.00000000
2692.62200000,0.30410975,0.29270401,1.00000000
2693.10400000,0.30418679,0.29261922,1.00000000
2693.58600000,0.30404562,0.29253485,1.00000000
2694.06800000,0.30440297,0.29245090,1.00000000
2694.55000000,0.30447079,0.29236738,1.00000000
2695.03200000,0.30449700,0.29228430,1.00000000
2695.51400000,0.30467387,0.29220166,1.00000000
2695.99700000,0.30464207,0.29211929,1.00000000
2696.47900000,0.30493039,0.29203754,1.00000000
2696.96100000,0.30513885,0.29195624,1.00000000
2697.44300000,0.30516681,0.29187540,1.00000000
2697.92500000,0.30523949,0.29179502,1.00000000
2698.40700000,0.30543867,0.29171510,1.00000000
2698.88900000,0.30536641,0.29163566,1.00000000
2699.37100000,0.30598837,0.29155668,1.00000000
2699.85400000,0.30579157,0.29147802,1.00000000
2700.33500000,0.30576896,0.29140016,1.00000000
2700.81800000,0.30606605,0.29132247,1.00000000
2701.30000000,0.30617191,0.29124543,1.00000000
2701.78200000,0.30642769,0.29116888,1.00000000
2702.26400000,0.30651603,0.29109282,1.00000000
2702.74600000,0.30661617,0.29101727,1.00000000
2703.22800000,0.30668913,0.29094222,1.00000000
2703.71000000,0.30673556,0.29086768,1.00000000
2704.19200000,0.30693894,0.29079365,1.00000000
2704.67500000,0.30673963,0.29071999,1.00000000
2705.15700000,0.30716514,0.29064700,1.00000000
2705.63900000,0.30714447,0.29057453,1.00000000
2706.12100000,0.30717628,0.29050259,1.00000000
2706.60300000,0.30730484,0.29043118,1.00000000
2707.08500000,0.30761695,0.29036030,1.00000000
2707.56700000,0.30800896,0.29028997,1.00000000
2708.04900000,0.30774307,0.29022017,1.00000000
2708.53100000,0.30803673,0.29015093,1.00000000
2709.01400000,0.30818413,0.29008209,1.00000000
2709.49600000,0.30845912,0.29001394,1.00000000
2709.97800000,0.30851336,0.28994635,1.00000000
2710.46000000,0.30867831,0.28987932,1.00000000
2710.94200000,0.30867239,0.28981286,1.00000000
2711.42400000,0.30873279,0.28974696,1.00000000
2711.90600000,0.30889466,0.28968163,1.00000000
2712.38800000,0.30898853,0.28961687,1.00000000
2712.87100000,0.30910478,0.28955256,1.00000000
2713.35300000,0.30921478,0.28948896,1.00000000
2713.83500000,0.30931174,0.28942594,1.00000000
2714.31700000,0.30936222,0.28936351,1.00000000
2714.79900000,0.30961956,0.28930167,1.00000000
2715.28100000,0.30939608,0.28924043,1.00000000
2715.76300000,0.30977611,0.28917978,1.00000000
2716.24500000,0.30992313,0.28911973,1.00000000
2716.72800000,0.30994234,0.28906016,1.00000000
2717.21000000,0.31022855,0.28900131,1.00000000
2717.69200000,0.31022587,0.28894308,1.00000000
2718.17400000,0.31036224,0.28888546,1.00000000
2718.65600000,0.31052126,0.28882845,1.00000000
2719.13800000,0.31069783,0.28877206,1.00000000
2719.62000000,0.31083319,0.28871629,1.00000000
2720.10200000,0.31086102,0.28866114,1.00000000
2720.58400000,0.31086289,0.28860662,1.00000000
2721.06700000,0.31111975,0.28855261,1.00000000
2721.54900000,0.31115416,0.28849935,1.00000000
2722.03100000,0.31093569,0.28844672,1.00000000
2722.51300000,0.31121206,0.28839473,1.00000000
2722.99500000,0.31145326,0.28834338,1.00000000
2723.47700000,0.31143282,0.28829268,1.00000000
2723.95900000,0.31167600,0.28824261,1.00000000
2724.44100000,0.31181725,0.28819320,1.00000000
2724.92400000,0.31178364,0.28814433,1.00000000
2725.40600000,0.31194167,0.28809622,1.00000000
2725.88800000,0.31213950,0.28804876,1.00000000
2726.37000000,0.31215261,0.28800196,1.00000000
2726.85200000,0.31233122,0.28795582,1.00000000
2727.33400000,0.31229734,0.28791034,1.00000000
2727.81600000,0.31256344,0.28786553,1.00000000
2728.29800000,0.31267965,0.28782138,1.00000000
2728.78100000,0.31265666,0.28777781,1.00000000
2729.26200000,0.31274015,0.28773509,1.00000000
2729.74500000,0.31299966,0.28769287,1.00000000
2730.22700000,0.31287859,0.28765141,1.00000000
2730.70900000,0.31291072,0.28761063,1.00000000
2731.19100000,0.31325071,0.28757054,1.00000000
2731.67300000,0.31315577,0.28753112,1.00000000
2732.15500000,0.31336138,0.28749238,1.00000000
2732.63700000,0.31310523,0.28745434,1.00000000
2733.11900000,0.31363092,0.28741698,1.00000000
2733.60200000,0.31376055,0.28738023,1.00000000
2734.08400000,0.31353977,0.28734425,1.00000000
2734.56600000,0.31379730,0.28730897,1.00000000
2735.04800000,0.31399209,0.28727438,1.00000000
2735.53000000,0.31408363,0.28724049,1.00000000
2736.01200000,0.31426137,0.28720729,1.00000000
2736.49400000,0.31433663,0.28717480,1.00000000
2736.97600000,0.31426005,0.28714301,1.00000000
2737.45800000,0.31463192,0.28711192,1.00000000
2737.94100000,0.31456878,0.28708148,1.00000000
2738.42300000,0.31461510,0.28705181,1.00000000
2738.90500000,0.31475647,0.28702284,1.00000000
2739.38700000,0.31473000,0.28699459,1.00000000
2739.86900000,0.31496248,0.28696704,1.00000000
2740.35100000,0.31496948,0.28694021,1.00000000
2740.83300000,0.31524766,0.28691410,1.00000000
2741.31500000,0.31525283,0.28688870,1.00000000
2741.79800000,0.31549424,0.28686396,1.00000000
2742.28000000,0.31557122,0.28684000,1.00000000
2742.76200000,0.31558709,0.28681675,1.00000000
2743.24400000,0.31571334,0.28679423,1.00000000
2743.72600000,0.31580177,0.28677242,1.00000000
2744.20800000,0.31578025,0.28675134,1.00000000
2744.69000000,0.31582802,0.28673098,1.00000000
2745.17200000,0.31598431,0.28671135,1.00000000
2745.65500000,0.31592396,0.28669241,1.00000000
2746.13700000,0.31618034,0.28667423,1.00000000
2746.61900000,0.31617916,0.28665678,1.00000000
2747.10100000,0.31640524,0.28664005,1.00000000
2747.58300000,0.31643850,0.28662406,1.00000000
2748.06500000,0.31645577,0.28660880,1.00000000
2748.54700000,0.31664169,0.28659427,1.00000000
2749.02900000,0.31680161,0.28658047,1.00000000
2749.51100000,0.31685926,0.28656740,1.00000000
2749.99400000,0.31683962,0.28655504,1.00000000
2750.47600000,0.31690989,0.28654344,1.00000000
2750.95800000,0.31698213,0.28653258,1.00000000
2751.44000000,0.31689041,0.28652244,1.00000000
2751.92200000,0.31704925,0.28651305,1.00000000
2752.40400000,0.31718297,0.28650439,1.00000000
2752.88600000,0.31725097,0.28649647,1.00000000
2753.36800000,0.31715183,0.28648928,1.00000000
2753.85100000,0.31746511,0.28648282,1.00000000
2754.33300000,0.31760060,0.28647711,1.00000000
2754.81500000,0.31736738,0.28647214,1.00000000
2755.29700000,0.31744826,0.28646790,1.00000000
2755.77900000,0.31759443,0.28646440,1.00000000
2756.26100000,0.31770908,0.28646165,1.00000000
2756.74300000,0.31774693,0.28645963,1.00000000
2757.22500000,0.31775844,0.28645834,1.00000000
2757.70800000,0.31765132,0.28645780,1.00000000
2758.18900000,0.31778738,0.28645800,1.00000000
2758.67200000,0.31799217,0.28645893,1.00000000
2759.15400000,0.31809423,0.28646060,1.00000000
2759.63600000,0.31816232,0.28646302,1.00000000
2760.11800000,0.31836250,0.28646617,1.00000000
2760.60000000,0.31826473,0.28647005,1.00000000
2761.08200000,0.31826682,0.28647468,1.00000000
2761.56400000,0.31824208,0.28648004,1.00000000
2762.04600000,0.31862070,0.28648614,1.00000000
2762.52900000,0.31855802,0.28649299,1.00000000
2763.01100000,0.31866039,0.28650057,1.00000000
2763.49300000,0.31862750,0.28650888,1.00000000
2763.97500000,0.31863712,0.28651793,1.00000000
2764.45700000,0.31879532,0.28652771,1.00000000
2764.93900000,0.31908228,0.28653823,1.00000000
2765.42100000,0.31901996,0.28654948,1.00000000
2765.90300000,0.31897204,0.28656146,1.00000000
2766.38500000,0.31916874,0.28657418,1.00000000
2766.86800000,0.31917595,0.28658766,1.00000000
2767.35000000,0.31910223,0.28660184,1.00000000
2767.83200000,0.31931982,0.28661675,1.00000000
2768.31400000,0.31936695,0.28663239,1.00000000
2768.79600000,0.31949019,0.28664877,1.00000000
2769.27800000,0.31948880,0.28666587,1.00000000
2769.76000000,0.31953219,0.28668369,1.00000000
2770.24200000,0.31961002,0.28670225,1.00000000
2770.72500000,0.31973403,0.28672157,1.00000000
2771.20700000,0.31973320,0.28674158,1.00000000
2771.68900000,0.31966638,0.28676230,1.00000000
2772.17100000,0.31963963,0.28678376,1.00000000
2772.65300000,0.31974378,0.28680593,1.00000000
2773.13500000,0.31998530,0.28682882,1.00000000
2773.61700000,0.31979779,0.28685243,1.00000000
2774.09900000,0.31994964,0.28687676,1.00000000
2774.58200000,0.31988295,0.28690186,1.00000000
2775.06400000,0.31994966,0.28692762,1.00000000
2775.54600000,0.32011276,0.28695410,1.00000000
2776.02800000,0.32010854,0.28698129,1.00000000
2776.51000000,0.32010335,0.28700919,1.00000000
2776.99200000,0.32031760,0.28703779,1.00000000
2777.47400000,0.32020143,0.28706711,1.00000000
2777.95600000,0.32029936,0.28709713,1.00000000
2778.43800000,0.32045772,0.28712786,1.00000000
2778.92100000,0.32036775,0.28715936,1.00000000
2779.40300000,0.32040955,0.28719149,1.00000000
2779.88500000,0.32030771,0.28722433,1.00000000
2780.36700000,0.32040186,0.28725786,1.00000000
2780.84900000,0.32075786,0.28729209,1.00000000
2781.33100000,0.32063567,0.28732701,1.00000000
2781.81300000,0.32052734,0.28736263,1.00000000
2782.29500000,0.32067604,0.28739893,1.00000000
2782.77800000,0.32056524,0.28743601,1.00000000
2783.26000000,0.32075543,0.28747369,1.00000000
2783.74200000,0.32056894,0.28751206,1.00000000
2784.22400000,0.32073360,0.28755112,1.00000000
2784.70600000,0.32078245,0.28759085,1.00000000
2785.18800000,0.32089784,0.28763127,1.00000000
2785.67000000,0.32086741,0.28767236,1.00000000
2786.15200000,0.32094855,0.28771413,1.00000000
2786.63500000,0.32084779,0.28775665,1.00000000
2787.11600000,0.32090454,0.28779967,1.00000000
2787.59900000,0.32112582,0.28784354,1.00000000
2788.08100000,0.32111299,0.28788799,1.00000000
2788.56300000,0.32102338,0.28793310,1.00000000
2789.04500000,0.32107793,0.28797887,1.00000000
2789.52700000,0.32088892,0.28802530,1.00000000
2790.00900000,0.32107806,0.28807239,1.00000000
2790.49100000,0.32090121,0.28812013,1.00000000
2790.97300000,0.32104877,0.28816852,1.00000000
2791.45600000,0.32091256,0.28821766,1.00000000
2791.93800000,0.32109907,0.28826735,1.00000000
2792.42000000,0.32121345,0.28831769,1.00000000
2792.90200000,0.32113091,0.28836866,1.00000000
2793.38400000,0.32111299,0.28842028,1.00000000
2793.86600000,0.32104290,0.28847253,1.00000000
2794.34800000,0.32104029,0.28852541,1.00000000
2794.83000000,0.32129166,0.28857893,1.00000000
2795.31200000,0.32113090,0.28863307,1.00000000
2795.79500000,0.32144094,0.28868795,1.00000000
2796.27700000,0.32122490,0.28874334,1.00000000
2796.75900000,0.32121697,0.28879935,1.00000000
2797.24100000,0.32120904,0.28885598,1.00000000
2797.72300000,0.32135128,0.28891322,1.00000000
2798.20500000,0.32120969,0.28897107,1.00000000
2798.68700000,0.32130688,0.28902953,1.00000000
2799.16900000,0.32141879,0.28908859,1.00000000
2799.65200000,0.32129202,0.28914838,1.00000000
2800.13400000,0.32140653,0.28920865,1.00000000
2800.61600000,0.32146871,0.28926951,1.00000000
2801.09800000,0.32143397,0.28933096,1.00000000
2801.58000000,0.32158796,0.28939300,1.00000000
2802.06200000,0.32143215,0.28945563,1.00000000
2802.54400000,0.32164834,0.28951884,1.00000000
2803.02600000,0.32127856,0.28958263,1.00000000
2803.50900000,0.32128372,0.28964713,1.00000000
2803.99100000,0.32127918,0.28971207,1.00000000
2804.47300000,0.32147537,0.28977758,1.00000000
2804.95500000,0.32137699,0.28984365,1.00000000
2805.43700000,0.32131080,0.28991029,1.00000000
2805.91900000,0.32133156,0.28997748,1.00000000
2806.40100000,0.32146332,0.29004523,1.00000000
2806.88300000,0.32145095,0.29011354,1.00000000
2807.36500000,0.32158912,0.29018239,1.00000000
2807.84800000,0.32130889,0.29025193,1.00000000
2808.33000000,0.32117171,0.29032187,1.00000000
2808.81200000,0.32148737,0.29039235,1.00000000
2809.29400000,0.32128230,0.29046336,1.00000000
2809.77600000,0.32131148,0.29053490,1.00000000
2810.25800000,0.32133814,0.29060697,1.00000000
2810.74000000,0.32130012,0.29067956,1.00000000
2811.22200000,0.32141085,0.29075267,1.00000000
2811.70500000,0.32133845,0.29082645,1.00000000
2812.18700000,0.32138965,0.29090059,1.00000000
2812.66900000,0.32132356,0.29097523,1.00000000
2813.15100000,0.32141019,0.29105038,1.00000000
2813.63300000,0.32131695,0.29112603,1.00000000
2814.11500000,0.32128879,0.29120218,1.00000000
2814.59700000,0.32116130,0.29127882,1.00000000
2815.07900000,0.32127366,0.29135595,1.00000000
2815.56200000,0.32121240,0.29143372,1.00000000
2816.04300000,0.32121120,0.29151165,1.00000000
2816.52600000,0.32100839,0.29159038,1.00000000
2817.00800000,0.32107690,0.29166942,1.00000000
2817.49000000,0.32125347,0.29174893,1.00000000
2817.97200000,0.32123300,0.29182890,1.00000000
2818.45400000,0.32094639,0.29190934,1.00000000
2818.93600000,0.32087447,0.29199022,1.00000000
2819.41800000,0.32121727,0.29207156,1.00000000
2819.90000000,0.32095185,0.29215335,1.00000000
2820.38300000,0.32097974,0.29223575,1.00000000
2820.86500000,0.32117613,0.29231842,1.00000000
2821.34700000,0.32120410,0.29240153,1.00000000
2821.82900000,0.32110816,0.29248506,1.00000000
2822.31100000,0.32103053,0.29256902,1.00000000
2822.79300000,0.32098762,0.29265341,1.00000000
2823.27500000,0.32111830,0.29273821,1.00000000
2823.75700000,0.32099012,0.29282342,1.00000000
2824.24000000,0.32099741,0.29290922,1.00000000
2824.72200000,0.32103989,0.29299524,1.00000000
2825.20400000,0.32083499,0.29308167,1.00000000
2825.68600000,0.32085311,0.29316849,1.00000000
2826.16800000,0.32068171,0.29325570,1.00000000
2826.65000000,0.32069786,0.29334330,1.00000000
2827.13200000,0.32076170,0.29343128,1.00000000
2827.61400000,0.32042947,0.29351964,1.00000000
2828.09600000,0.32066737,0.29360836,1.00000000
2828.57900000,0.32051546,0.29369765,1.00000000
2829.06100000,0.32038153,0.29378711,1.00000000
2829.54300000,0.32034662,0.29387693,1.00000000
2830.02500000,0.32042646,0.29396710,1.00000000
2830.50700000,0.32028608,0.29405762,1.00000000
2830.98900000,0.32019941,0.29414849,1.00000000
2831.47100000,0.32031061,0.29423970,1.00000000
2831.95300000,0.32019816,0.29433124,1.00000000
2832.43600000,0.32010521,0.29442331,1.00000000
2832.91800000,0.32035680,0.29451551,1.00000000
2833.40000000,0.32020633,0.29460803,1.00000000
2833.88200000,0.32043515,0.29470087,1.00000000
2834.36400000,0.32012746,0.29479402,1.00000000
2834.84600000,0.32021975,0.29488747,1.00000000
2835.32800000,0.32011138,0.29498123,1.00000000
2835.81000000,0.31994250,0.29507529,1.00000000
2836.29200000,0.32014623,0.29516963,1.00000000
2836.77500000,0.32000711,0.29526446,1.00000000
2837.25700000,0.32011551,0.29535938,1.00000000
2837.73900000,0.31987648,0.29545458,1.00000000
2838.22100000,0.32002928,0.29555005,1.00000000
2838.70300000,0.31975068,0.29564578,1.00000000
2839.18500000,0.31994555,0.29574178,1.00000000
2839.66700000,0.31982566,0.29583804,1.00000000
2840.14900000,0.31968337,0.29593455,1.00000000
2840.63200000,0.31964009,0.29603151,1.00000000
2841.11400000,0.31954169,0.29612851,1.00000000
2841.59600000,0.31946222,0.29622575,1.00000000
2842.07800000,0.31957204,0.29632322,1.00000000
2842.56000000,0.31961584,0.29642092,1.00000000
2843.04200000,0.31949339,0.29651884,1.00000000
2843.52400000,0.31950795,0.29661698,1.00000000
2844.00600000,0.31955307,0.29671533,1.00000000
2844.48900000,0.31940889,0.29681410,1.00000000
2844.97000000,0.31932880,0.29691266,1.00000000
2845.45300000,0.31924998,0.29701182,1.00000000
2845.93500000,0.31922351,0.29711098,1.00000000
2846.41700000,0.31921432,0.29721032,1.00000000
2846.89900000,0.31897116,0.29730984,1.00000000
2847.38100000,0.31903899,0.29740954,1.00000000
2847.86300000,0.31896035,0.29750941,1.00000000
2848.34500000,0.31898247,0.29760945,1.00000000
2848.82700000,0.31881407,0.29770965,1.00000000
2849.31000000,0.31898447,0.29781022,1.00000000
2849.79200000,0.31839049,0.29791073,1.00000000
2850.27400000,0.31861359,0.29801138,1.00000000
2850.75600000,0.31865291,0.29811217,1.00000000
2851.23800000,0.31867512,0.29821311,1.00000000
2851.72000000,0.31844795,0.29831417,1.00000000
2852.20200000,0.31829760,0.29841535,1.00000000
2852.68400000,0.31834263,0.29851666,1.00000000
2853.16700000,0.31820147,0.29861829,1.00000000
2853.64900000,0.31818948,0.29871982,1.00000000
2854.13100000,0.31810167,0.29882146,1.00000000
2854.61300000,0.31793751,0.29892319,1.00000000
2855.09500000,0.31815474,0.29902502,1.00000000
2855.57700000,0.31774910,0.29912694,1.00000000
2856.05900000,0.31792251,0.29922894,1.00000000
2856.54100000,0.31774257,0.29933102,1.00000000
2857.02300000,0.31766423,0.29943317,1.00000000
2857.50600000,0.31765761,0.29953560,1.00000000
2857.98800000,0.31763059,0.29963789,1.00000000
2858.47000000,0.31770642,0.29974023,1.00000000
2858.95200000,0.31768307,0.29984262,1.00000000
2859.43400000,0.31759248,0.29994505,1.00000000
2859.91600000,0.31738239,0.30004753,1.00000000
2860.39800000,0.31760997,0.30015005,1.00000000
2860.88000000,0.31739664,0.30025259,1.00000000
2861.36300000,0.31716145,0.30035538,1.00000000
2861.84500000,0.31730139,0.30045797,1.00000000
2862.32700000,0.31704997,0.30056057,1.00000000
2862.80900000,0.31697997,0.30066319,1.00000000
2863.29100000,0.31696272,0.30076581,1.00000000
2863.77300000,0.31677598,0.30086843,1.00000000
2864.25500000,0.31690125,0.30097104,1.00000000
2864.73700000,0.31672783,0.30107364,1.00000000
2865.21900000,0.31657170,0.30117623,1.00000000
2865.70200000,0.31655100,0.30127900,1.00000000
2866.18400000,0.31631994,0.30138154,1.00000000
2866.66600000,0.31639008,0.30148404,1.00000000
2867.14800000,0.31625761,0.30158650,1.00000000
2867.63000000,0.31605769,0.30168893,1.00000000
2868.11200000,0.31614016,0.30179130,1.00000000
2868.59400000,0.31588245,0.30189362,1.00000000
2869.07600000,0.31598912,0.30199588,1.00000000
2869.55900000,0.31586140,0.30209829,1.00000000
2870.04100000,0.31578776,0.30220041,1.00000000
2870.52300000,0.31579510,0.30230246,1.00000000
2871.00500000,0.31580744,0.30240443,1.00000000
2871.48700000,0.31558485,0.30250632,1.00000000
2871.96900000,0.31548925,0.30260812,1.00000000
2872.45100000,0.31572719,0.30270982,1.00000000
2872.93300000,0.31524017,0.30281141,1.00000000
2873.41600000,0.31547726,0.30291312,1.00000000
2873.89700000,0.31536402,0.30301429,1.00000000
2874.38000000,0.31502063,0.30311576,1.00000000
2874.86200000,0.31528081,0.30321691,1.00000000
2875.34400000,0.31487744,0.30331792,1.00000000
2875.82600000,0.31503974,0.30341880,1.00000000
2876.30800000,0.31484044,0.30351955,1.00000000
2876.79000000,0.31480924,0.30362015,1.00000000
2877.27200000,0.31460176,0.30372061,1.00000000
2877.75400000,0.31447352,0.30382091,1.00000000
2878.23700000,0.31450415,0.30392126,1.00000000
2878.71900000,0.31442889,0.30402124,1.00000000
2879.20100000,0.31445154,0.30412106,1.00000000
2879.68300000,0.31427260,0.30422070,1.00000000
2880.16500000,0.31407398,0.30432016,1.00000000
2880.64700000,0.31410638,0.30441943,1.00000000
2881.12900000,0.31391916,0.30451852,1.00000000
2881.61100000,0.31401241,0.30461742,1.00000000
2882.09400000,0.31385812,0.30471631,1.00000000
2882.57600000,0.31367978,0.30481481,1.00000000
2883.05800000,0.31388695,0.30491309,1.00000000
2883.54000000,0.31366947,0.30501115,1.00000000
2884.02200000,0.31363197,0.30510900,1.00000000
2884.50400000,0.31345682,0.30520662,1.00000000
2884.98600000,0.31322785,0.30530402,1.00000000
2885.46800000,0.31319639,0.30540118,1.00000000
2885.95000000,0.31321230,0.30549810,1.00000000
2886.43300000,0.31330288,0.30559498,1.00000000
2886.91500000,0.31301531,0.30569140,1.00000000
2887.39700000,0.31314236,0.30578758,1.00000000
2887.87900000,0.31306240,0.30588349,1.00000000
2888.36100000,0.31287502,0.30597914,1.00000000
2888.84300000,0.31276588,0.30607452,1.00000000
2889.32500000,0.31259459,0.30616963,1.00000000
2889.80700000,0.31245476,0.30626446,1.00000000
2890.29000000,0.31237387,0.30635920,1.00000000
2890.77200000,0.31221018,0.30645345,1.00000000
2891.25400000,0.31224626,0.30654741,1.00000000
2891.73600000,0.31223724,0.30664108,1.00000000
2892.21800000,0.31212675,0.30673444,1.00000000
2892.70000000,0.31207036,0.30682749,1.00000000
2893.18200000,0.31168309,0.30692024,1.00000000
2893.66400000,0.31190165,0.30701266,1.00000000
2894.14600000,0.31173036,0.30710476,1.00000000
2894.62900000,0.31170398,0.30719673,1.00000000
2895.11100000,0.31149473,0.30728817,1.00000000
2895.59300000,0.31133287,0.30737928,1.00000000
2896.07500000,0.31122057,0.30747005,1.00000000
2896.55700000,0.31150643,0.30756047,1.00000000
2897.03900000,0.31129455,0.30765054,1.00000000
2897.52100000,0.31124813,0.30774026,1.00000000
2898.00300000,0.31119877,0.30782961,1.00000000
2898.48600000,0.31107690,0.30791879,1.00000000
2898.96800000,0.31098912,0.30800742,1.00000000
2899.45000000,0.31092188,0.30809567,1.00000000
2899.93200000,0.31074150,0.30818354,1.00000000
2900.41400000,0.31083618,0.30827103,1.00000000
2900.89600000,0.31077037,0.30835814,1.00000000
2901.37800000,0.31068511,0.30844485,1.00000000
2901.86000000,0.31054011,0.30853117,1.00000000
2902.34300000,0.31038304,0.30861727,1.00000000
2902.82400000,0.31030716,0.30870261,1.00000000
2903.30700000,0.31025550,0.30878789,1.00000000
2903.78900000,0.31018027,0.30887259,1.00000000
2904.27100000,0.31003516,0.30895686,1.00000000
2904.75300000,0.30984328,0.30904072,1.00000000
2905.23500000,0.30983484,0.30912415,1.00000000
2905.71700000,0.30963357,0.30920715,1.00000000
2906.19900000,0.30955892,0.30928971,1.00000000
2906.68100000,0.30962689,0.30937184,1.00000000
2907.16400000,0.30939560,0.30945369,1.00000000
2907.64600000,0.30937274,0.30953492,1.00000000
2908.12800000,0.30916184,0.30961571,1.00000000
2908.61000000,0.30926744,0.30969604,1.00000000
2909.09200000,0.30911961,0.30977591,1.00000000
2909.57400000,0.30901435,0.30985531,1.00000000
2910.05600000,0.30930493,0.30993425,1.00000000
2910.53800000,0.30900983,0.31001272,1.00000000
2911.02100000,0.30890292,0.31009087,1.00000000
2911.50300000,0.30882248,0.31016838,1.00000000
2911.98500000,0.30882839,0.31024541,1.00000000
2912.46700000,0.30863207,0.31032195,1.00000000
2912.94900000,0.30857196,0.31039800,1.00000000
2913.43100000,0.30853467,0.31047355,1.00000000
2913.91300000,0.30852809,0.31054860,1.00000000
2914.39500000,0.30841805,0.31062316,1.00000000
2914.87700000,0.30814348,0.31069720,1.00000000
2915.36000000,0.30799932,0.31077089,1.00000000
2915.84200000,0.30791555,0.31084391,1.00000000
2916.32400000,0.30771528,0.31091641,1.00000000
2916.80600000,0.30778221,0.31098839,1.00000000
2917.28800000,0.30771605,0.31105984,1.00000000
2917.77000000,0.30771584,0.31113077,1.00000000
2918.25200000,0.30743877,0.31120116,1.00000000
2918.73400000,0.30740956,0.31127101,1.00000000
2919.21700000,0.30726281,0.31134047,1.00000000
2919.69900000,0.30748092,0.31140925,1.00000000
2920.18100000,0.30716269,0.31147747,1.00000000
2920.66300000,0.30709559,0.31154515,1.00000000
2921.14500000,0.30689530,0.31161227,1.00000000
2921.62700000,0.30701643,0.31167883,1.00000000
2922.10900000,0.30669819,0.31174483,1.00000000
2922.59100000,0.30671753,0.31181027,1.00000000
2923.07300000,0.30663635,0.31187515,1.00000000
2923.55600000,0.30648557,0.31193958,1.00000000
2924.03800000,0.30651254,0.31200331,1.00000000
2924.52000000,0.30624786,0.31206646,1.00000000
2925.00200000,0.30628544,0.31212902,1.00000000
2925.48400000,0.30610702,0.31219101,1.00000000
2925.96600000,0.30601558,0.31225241,1.00000000
2926.44800000,0.30602311,0.31231322,1.00000000
2926.93000000,0.30589616,0.31237344,1.00000000
2927.41300000,0.30572303,0.31243318,1.00000000
2927.89500000,0.30586858,0.31249220,1.00000000
2928.37700000,0.30552941,0.31255062,1.00000000
2928.85900000,0.30574338,0.31260843,1.00000000
2929.34100000,0.30527566,0.31266564,1.00000000
2929.82300000,0.30545915,0.31272223,1.00000000
2930.30500000,0.30530845,0.31277821,1.00000000
2930.78700000,0.30524755,0.31283358,1.00000000
2931.27000000,0.30507752,0.31288844,1.00000000
2931.75100000,0.30498054,0.31294245,1.00000000
2932.23400000,0.30502127,0.31299606,1.00000000
2932.71600000,0.30489422,0.31304893,1.00000000
2933.19800000,0.30467298,0.31310117,1.00000000
2933.68000000,0.30469528,0.31315277,1.00000000
2934.16200000,0.30468356,0.31320375,1.00000000
2934.64400000,0.30450129,0.31325408,1.00000000
2935.12600000,0.30435079,0.31330377,1.00000000
2935.60800000,0.30428907,0.31335282,1.00000000
2936.09100000,0.30436063,0.31340133,1.00000000
2936.57300000,0.30429420,0.31344908,1.00000000
2937.05500000,0.30429845,0.31349619,1.00000000
2937.53700000,0.30418035,0.31354264,1.00000000
2938.01900000,0.30416946,0.31358844,1.00000000
2938.50100000,0.30414090,0.31363358,1.00000000
2938.98300000,0.30397733,0.31367806,1.00000000
2939.46500000,0.30387936,0.31372187,1.00000000
2939.94800000,0.30379635,0.31376512,1.00000000
2940.43000000,0.30361697,0.31380760,1.00000000
2940.91200000,0.30374037,0.31384942,1.00000000
2941.39400000,0.30350234,0.31389056,1.00000000
2941.87600000,0.30323806,0.31393104,1.00000000
2942.35800000,0.30330011,0.31397084,1.00000000
2942.84000000,0.30331075,0.31400996,1.00000000
2943.32200000,0.30322893,0.31404840,1.00000000
2943.80400000,0.30312679,0.31408617,1.00000000
2944.28700000,0.30299533,0.31412332,1.00000000
2944.76900000,0.30288624,0.31415972,1.00000000
2945.25100000,0.30284224,0.31419543,1.00000000
2945.73300000,0.30286338,0.31423045,1.00000000
2946.21500000,0.30268167,0.31426478,1.00000000
2946.69700000,0.30247884,0.31429842,1.00000000
2947.17900000,0.30249880,0.31433137,1.00000000
2947.66100000,0.30244239,0.31436362,1.00000000
2948.14400000,0.30230089,0.31439524,1.00000000
2948.62600000,0.30224603,0.31442609,1.00000000
2949.10800000,0.30202892,0.31445625,1.00000000
2949.59000000,0.30182384,0.31448571,1.00000000
2950.07200000,0.30193931,0.31451446,1.00000000
2950.55400000,0.30187191,0.31454251,1.00000000
2951.03600000,0.30169915,0.31456985,1.00000000
2951.51800000,0.30178146,0.31459649,1.00000000
2952.00000000,0.30176375,0.31462242,1.00000000
2952.48300000,0.30150162,0.31464769,1.00000000
2952.96500000,0.30139460,0.31467220,1.00000000
2953.44700000,0.30129921,0.31469599,1.00000000
2953.92900000,0.30144612,0.31471908,1.00000000
2954.41100000,0.30120220,0.31474145,1.00000000
2954.89300000,0.30121517,0.31476310,1.00000000
2955.37500000,0.30120584,0.31478404,1.00000000
2955.85700000,0.30106782,0.31480426,1.00000000
2956.34000000,0.30091670,0.31482381,1.00000000
2956.82200000,0.30096265,0.31484259,1.00000000
2957.30400000,0.30097913,0.31486065,1.00000000
2957.78600000,0.30101129,0.31487799,1.00000000
2958.26800000,0.30065540,0.31489461,1.00000000
2958.75000000,0.30078371,0.31491051,1.00000000
2959.23200000,0.30068368,0.31492568,1.00000000
2959.71400000,0.30052933,0.31494013,1.00000000
2960.19700000,0.30066355,0.31495389,1.00000000
2960.67800000,0.30041987,0.31496686,1.00000000
2961.16100000,0.30050100,0.31497916,1.00000000
2961.64300000,0.30022774,0.31499071,1.00000000
2962.12500000,0.30024225,0.31500153,1.00000000
2962.60700000,0.30022596,0.31501162,1.00000000
2963.08900000,0.30020972,0.31502098,1.00000000
2963.57100000,0.30001772,0.31502962,1.00000000
2964.05300000,0.30004776,0.31503752,1.00000000
2964.53500000,0.29993294,0.31504470,1.00000000
2965.01800000,0.29973398,0.31505116,1.00000000
2965.50000000,0.30011135,0.31505688,1.00000000
2965.98200000,0.29981186,0.31506186,1.00000000
2966.46400000,0.29974550,0.31506612,1.00000000
2966.94600000,0.29989135,0.31506965,1.00000000
2967.42800000,0.29978019,0.31507244,1.00000000
2967.91000000,0.29972087,0.31507451,1.00000000
2968.39200000,0.29950696,0.31507584,1.00000000
2968.87500000,0.29962305,0.31507645,1.00000000
2969.35700000,0.29944249,0.31507632,1.00000000
2969.83900000,0.29924981,0.31507546,1.00000000
2970.32100000,0.29941363,0.31507387,1.00000000
2970.80300000,0.29919567,0.31507155,1.00000000
2971.28500000,0.29915805,0.31506851,1.00000000
2971.76700000,0.29925034,0.31506473,1.00000000
2972.24900000,0.29894246,0.31506022,1.00000000
2972.73100000,0.29890878,0.31505498,1.00000000
2973.21400000,0.29870228,0.31504900,1.00000000
2973.69600000,0.29878532,0.31504231,1.00000000
2974.17800000,0.29878134,0.31503488,1.00000000
2974.66000000,0.29845047,0.31502673,1.00000000
2975.14200000,0.29864983,0.31501785,1.00000000
2975.62400000,0.29843587,0.31500824,1.00000000
2976.10600000,0.29841977,0.31499791,1.00000000
2976.58800000,0.29855236,0.31498685,1.00000000
2977.07100000,0.29844864,0.31497505,1.00000000
2977.55300000,0.29828492,0.31496254,1.00000000
2978.03500000,0.29836587,0.31494930,1.00000000
2978.51700000,0.29817565,0.31493535,1.00000000
2978.99900000,0.29814118,0.31492067,1.00000000
2979.48100000,0.29817998,0.31490528,1.00000000
2979.96300000,0.29823182,0.31488916,1.00000000
2980.44500000,0.29816373,0.31487232,1.00000000
2980.92700000,0.29797917,0.31485476,1.00000000
2981.41000000,0.29792367,0.31483645,1.00000000
2981.89200000,0.29807437,0.31481746,1.00000000
2982.37400000,0.29807428,0.31479775,1.00000000
2982.85600000,0.29763601,0.31477733,1.00000000
2983.33800000,0.29768036,0.31475620,1.00000000
2983.82000000,0.29760955,0.31473435,1.00000000
2984.30200000,0.29753304,0.31471180,1.00000000
2984.78400000,0.29749447,0.31468853,1.00000000
2985.26700000,0.29745986,0.31466450,1.00000000
2985.74900000,0.29770483,0.31463982,1.00000000
2986.23100000,0.29736633,0.31461443,1.00000000
2986.71300000,0.29736290,0.31458834,1.00000000
2987.19500000,0.29747835,0.31456154,1.00000000
2987.67700000,0.29722535,0.31453404,1.00000000
2988.15900000,0.29755870,0.31450584,1.00000000
2988.64100000,0.29768057,0.31447695,1.00000000
2989.12400000,0.29749862,0.31444729,1.00000000
2989.60500000,0.29752322,0.31441706,1.00000000
2990.08800000,0.29750386,0.31438602,1.00000000
2990.57000000,0.29747389,0.31435434,1.00000000
2991.05200000,0.29748691,0.31432197,1.00000000
2991.53400000,0.29752153,0.31428892,1.00000000
2992.01600000,0.29732193,0.31425518,1.00000000
2992.49800000,0.29747191,0.31422075,1.00000000
2992.98000000,0.29735460,0.31418564,1.00000000
2993.46200000,0.29736806,0.31414985,1.00000000
2993.94500000,0.29700021,0.31411330,1.00000000
2994.42700000,0.29731970,0.31407615,1.00000000
2994.90900000,0.29706703,0.31403832,1.00000000
2995.39100000,0.29700753,0.31399983,1.00000000
2995.87300000,0.29698985,0.31396066,1.00000000
2996.35500000,0.29708403,0.31392082,1.00000000
2996.83700000,0.29700781,0.31388031,1.00000000
2997.31900000,0.29696786,0.31383914,1.00000000
2997.80200000,0.29698102,0.31379722,1.00000000
2998.28400000,0.29687045,0.31375472,1.00000000
2998.76600000,0.29694755,0.31371157,1.00000000
2999.24800000,0.29685829,0.31366776,1.00000000
2999.73000000,0.29672219,0.31362329,1.00000000
3000.21200000,0.29670799,0.31357818,1.00000000
3000.69400000,0.29676752,0.31353241,1.00000000
3001.17600000,0.29676242,0.31348600,1.00000000
3001.65800000,0.29676130,0.31343895,1.00000000
3002.14100000,0.29685946,0.31339115,1.00000000
3002.62300000,0.29670288,0.31334282,1.00000000
3003.10500000,0.29682925,0.31329384,1.00000000
3003.58700000,0.29661758,0.31324424,1.00000000
3004.06900000,0.29672804,0.31319400,1.00000000
3004.55100000,0.29649936,0.31314313,1.00000000
3005.03300000,0.29639117,0.31309164,1.00000000
3005.51500000,0.29640335,0.31303952,1.00000000
3005.99800000,0.29640291,0.31298668,1.00000000
3006.48000000,0.29652149,0.31293332,1.00000000
3006.96200000,0.29643567,0.31287935,1.00000000
3007.44400000,0.29640923,0.31282477,1.00000000
3007.92600000,0.29646906,0.31276958,1.00000000
3008.40800000,0.29639916,0.31271378,1.00000000
3008.89000000,0.29638157,0.31265738,1.00000000
3009.37200000,0.29597422,0.31260038,1.00000000
3009.85400000,0.29638721,0.31254279,1.00000000
3010.33700000,0.29641759,0.31248447,1.00000000
3010.81900000,0.29630709,0.31242569,1.00000000
3011.30100000,0.29634664,0.31236632,1.00000000
3011.78300000,0.29633933,0.31230636,1.00000000
3012.26500000,0.29628915,0.31224582,1.00000000
3012.74700000,0.29627684,0.31218471,1.00000000
3013.22900000,0.29645714,0.31212301,1.00000000
3013.71100000,0.29619127,0.31206075,1.00000000
3014.19400000,0.29633752,0.31199779,1.00000000
3014.67600000,0.29631290,0.31193439,1.00000000
3015.15800000,0.29624934,0.31187043,1.00000000
3015.64000000,0.29629733,0.31180591,1.00000000
3016.12200000,0.29649104,0.31174083,1.00000000
3016.60400000,0.29634858,0.31167520,1.00000000
3017.08600000,0.29626559,0.31160903,1.00000000
3017.56800000,0.29598852,0.31154231,1.00000000
3018.05100000,0.29622279,0.31147491,1.00000000
3018.53200000,0.29624194,0.31140725,1.00000000
3019.01500000,0.29625392,0.31133877,1.00000000
3019.49700000,0.29639694,0.31126990,1.00000000
3019.97900000,0.29612266,0.31120051,1.00000000
3020.46100000,0.29620117,0.31113059,1.00000000
3020.94300000,0.29638866,0.31106016,1.00000000
3021.42500000,0.29610030,0.31098921,1.00000000
3021.90700000,0.29631739,0.31091774,1.00000000
3022.38900000,0.29630180,0.31084577,1.00000000
3022.87200000,0.29618408,0.31077314,1.00000000
3023.35400000,0.29614427,0.31070016,1.00000000
3023.83600000,0.29618640,0.31062668,1.00000000
3024.31800000,0.29624534,0.31055271,1.00000000
3024.80000000,0.29621017,0.31047825,1.00000000
3025.28200000,0.29634772,0.31040330,1.00000000
3025.76400000,0.29640842,0.31032788,1.00000000
3026.24600000,0.29627323,0.31025197,1.00000000
3026.72900000,0.29650361,0.31017543,1.00000000
3027.21100000,0.29630646,0.31009859,1.00000000
3027.69300000,0.29627223,0.31002127,1.00000000
3028.17500000,0.29641741,0.30994349,1.00000000
3028.65700000,0.29609279,0.30986526,1.00000000
3029.13900000,0.29648614,0.30978657,1.00000000
3029.62100000,0.29643199,0.30970744,1.00000000
3030.10300000,0.29619531,0.30962786,1.00000000
3030.58500000,0.29633347,0.30954783,1.00000000
3031.06800000,0.29629897,0.30946721,1.00000000
3031.55000000,0.29635842,0.30938631,1.00000000
3032.03200000,0.29615127,0.30930499,1.00000000
3032.51400000,0.29612373,0.30922325,1.00000000
3032.99600000,0.29631721,0.30914109,1.00000000
3033.47800000,0.29627727,0.30905851,1.00000000
3033.96000000,0.29625642,0.30897551,1.00000000
3034.44200000,0.29612284,0.30889212,1.00000000
3034.92500000,0.29623574,0.30880814,1.00000000
3035.40700000,0.29622846,0.30872394,1.00000000
3035.88900000,0.29604520,0.30863935,1.00000000
3036.37100000,0.29626132,0.30855437,1.00000000
3036.85300000,0.29627001,0.30846900,1.00000000
3037.33500000,0.29619586,0.30838326,1.00000000
3037.81700000,0.29624679,0.30829714,1.00000000
3038.29900000,0.29638223,0.30821064,1.00000000
3038.78100000,0.29654280,0.30812378,1.00000000
3039.26400000,0.29659232,0.30803638,1.00000000
3039.74600000,0.29632363,0.30794880,1.00000000
3040.22800000,0.29654055,0.30786087,1.00000000
3040.71000000,0.29682100,0.30777258,1.00000000
3041.19200000,0.29658204,0.30768396,1.00000000
3041.67400000,0.29693200,0.30759499,1.00000000
3042.15600000,0.29673321,0.30750570,1.00000000
3042.63800000,0.29668705,0.30741607,1.00000000
3043.12100000,0.29700441,0.30732593,1.00000000
3043.60300000,0.29674547,0.30723565,1.00000000
3044.08500000,0.29679714,0.30714506,1.00000000
3044.56700000,0.29685408,0.30705416,1.00000000
3045.04900000,0.29689086,0.30696295,1.00000000
3045.53100000,0.29698571,0.30687144,1.00000000
3046.01300000,0.29682206,0.30677964,1.00000000
3046.49500000,0.29716951,0.30668754,1.00000000
3046.97800000,0.29704117,0.30659496,1.00000000
3047.45900000,0.29704988,0.30650249,1.00000000
3047.94200000,0.29719396,0.30640935,1.00000000
3048.42400000,0.29720365,0.30631613,1.00000000
3048.90600000,0.29720451,0.30622265,1.00000000
3049.38800000,0.29721343,0.30612890,1.00000000
3049.87000000,0.29706174,0.30603489,1.00000000
3050.35200000,0.29732281,0.30594063,1.00000000
3050.83400000,0.29700966,0.30584613,1.00000000
3051.31600000,0.29745773,0.30575138,1.00000000
3051.79900000,0.29706434,0.30565619,1.00000000
3052.28100000,0.29728370,0.30556097,1.00000000
3052.76300000,0.29708040,0.30546552,1.00000000
3053.24500000,0.29728876,0.30536985,1.00000000
3053.72700000,0.29751475,0.30527396,1.00000000
3054.20900000,0.29750310,0.30517785,1.00000000
3054.69100000,0.29741730,0.30508154,1.00000000
3055.17300000,0.29746003,0.30498503,1.00000000
3055.65600000,0.29754405,0.30488811,1.00000000
3056.13800000,0.29740430,0.30479120,1.00000000
3056.62000000,0.29759926,0.30469411,1.00000000
3057.10200000,0.29752154,0.30459683,1.00000000
3057.58400000,0.29784024,0.30449937,1.00000000
3058.06600000,0.29762549,0.30440175,1.00000000
3058.54800000,0.29792942,0.30430395,1.00000000
3059.03000000,0.29769224,0.30420599,1.00000000
3059.51200000,0.29781513,0.30410787,1.00000000
3059.99500000,0.29779459,0.30400940,1.00000000
3060.47700000,0.29778524,0.30391099,1.00000000
3060.95900000,0.29793255,0.30381243,1.00000000
3061.44100000,0.29819722,0.30371373,1.00000000
3061.92300000,0.29810106,0.30361491,1.00000000
3062.40500000,0.29814149,0.30351595,1.00000000
3062.88700000,0.29824914,0.30341688,1.00000000
3063.36900000,0.29815811,0.30331769,1.00000000
3063.85200000,0.29825027,0.30321818,1.00000000
3064.33400000,0.29843136,0.30311877,1.00000000
3064.81600000,0.29836963,0.30301926,1.00000000
3065.29800000,0.29840203,0.30291966,1.00000000
3065.78000000,0.29839080,0.30281996,1.00000000
3066.26200000,0.29871722,0.30272018,1.00000000
3066.74400000,0.29850749,0.30262032,1.00000000
3067.22600000,0.29873710,0.30252038,1.00000000
3067.70800000,0.29881192,0.30242038,1.00000000
3068.19100000,0.29866129,0.30232010,1.00000000
3068.67300000,0.29886625,0.30221997,1.00000000
3069.15500000,0.29890770,0.30211979,1.00000000
3069.63700000,0.29881558,0.30201956,1.00000000
3070.11900000,0.29908808,0.30191929,1.00000000
3070.60100000,0.29902257,0.30181897,1.00000000
3071.08300000,0.29899328,0.30171863,1.00000000
3071.56500000,0.29930514,0.30161826,1.00000000
3072.04800000,0.29910799,0.30151765,1.00000000
3072.53000000,0.29905169,0.30141724,1.00000000
3073.01200000,0.29918328,0.30131681,1.00000000
3073.49400000,0.29934989,0.30121638,1.00000000
3073.97600000,0.29928573,0.30111595,1.00000000
3074.45800000,0.29929017,0.30101552,1.00000000
3074.94000000,0.29920811,0.30091510,1.00000000
3075.42200000,0.29923716,0.30081469,1.00000000
3075.90500000,0.29925952,0.30071409,1.00000000
3076.38600000,0.29949178,0.30061394,1.00000000
3076.86900000,0.29958276,0.30051340,1.00000000
3077.35100000,0.29974683,0.30041310,1.00000000
3077.83300000,0.29967034,0.30031284,1.00000000
3078.31500000,0.29975534,0.30021263,1.00000000
3078.79700000,0.29994258,0.30011247,1.00000000
3079.27900000,0.29995823,0.30001236,1.00000000
3079.76100000,0.29989155,0.29991232,1.00000000
3080.24300000,0.30015387,0.29981234,1.00000000
3080.72600000,0.30021686,0.29971222,1.00000000
3081.20800000,0.30023735,0.29961239,1.00000000
3081.69000000,0.30040870,0.29951265,1.00000000
3082.17200000,0.30034385,0.29941298,1.00000000
3082.65400000,0.30040439,0.29931342,1.00000000
3083.13600000,0.30034424,0.29921394,1.00000000
3083.61800000,0.30027876,0.29911458,1.00000000
3084.10000000,0.30049979,0.29901531,1.00000000
3084.58300000,0.30045764,0.29891596,1.00000000
3085.06500000,0.30072411,0.29881693,1.00000000
3085.54700000,0.30078413,0.29871803,1.00000000
3086.02900000,0.30064217,0.29861925,1.00000000
3086.51100000,0.30069111,0.29852060,1.00000000
3086.99300000,0.30088333,0.29842210,1.00000000
3087.47500000,0.30072574,0.29832374,1.00000000
3087.95700000,0.30084275,0.29822552,1.00000000
3088.43900000,0.30080418,0.29812747,1.00000000
3088.92200000,0.30084316,0.29802936,1.00000000
3089.40400000,0.30104856,0.29793163,1.00000000
3089.88600000,0.30099459,0.29783406,1.00000000
3090.36800000,0.30114080,0.29773667,1.00000000
3090.85000000,0.30132825,0.29763946,1.00000000
3091.33200000,0.30144921,0.29754244,1.00000000
3091.81400000,0.30135912,0.29744560,1.00000000
3092.29600000,0.30156093,0.29734896,1.00000000
3092.77900000,0.30160819,0.29725231,1.00000000
3093.26100000,0.30189887,0.29715608,1.00000000
3093.74300000,0.30179898,0.29706005,1.00000000
3094.22500000,0.30165830,0.29696423,1.00000000
3094.70700000,0.30191130,0.29686864,1.00000000
3095.18900000,0.30210382,0.29677327,1.00000000
3095.67100000,0.30182127,0.29667813,1.00000000
3096.15300000,0.30193858,0.29658323,1.00000000
3096.63500000,0.30207335,0.29648856,1.00000000
3097.11800000,0.30228594,0.29639395,1.00000000
3097.60000000,0.30231916,0.29629978,1.00000000
3098.08200000,0.30225068,0.29620586,1.00000000
3098.56400000,0.30256211,0.29611220,1.00000000
3099.04600000,0.30248807,0.29601881,1.00000000
3099.52800000,0.30276700,0.29592568,1.00000000
3100.01000000,0.30260668,0.29583283,1.00000000
3100.49200000,0.30264244,0.29574026,1.00000000
3100.97500000,0.30269311,0.29564778,1.00000000
3101.45700000,0.30285924,0.29555578,1.00000000
3101.93900000,0.30276282,0.29546407,1.00000000
3102.42100000,0.30297675,0.29537266,1.00000000
3102.90300000,0.30299138,0.29528155,1.00000000
3103.38500000,0.30293410,0.29519075,1.00000000
3103.86700000,0.30315920,0.29510026,1.00000000
3104.34900000,0.30327918,0.29501009,1.00000000
3104.83200000,0.30327259,0.29492005,1.00000000
3105.31300000,0.30349174,0.29483072,1.00000000
3105.79600000,0.30359952,0.29474134,1.00000000
3106.27800000,0.30355528,0.29465248,1.00000000
3106.76000000,0.30370742,0.29456396,1.00000000
3107.24200000,0.30362478,0.29447578,1.00000000
3107.72400000,0.30381529,0.29438796,1.00000000
3108.20600000,0.30386526,0.29430049,1.00000000
3108.68800000,0.30388918,0.29421337,1.00000000
3109.17000000,0.30392351,0.29412662,1.00000000
3109.65300000,0.30400703,0.29404006,1.00000000
3110.13500000,0.30414806,0.29395405,1.00000000
3110.61700000,0.30397991,0.29386841,1.00000000
3111.09900000,0.30419328,0.29378316,1.00000000
3111.58100000,0.30425802,0.29369829,1.00000000
3112.06300000,0.30416227,0.29361381,1.00000000
3112.54500000,0.30428138,0.29352972,1.00000000
3113.02700000,0.30434777,0.29344603,1.00000000
3113.51000000,0.30456025,0.29336257,1.00000000
3113.99200000,0.30437626,0.29327969,1.00000000
3114.47400000,0.30450878,0.29319722,1.00000000
3114.95600000,0.30460525,0.29311517,1.00000000
3115.43800000,0.30469552,0.29303354,1.00000000
3115.92000000,0.30495832,0.29295233,1.00000000
3116.40200000,0.30470490,0.29287155,1.00000000
3116.88400000,0.30511951,0.29279120,1.00000000
3117.36600000,0.30510255,0.29271129,1.00000000
3117.84900000,0.30520201,0.29263165,1.00000000
3118.33100000,0.30512231,0.29255263,1.00000000
3118.81300000,0.30530659,0.29247405,1.00000000
3119.29500000,0.30531544,0.29239592,1.00000000
3119.77700000,0.30528496,0.29231826,1.00000000
3120.25900000,0.30516947,0.29224105,1.00000000
3120.74100000,0.30522499,0.29216431,1.00000000
3121.22300000,0.30538527,0.29208804,1.00000000
3121.70600000,0.30547055,0.29201208,1.00000000
3122.18800000,0.30543967,0.29193676,1.00000000
3122.67000000,0.30537222,0.29186192,1.00000000
3123.15200000,0.30527885,0.29178756,1.00000000
3123.63400000,0.30542498,0.29171369,1.00000000
3124.11600000,0.30568445,0.29164031,1.00000000
3124.59800000,0.30580504,0.29156744,1.00000000
3125.08000000,0.30574452,0.29149506,1.00000000
3125.56200000,0.30580588,0.29142318,1.00000000
3126.04500000,0.30595801,0.29135166,1.00000000
3126.52700000,0.30590803,0.29128081,1.00000000
3127.00900000,0.30629205,0.29121046,1.00000000
3127.49100000,0.30630759,0.29114064,1.00000000
3127.97300000,0.30644348,0.29107134,1.00000000
3128.45500000,0.30652298,0.29100256,1.00000000
3128.93700000,0.30643074,0.29093432,1.00000000
3129.41900000,0.30649272,0.29086660,1.00000000
3129.90200000,0.30654494,0.29079928,1.00000000
3130.38400000,0.30665580,0.29073265,1.00000000
3130.86600000,0.30672402,0.29066655,1.00000000
3131.34800000,0.30670173,0.29060101,1.00000000
3131.83000000,0.30700480,0.29053601,1.00000000
3132.31200000,0.30696247,0.29047156,1.00000000
3132.79400000,0.30694082,0.29040768,1.00000000
3133.27600000,0.30710489,0.29034435,1.00000000
3133.75900000,0.30723815,0.29028145,1.00000000
3134.24000000,0.30736748,0.29021939,1.00000000
3134.72300000,0.30733696,0.29015763,1.00000000
3135.20500000,0.30729721,0.29009658,1.00000000
3135.68700000,0.30760270,0.29003610,1.00000000
3136.16900000,0.30772813,0.28997620,1.00000000
3136.65100000,0.30788249,0.28991688,1.00000000
3137.13300000,0.30784161,0.28985815,1.00000000
3137.61500000,0.30801474,0.28980001,1.00000000
3138.09700000,0.30793110,0.28974246,1.00000000
3138.58000000,0.30794528,0.28968538,1.00000000
3139.06200000,0.30796614,0.28962902,1.00000000
3139.54400000,0.30813577,0.28957327,1.00000000
3140.02600000,0.30820727,0.28951811,1.00000000
3140.50800000,0.30819793,0.28946356,1.00000000
3140.99000000,0.30811129,0.28940962,1.00000000
3141.47200000,0.30818531,0.28935629,1.00000000
3141.95400000,0.30838448,0.28930358,1.00000000
3142.43700000,0.30841873,0.28925137,1.00000000
3142.91900000,0.30840962,0.28919990,1.00000000
3143.40100000,0.30860257,0.28914904,1.00000000
3143.88300000,0.30845843,0.28909881,1.00000000
3144.36500000,0.30881977,0.28904921,1.00000000
3144.84700000,0.30859651,0.28900024,1.00000000
3145.32900000,0.30889559,0.28895191,1.00000000
3145.81100000,0.30904879,0.28890420,1.00000000
3146.29300000,0.30903021,0.28885714,1.00000000
3146.77600000,0.30899136,0.28881062,1.00000000
3147.25800000,0.30908155,0.28876484,1.00000000
3147.74000000,0.30928626,0.28871970,1.00000000
3148.22200000,0.30940115,0.28867521,1.00000000
3148.70400000,0.30942865,0.28863137,1.00000000
3149.18600000,0.30960084,0.28858818,1.00000000
3149.66800000,0.30952309,0.28854565,1.00000000
3150.15000000,0.30954396,0.28850377,1.00000000
3150.63300000,0.30967959,0.28846247,1.00000000
3151.11500000,0.30969156,0.28842191,1.00000000
3151.59700000,0.30994812,0.28838202,1.00000000
3152.07900000,0.30982312,0.28834279,1.00000000
3152.56100000,0.30992354,0.28830423,1.00000000
3153.04300000,0.30995513,0.28826633,1.00000000
3153.52500000,0.31007974,0.28822911,1.00000000
3154.00700000,0.31031100,0.28819256,1.00000000
3154.49000000,0.31037363,0.28815661,1.00000000
3154.97200000,0.31042000,0.28812141,1.00000000
3155.45400000,0.31045854,0.28808689,1.00000000
3155.93600000,0.31064409,0.28805305,1.00000000
3156.41800000,0.31077324,0.28801989,1.00000000
3156.90000000,0.31088497,0.28798741,1.00000000
3157.38200000,0.31093229,0.28795562,1.00000000
3157.86400000,0.31072239,0.28792452,1.00000000
3158.34600000,0.31105061,0.28789410,1.00000000
3158.82900000,0.31096765,0.28786431,1.00000000
3159.31100000,0.31079632,0.28783528,1.00000000
3159.79300000,0.31093656,0.28780694,1.00000000
3160.27500000,0.31082855,0.28777929,1.00000000
3160.75700000,0.31105089,0.28775234,1.00000000
3161.23900000,0.31093628,0.28772609,1.00000000
3161.72100000,0.31121023,0.28770053,1.00000000
3162.20300000,0.31130409,0.28767568,1.00000000
3162.68600000,0.31116037,0.28765147,1.00000000
3163.16700000,0.31120082,0.28762807,1.00000000
3163.65000000,0.31139484,0.28760527,1.00000000
3164.13200000,0.31145948,0.28758323,1.00000000
3164.61400000,0.31146013,0.28756189,1.00000000
3165.09600000,0.31155131,0.28754126,1.00000000
3165.57800000,0.31169052,0.28752134,1.00000000
3166.06000000,0.31170081,0.28750213,1.00000000
3166.54200000,0.31180500,0.28748362,1.00000000
3167.02400000,0.31193680,0.28746583,1.00000000
3167.50700000,0.31206296,0.28744871,1.00000000
3167.98900000,0.31222093,0.28743235,1.00000000
3168.47100000,0.31202498,0.28741669,1.00000000
3168.95300000,0.31233040,0.28740175,1.00000000
3169.43500000,0.31213681,0.28738753,1.00000000
3169.91700000,0.31246818,0.28737402,1.00000000
3170.39900000,0.31228659,0.28736123,1.00000000
3170.88100000,0.31246918,0.28734915,1.00000000
3171.36400000,0.31243346,0.28733777,1.00000000
3171.84600000,0.31246430,0.28732714,1.00000000
3172.32800000,0.31248223,0.28731722,1.00000000
3172.81000000,0.31268018,0.28730802,1.00000000
3173.29200000,0.31267418,0.28729954,1.00000000
3173.77400000,0.31273566,0.28729178,1.00000000
3174.25600000,0.31297390,0.28728474,1.00000000
3174.73800000,0.31283267,0.28727842,1.00000000
3175.22000000,0.31272560,0.28727282,1.00000000
3175.70300000,0.31282681,0.28726794,1.00000000
3176.18500000,0.31278728,0.28726379,1.00000000
3176.66700000,0.31292465,0.28726035,1.00000000
3177.14900000,0.31307048,0.28725765,1.00000000
3177.63100000,0.31315273,0.28725566,1.00000000
3178.11300000,0.31315740,0.28725440,1.00000000
3178.59500000,0.31317064,0.28725385,1.00000000
3179.07700000,0.31342658,0.28725403,1.00000000
3179.56000000,0.31322739,0.28725494,1.00000000
3180.04200000,0.31333082,0.28725657,1.00000000
3180.52400000,0.31341073,0.28725891,1.00000000
3181.00600000,0.31345061,0.28726198,1.00000000
3181.48800000,0.31357527,0.28726578,1.00000000
3181.97000000,0.31350676,0.28727029,1.00000000
3182.45200000,0.31359358,0.28727553,1.00000000
3182.93400000,0.31368640,0.28728148,1.00000000
3183.41700000,0.31370570,0.28728817,1.00000000
3183.89900000,0.31373208,0.28729557,1.00000000
3184.38100000,0.31359305,0.28730369,1.00000000
3184.86300000,0.31407775,0.28731253,1.00000000
3185.34500000,0.31382142,0.28732209,1.00000000
3185.82700000,0.31394382,0.28733237,1.00000000
3186.30900000,0.31397377,0.28734336,1.00000000
3186.79100000,0.31413708,0.28735507,1.00000000
3187.27300000,0.31390489,0.28736750,1.00000000
3187.75600000,0.31405072,0.28738067,1.00000000
3188.23800000,0.31413485,0.28739453,1.00000000
3188.72000000,0.31400995,0.28740911,1.00000000
3189.20200000,0.31436185,0.28742440,1.00000000
3189.68400000,0.31429241,0.28744040,1.00000000
3190.16600000,0.31431420,0.28745712,1.00000000
3190.64800000,0.31427834,0.28747454,1.00000000
3191.13000000,0.31439847,0.28749268,1.00000000
3191.61300000,0.31436288,0.28751157,1.00000000
3192.09400000,0.31452459,0.28753108,1.00000000
3192.57700000,0.31462634,0.28755139,1.00000000
3193.05900000,0.31456183,0.28757236,1.00000000
3193.54100000,0.31448448,0.28759403,1.00000000
3194.02300000,0.31451843,0.28761641,1.00000000
3194.50500000,0.31472771,0.28763949,1.00000000
3194.98700000,0.31463216,0.28766328,1.00000000
3195.46900000,0.31486486,0.28768776,1.00000000
3195.95100000,0.31468587,0.28771295,1.00000000
3196.43400000,0.31479988,0.28773888,1.00000000
3196.91600000,0.31458537,0.28776546,1.00000000
3197.39800000,0.31497126,0.28779274,1.00000000
3197.88000000,0.31500032,0.28782070,1.00000000
3198.36200000,0.31488034,0.28784937,1.00000000
3198.84400000,0.31491128,0.28787872,1.00000000
3199.32600000,0.31499418,0.28790876,1.00000000
3199.80800000,0.31522952,0.28793948,1.00000000
3200.29100000,0.31512802,0.28797096,1.00000000
3200.77300000,0.31495833,0.28800306,1.00000000
3201.25500000,0.31507809,0.28803585,1.00000000
3201.73700000,0.31521832,0.28806931,1.00000000
3202.21900000,0.31510296,0.28810345,1.00000000
3202.70100000,0.31523508,0.28813827,1.00000000
3203.18300000,0.31513371,0.28817377,1.00000000
3203.66500000,0.31530078,0.28820994,1.00000000
3204.14700000,0.31518318,0.28824678,1.00000000
3204.63000000,0.31525849,0.28828437,1.00000000
3205.11200000,0.31502210,0.28832255,1.00000000
3205.59400000,0.31530089,0.28836139,1.00000000
3206.07600000,0.31527290,0.28840090,1.00000000
3206.55800000,0.31524966,0.28844107,1.00000000
3207.04000000,0.31523071,0.28848190,1.00000000
3207.52200000,0.31528784,0.28852339,1.00000000
3208.00400000,0.31535719,0.28856554,1.00000000
3208.48700000,0.31537275,0.28860842,1.00000000
3208.96900000,0.31545226,0.28865187,1.00000000
3209.45100000,0.31542969,0.28869597,1.00000000
3209.93300000,0.31525373,0.28874071,1.00000000
3210.41500000,0.31543223,0.28878610,1.00000000
3210.89700000,0.31547366,0.28883213,1.00000000
3211.37900000,0.31568388,0.28887880,1.00000000
3211.86100000,0.31565705,0.28892611,1.00000000
3212.34400000,0.31579258,0.28897415,1.00000000
3212.82600000,0.31590873,0.28902272,1.00000000
3213.30800000,0.31601523,0.28907193,1.00000000
3213.79000000,0.31599511,0.28912176,1.00000000
3214.27200000,0.31589549,0.28917221,1.00000000
3214.75400000,0.31600118,0.28922328,1.00000000
3215.23600000,0.31583910,0.28927498,1.00000000
3215.71800000,0.31613195,0.28932729,1.00000000
3216.20000000,0.31611628,0.28938021,1.00000000
3216.68300000,0.31598453,0.28943386,1.00000000
3217.16500000,0.31605622,0.28948800,1.00000000
3217.64700000,0.31623980,0.28954275,1.00000000
3218.12900000,0.31595297,0.28959810,1.00000000
3218.61100000,0.31594436,0.28965405,1.00000000
3219.09300000,0.31609850,0.28971060,1.00000000
3219.57500000,0.31613333,0.28976774,1.00000000
3220.05700000,0.31593900,0.28982547,1.00000000
3220.54000000,0.31592902,0.28988390,1.00000000
3221.02100000,0.31602145,0.28994268,1.00000000
3221.50400000,0.31603026,0.29000229,1.00000000
3221.98600000,0.31615979,0.29006235,1.00000000
3222.46800000,0.31603092,0.29012299,1.00000000
3222.95000000,0.31619266,0.29018420,1.00000000
3223.43200000,0.31635626,0.29024598,1.00000000
3223.91400000,0.31632461,0.29030832,1.00000000
3224.39600000,0.31635351,0.29037123,1.00000000
3224.87800000,0.31636961,0.29043469,1.00000000
3225.36100000,0.31641085,0.29049885,1.00000000
3225.84300000,0.31638179,0.29056342,1.00000000
3226.32500000,0.31638610,0.29062854,1.00000000
3226.80700000,0.31626887,0.29069421,1.00000000
3227.28900000,0.31639674,0.29076042,1.00000000
3227.77100000,0.31635038,0.29082717,1.00000000
3228.25300000,0.31622661,0.29089446,1.00000000
3228.73500000,0.31633800,0.29096227,1.00000000
3229.21800000,0.31609598,0.29103076,1.00000000
3229.70000000,0.31630669,0.29109963,1.00000000
3230.18200000,0.31607418,0.29116902,1.00000000
3230.66400000,0.31616000,0.29123893,1.00000000
3231.14600000,0.31619203,0.29130935,1.00000000
3231.62800000,0.31635231,0.29138028,1.00000000
3232.11000000,0.31622336,0.29145172,1.00000000
3232.59200000,0.31609224,0.29152366,1.00000000
3233.07400000,0.31619591,0.29159610,1.00000000
3233.55700000,0.31626618,0.29166919,1.00000000
3234.03900000,0.31620221,0.29174262,1.00000000
3234.52100000,0.31637382,0.29181653,1.00000000
3235.00300000,0.31626216,0.29189093,1.00000000
3235.48500000,0.31642322,0.29196581,1.00000000
3235.96700000,0.31637373,0.29204116,1.00000000
3236.44900000,0.31632173,0.29211699,1.00000000
3236.93100000,0.31629840,0.29219329,1.00000000
3237.41400000,0.31648122,0.29227020,1.00000000
3237.89600000,0.31656989,0.29234742,1.00000000
3238.37800000,0.31663629,0.29242510,1.00000000
3238.86000000,0.31654378,0.29250323,1.00000000
3239.34200000,0.31652795,0.29258180,1.00000000
3239.82400000,0.31668044,0.29266082,1.00000000
3240.30600000,0.31648452,0.29274028,1.00000000
3240.78800000,0.31655123,0.29282018,1.00000000
3241.27100000,0.31651819,0.29290067,1.00000000
3241.75300000,0.31649402,0.29298143,1.00000000
3242.23500000,0.31654942,0.29306261,1.00000000
3242.71700000,0.31660600,0.29314420,1.00000000
3243.19900000,0.31667042,0.29322622,1.00000000
3243.68100000,0.31670682,0.29330864,1.00000000
3244.16300000,0.31672296,0.29339147,1.00000000
3244.64500000,0.31658048,0.29347470,1.00000000
3245.12700000,0.31675433,0.29355832,1.00000000
3245.61000000,0.31637526,0.29364252,1.00000000
3246.09200000,0.31649089,0.29372693,1.00000000
3246.57400000,0.31635480,0.29381172,1.00000000
3247.05600000,0.31626021,0.29389690,1.00000000
3247.53800000,0.31619850,0.29398245,1.00000000
3248.02000000,0.31610247,0.29406837,1.00000000
3248.50200000,0.31615448,0.29415466,1.00000000
3248.98400000,0.31629631,0.29424131,1.00000000
3249.46700000,0.31617491,0.29432850,1.00000000
3249.94800000,0.31636316,0.29441568,1.00000000
3250.43100000,0.31615173,0.29450357,1.00000000
3250.91300000,0.31626576,0.29459162,1.00000000
3251.39500000,0.31617955,0.29468002,1.00000000
3251.87700000,0.31645001,0.29476874,1.00000000
3252.35900000,0.31621913,0.29485780,1.00000000
3252.84100000,0.31632252,0.29494719,1.00000000
3253.32300000,0.31615227,0.29503689,1.00000000
3253.80500000,0.31654763,0.29512691,1.00000000
3254.28800000,0.31638477,0.29521743,1.00000000
3254.77000000,0.31640101,0.29530807,1.00000000
3255.25200000,0.31640923,0.29539902,1.00000000
3255.73400000,0.31653408,0.29549026,1.00000000
3256.21600000,0.31637108,0.29558179,1.00000000
3256.69800000,0.31644188,0.29567361,1.00000000
3257.18000000,0.31636993,0.29576572,1.00000000
3257.66200000,0.31638443,0.29585810,1.00000000
3258.14500000,0.31643434,0.29595095,1.00000000
3258.62700000,0.31640613,0.29604387,1.00000000
3259.10900000,0.31634259,0.29613706,1.00000000
3259.59100000,0.31647477,0.29623051,1.00000000
3260.07300000,0.31634897,0.29632422,1.00000000
3260.55500000,0.31633352,0.29641817,1.00000000
3261.03700000,0.31646257,0.29651237,1.00000000
3261.51900000,0.31654817,0.29660681,1.00000000
3262.00100000,0.31628951,0.29670148,1.00000000
3262.48400000,0.31629550,0.29679658,1.00000000
3262.96600000,0.31644562,0.29689171,1.00000000
3263.44800000,0.31621314,0.29698705,1.00000000
3263.93000000,0.31626943,0.29708262,1.00000000
3264.41200000,0.31638407,0.29717839,1.00000000
3264.89400000,0.31605816,0.29727437,1.00000000
3265.37600000,0.31611502,0.29737054,1.00000000
3265.85800000,0.31607250,0.29746692,1.00000000
3266.34100000,0.31617136,0.29756368,1.00000000
3266.82300000,0.31614700,0.29766043,1.00000000
3267.30500000,0.31601454,0.29775736,1.00000000
3267.78700000,0.31592957,0.29785447,1.00000000
3268.26900000,0.31585179,0.29795174,1.00000000
3268.75100000,0.31574244,0.29804918,1.00000000
3269.23300000,0.31590355,0.29814678,1.00000000
3269.71500000,0.31592147,0.29824453,1.00000000
3270.19800000,0.31577699,0.29834264,1.00000000
3270.68000000,0.31578279,0.29844069,1.00000000
3271.16200000,0.31571162,0.29853888,1.00000000
3271.64400000,0.31567751,0.29863720,1.00000000
3272.12600000,0.31569964,0.29873566,1.00000000
3272.60800000,0.31561534,0.29883424,1.00000000
3273.09000000,0.31562377,0.29893293,1.00000000
3273.57200000,0.31552927,0.29903174,1.00000000
3274.05400000,0.31550536,0.29913066,1.00000000
3274.53700000,0.31534320,0.29922989,1.00000000
3275.01900000,0.31537909,0.29932902,1.00000000
3275.50100000,0.31527216,0.29942823,1.00000000
3275.98300000,0.31559855,0.29952754,1.00000000
3276.46500000,0.31542188,0.29962693,1.00000000
3276.94700000,0.31529948,0.29972640,1.00000000
3277.42900000,0.31561637,0.29982594,1.00000000
3277.91100000,0.31532994,0.29992555,1.00000000
3278.39400000,0.31540999,0.30002542,1.00000000
3278.87500000,0.31517656,0.30012494,1.00000000
3279.35800000,0.31522515,0.30022493,1.00000000
3279.84000000,0.31518797,0.30032476,1.00000000
3280.32200000,0.31503608,0.30042463,1.00000000
3280.80400000,0.31519388,0.30052454,1.00000000
3281.28600000,0.31516374,0.30062448,1.00000000
3281.76800000,0.31489370,0.30072444,1.00000000
3282.25000000,0.31513475,0.30082443,1.00000000
3282.73200000,0.31490178,0.30092443,1.00000000
3283.21500000,0.31497445,0.30102466,1.00000000
3283.69700000,0.31515606,0.30112468,1.00000000
3284.17900000,0.31498683,0.30122470,1.00000000
3284.66100000,0.31478333,0.30132471,1.00000000
3285.14300000,0.31481433,0.30142472,1.00000000
3285.62500000,0.31477074,0.30152471,1.00000000
3286.10700000,0.31463624,0.30162468,1.00000000
3286.58900000,0.31488053,0.30172463,1.00000000
3287.07200000,0.31448319,0.30182475,1.00000000
3287.55400000,0.31459331,0.30192463,1.00000000
3288.03600000,0.31456397,0.30202447,1.00000000
3288.51800000,0.31443367,0.30212427,1.00000000
3289.00000000,0.31426918,0.30222401,1.00000000
3289.48200000,0.31443317,0.30232370,1.00000000
3289.96400000,0.31442689,0.30242332,1.00000000
3290.44600000,0.31426163,0.30252288,1.00000000
3290.92800000,0.31450502,0.30262237,1.00000000
3291.41100000,0.31461640,0.30272199,1.00000000
3291.89300000,0.31435566,0.30282131,1.00000000
3292.37500000,0.31429164,0.30292055,1.00000000
3292.85700000,0.31447653,0.30301970,1.00000000
3293.33900000,0.31437486,0.30311875,1.00000000
3293.82100000,0.31423051,0.30321770,1.00000000
3294.30300000,0.31439982,0.30331654,1.00000000
3294.78500000,0.31457319,0.30341527,1.00000000
3295.26800000,0.31437223,0.30351409,1.00000000
3295.75000000,0.31424850,0.30361258,1.00000000
3296.23200000,0.31428516,0.30371093,1.00000000
3296.71400000,0.31440830,0.30380916,1.00000000
3297.19600000,0.31425057,0.30390725,1.00000000
3297.67800000,0.31429404,0.30400519,1.00000000
3298.16000000,0.31428841,0.30410299,1.00000000
3298.64200000,0.31416033,0.30420063,1.00000000
3299.12500000,0.31412667,0.30429832,1.00000000
3299.60700000,0.31405174,0.30439564,1.00000000
3300.08900000,0.31395883,0.30449279,1.00000000
3300.57100000,0.31397424,0.30458977,1.00000000
3301.05300000,0.31358146,0.30468657,1.00000000
3301.53500000,0.31373791,0.30478319,1.00000000
3302.01700000,0.31362398,0.30487962,1.00000000
3302.49900000,0.31343880,0.30497585,1.00000000
3302.98100000,0.31353935,0.30507189,1.00000000
3303.46400000,0.31342149,0.30516792,1.00000000
3303.94600000,0.31341770,0.30526354,1.00000000
3304.42800000,0.31334258,0.30535896,1.00000000
3304.91000000,0.31356009,0.30545415,1.00000000
3305.39200000,0.31333823,0.30554912,1.00000000
3305.87400000,0.31332387,0.30564386,1.00000000
3306.35600000,0.31324705,0.30573837,1.00000000
3306.83800000,0.31326798,0.30583264,1.00000000
3307.32100000,0.31323279,0.30592686,1.00000000
3307.80200000,0.31305664,0.30602045,1.00000000
3308.28500000,0.31302395,0.30611417,1.00000000
3308.76700000,0.31293949,0.30620744,1.00000000
3309.24900000,0.31297646,0.30630045,1.00000000
3309.73100000,0.31285891,0.30639319,1.00000000
3310.21300000,0.31295897,0.30648566,1.00000000
3310.69500000,0.31271805,0.30657785,1.00000000
3311.17700000,0.31266545,0.30666976,1.00000000
3311.65900000,0.31261580,0.30676139,1.00000000
3312.14200000,0.31261633,0.30685291,1.00000000
3312.62400000,0.31244999,0.30694395,1.00000000
3313.10600000,0.31242156,0.30703469,1.00000000
3313.58800000,0.31259054,0.30712513,1.00000000
3314.07000000,0.31218853,0.30721525,1.00000000
3314.55200000,0.31206977,0.30730506,1.00000000
3315.03400000,0.31202184,0.30739456,1.00000000
3315.51600000,0.31191000,0.30748373,1.00000000
3315.99900000,0.31208318,0.30757275,1.00000000
3316.48100000,0.31196744,0.30766126,1.00000000
3316.96300000,0.31226173,0.30774943,1.00000000
3317.44500000,0.31209320,0.30783726,1.00000000
3317.92700000,0.31223216,0.30792474,1.00000000
3318.40900000,0.31192609,0.30801188,1.00000000
3318.89100000,0.31198687,0.30809866,1.00000000
3319.37300000,0.31206335,0.30818508,1.00000000
3319.85500000,0.31216417,0.30827113,1.00000000
3320.33800000,0.31211684,0.30835699,1.00000000
3320.82000000,0.31196479,0.30844231,1.00000000
3321.30200000,0.31199532,0.30852724,1.00000000
3321.78400000,0.31195042,0.30861180,1.00000000
3322.26600000,0.31186772,0.30869596,1.00000000
3322.74800000,0.31176326,0.30877974,1.00000000
3323.23000000,0.31159747,0.30886313,1.00000000
3323.71200000,0.31165684,0.30894611,1.00000000
3324.19500000,0.31168457,0.30902886,1.00000000
3324.67700000,0.31141177,0.30911104,1.00000000
3325.15900000,0.31145598,0.30919280,1.00000000
3325.64100000,0.31153007,0.30927414,1.00000000
3326.12300000,0.31149507,0.30935507,1.00000000
3326.60500000,0.31147114,0.30943557,1.00000000
3327.08700000,0.31152092,0.30951564,1.00000000
3327.56900000,0.31127910,0.30959528,1.00000000
3328.05200000,0.31136901,0.30967465,1.00000000
3328.53400000,0.31128737,0.30975341,1.00000000
3329.01600000,0.31133421,0.30983173,1.00000000
3329.49800000,0.31142892,0.30990960,1.00000000
3329.98000000,0.31122401,0.30998702,1.00000000
3330.46200000,0.31114033,0.31006398,1.00000000
3330.94400000,0.31117544,0.31014048,1.00000000
3331.42600000,0.31107053,0.31021651,1.00000000
3331.90800000,0.31111183,0.31029208,1.00000000
3332.39100000,0.31087347,0.31036733,1.00000000
3332.87300000,0.31086079,0.31044194,1.00000000
3333.35500000,0.31094111,0.31051608,1.00000000
3333.83700000,0.31065754,0.31058973,1.00000000
3334.31900000,0.31072670,0.31066290,1.00000000
3334.80100000,0.31078007,0.31073557,1.00000000
3335.28300000,0.31069319,0.31080775,1.00000000
3335.76500000,0.31060234,0.31087943,1.00000000
3336.24800000,0.31077686,0.31095076,1.00000000
3336.72900000,0.31062455,0.31102128,1.00000000
3337.21200000,0.31040570,0.31109159,1.00000000
3337.69400000,0.31049412,0.31116124,1.00000000
3338.17600000,0.31040574,0.31123037,1.00000000
3338.65800000,0.31014363,0.31129898,1.00000000
3339.14000000,0.31018180,0.31136707,1.00000000
3339.62200000,0.31012771,0.31143463,1.00000000
3340.10400000,0.31004091,0.31150166,1.00000000
3340.58600000,0.31005724,0.31156815,1.00000000
3341.06900000,0.31011814,0.31163424,1.00000000
3341.55100000,0.30995701,0.31169966,1.00000000
3342.03300000,0.31012760,0.31176453,1.00000000
3342.51500000,0.30996137,0.31182885,1.00000000
3342.99700000,0.30975715,0.31189262,1.00000000
3343.47900000,0.30975998,0.31195584,1.00000000
3343.96100000,0.30974699,0.31201849,1.00000000
3344.44300000,0.30980634,0.31208059,1.00000000
3344.92600000,0.30967138,0.31214226,1.00000000
3345.40800000,0.30982248,0.31220322,1.00000000
3345.89000000,0.30956406,0.31226362,1.00000000
3346.37200000,0.30940998,0.31232344,1.00000000
3346.85400000,0.30943662,0.31238269,1.00000000
3347.33600000,0.30939690,0.31244135,1.00000000
3347.81800000,0.30921591,0.31249944,1.00000000
3348.30000000,0.30932164,0.31255694,1.00000000
3348.78200000,0.30913931,0.31261385,1.00000000
3349.26500000,0.30920134,0.31267029,1.00000000
3349.74700000,0.30898945,0.31272601,1.00000000
3350.22900000,0.30882207,0.31278114,1.00000000
3350.71100000,0.30897688,0.31283567,1.00000000
3351.19300000,0.30879150,0.31288960,1.00000000
3351.67500000,0.30881829,0.31294292,1.00000000
3352.15700000,0.30874099,0.31299563,1.00000000
3352.63900000,0.30875830,0.31304773,1.00000000
3353.12200000,0.30865954,0.31309933,1.00000000
3353.60400000,0.30857221,0.31315020,1.00000000
3354.08600000,0.30860900,0.31320046,1.00000000
3354.56800000,0.30850573,0.31325009,1.00000000
3355.05000000,0.30863237,0.31329910,1.00000000
3355.53200000,0.30849155,0.31334748,1.00000000
3356.01400000,0.30844189,0.31339524,1.00000000
3356.49600000,0.30837152,0.31344236,1.00000000
3356.97900000,0.30850520,0.31348895,1.00000000
3357.46100000,0.30833165,0.31353481,1.00000000
3357.94300000,0.30824640,0.31358002,1.00000000
3358.42500000,0.30813467,0.31362460,1.00000000
3358.90700000,0.30810596,0.31366853,1.00000000
3359.38900000,0.30797895,0.31371182,1.00000000
3359.87100000,0.30788494,0.31375446,1.00000000
3360.35300000,0.30788773,0.31379646,1.00000000
3360.83500000,0.30803805,0.31383780,1.00000000
3361.31800000,0.30779551,0.31387857,1.00000000
3361.80000000,0.30779521,0.31391861,1.00000000
3362.28200000,0.30783705,0.31395798,1.00000000
3362.76400000,0.30774630,0.31399670,1.00000000
3363.24600000,0.30767030,0.31403475,1.00000000
3363.72800000,0.30758758,0.31407214,1.00000000
3364.21000000,0.30746705,0.31410887,1.00000000
3364.69200000,0.30757094,0.31414493,1.00000000
3365.17400000,0.30763554,0.31418032,1.00000000
3365.65600000,0.30748440,0.31421504,1.00000000
3366.13900000,0.30754220,0.31424916,1.00000000
3366.62100000,0.30766172,0.31428254,1.00000000
3367.10300000,0.30747177,0.31431523,1.00000000
3367.58500000,0.30750222,0.31434725,1.00000000
3368.06700000,0.30722548,0.31437860,1.00000000
3368.54900000,0.30742772,0.31440926,1.00000000
3369.03100000,0.30739425,0.31443924,1.00000000
3369.51300000,0.30710030,0.31446853,1.00000000
3369.99600000,0.30689924,0.31449720,1.00000000
3370.47800000,0.30697313,0.31452513,1.00000000
3370.96000000,0.30700931,0.31455236,1.00000000
3371.44200000,0.30697515,0.31457891,1.00000000
3371.92400000,0.30690857,0.31460477,1.00000000
3372.40600000,0.30692968,0.31462993,1.00000000
3372.88800000,0.30682814,0.31465441,1.00000000
3373.37000000,0.30661273,0.31467819,1.00000000
3373.85300000,0.30671036,0.31470132,1.00000000
3374.33500000,0.30657867,0.31472370,1.00000000
3374.81700000,0.30658810,0.31474539,1.00000000
3375.29900000,0.30636907,0.31476638,1.00000000
3375.78100000,0.30633024,0.31478667,1.00000000
3376.26300000,0.30640159,0.31480626,1.00000000
3376.74500000,0.30634730,0.31482515,1.00000000
3377.22700000,0.30638512,0.31484334,1.00000000
3377.70900000,0.30627611,0.31486082,1.00000000
3378.19200000,0.30607451,0.31487763,1.00000000
3378.67400000,0.30622799,0.31489371,1.00000000
3379.15600000,0.30635228,0.31490907,1.00000000
3379.63800000,0.30634831,0.31492373,1.00000000
3380.12000000,0.30608262,0.31493769,1.00000000
3380.60200000,0.30609099,0.31495093,1.00000000
3381.08400000,0.30602340,0.31496347,1.00000000
3381.56600000,0.30592590,0.31497530,1.00000000
3382.04900000,0.30607390,0.31498644,1.00000000
3382.53100000,0.30589956,0.31499685,1.00000000
3383.01300000,0.30601784,0.31500655,1.00000000
3383.49500000,0.30598508,0.31501554,1.00000000
3383.97700000,0.30588766,0.31502381,1.00000000
3384.45900000,0.30589662,0.31503138,1.00000000
3384.94100000,0.30580245,0.31503823,1.00000000
3385.42300000,0.30566035,0.31504437,1.00000000
3385.90600000,0.30573698,0.31504981,1.00000000
3386.38700000,0.30568503,0.31505451,1.00000000
3386.87000000,0.30557538,0.31505852,1.00000000
3387.35200000,0.30559092,0.31506181,1.00000000
3387.83400000,0.30548286,0.31506438,1.00000000
3388.31600000,0.30569049,0.31506624,1.00000000
3388.79800000,0.30551475,0.31506739,1.00000000
3389.28000000,0.30534240,0.31506783,1.00000000
3389.76200000,0.30536492,0.31506755,1.00000000
3390.24400000,0.30542100,0.31506656,1.00000000
3390.72700000,0.30542410,0.31506485,1.00000000
3391.20900000,0.30541812,0.31506243,1.00000000
3391.69100000,0.30517846,0.31505930,1.00000000
3392.17300000,0.30509576,0.31505546,1.00000000
3392.65500000,0.30521484,0.31505091,1.00000000
3393.13700000,0.30513706,0.31504564,1.00000000
3393.61900000,0.30485512,0.31503966,1.00000000
3394.10100000,0.30508736,0.31503297,1.00000000
3394.58300000,0.30503205,0.31502557,1.00000000
3395.06600000,0.30506602,0.31501745,1.00000000
3395.54800000,0.30515628,0.31500863,1.00000000
3396.03000000,0.30499858,0.31499910,1.00000000
3396.51200000,0.30502061,0.31498886,1.00000000
3396.99400000,0.30498956,0.31497791,1.00000000
3397.47600000,0.30505598,0.31496626,1.00000000
3397.95800000,0.30476524,0.31495390,1.00000000
3398.44000000,0.30497938,0.31494084,1.00000000
3398.92300000,0.30475705,0.31492704,1.00000000
3399.40500000,0.30483663,0.31491256,1.00000000
3399.88700000,0.30465626,0.31489738,1.00000000
3400.36900000,0.30494971,0.31488150,1.00000000
3400.85100000,0.30460325,0.31486491,1.00000000
3401.33300000,0.30462490,0.31484763,1.00000000
3401.81500000,0.30454343,0.31482965,1.00000000
3402.29700000,0.30454992,0.31481096,1.00000000
3402.78000000,0.30437395,0.31479154,1.00000000
3403.26200000,0.30429844,0.31477146,1.00000000
3403.74400000,0.30435331,0.31475069,1.00000000
3404.22600000,0.30410320,0.31472922,1.00000000
3404.70800000,0.30437902,0.31470706,1.00000000
3405.19000000,0.30414640,0.31468420,1.00000000
3405.67200000,0.30423465,0.31466066,1.00000000
3406.15400000,0.30426411,0.31463642,1.00000000
3406.63600000,0.30423375,0.31461150,1.00000000
3407.11900000,0.30425080,0.31458584,1.00000000
3407.60100000,0.30433821,0.31455954,1.00000000
3408.08300000,0.30427519,0.31453256,1.00000000
3408.56500000,0.30430011,0.31450490,1.00000000
3409.04700000,0.30416860,0.31447656,1.00000000
3409.52900000,0.30408027,0.31444754,1.00000000
3410.01100000,0.30413088,0.31441784,1.00000000
3410.49300000,0.30411872,0.31438746,1.00000000
3410.97600000,0.30411753,0.31435635,1.00000000
3411.45800000,0.30384687,0.31432462,1.00000000
3411.94000000,0.30379307,0.31429223,1.00000000
3412.42200000,0.30378842,0.31425916,1.00000000
3412.90400000,0.30379604,0.31422543,1.00000000
3413.38600000,0.30367326,0.31419103,1.00000000
3413.86800000,0.30367772,0.31415597,1.00000000
3414.35000000,0.30355742,0.31412025,1.00000000
3414.83300000,0.30350136,0.31408379,1.00000000
3415.31400000,0.30338652,0.31404683,1.00000000
3415.79700000,0.30341417,0.31400905,1.00000000
3416.27900000,0.30352968,0.31397070,1.00000000
3416.76100000,0.30338495,0.31393169,1.00000000
3417.24300000,0.30335568,0.31389204,1.00000000
3417.72500000,0.30332894,0.31385174,1.00000000
3418.20700000,0.30352848,0.31381079,1.00000000
3418.68900000,0.30344758,0.31376920,1.00000000
3419.17100000,0.30332781,0.31372697,1.00000000
3419.65400000,0.30326661,0.31368401,1.00000000
3420.13600000,0.30339596,0.31364051,1.00000000
3420.61800000,0.30320407,0.31359636,1.00000000
3421.10000000,0.30339910,0.31355159,1.00000000
3421.58200000,0.30346616,0.31350619,1.00000000
3422.06400000,0.30312556,0.31346016,1.00000000
3422.54600000,0.30324718,0.31341350,1.00000000
3423.02800000,0.30295811,0.31336623,1.00000000
3423.51000000,0.30301160,0.31331833,1.00000000
3423.99300000,0.30314016,0.31326972,1.00000000
3424.47500000,0.30313086,0.31322059,1.00000000
3424.95700000,0.30296025,0.31317085,1.00000000
3425.43900000,0.30315804,0.31312051,1.00000000
3425.92100000,0.30296077,0.31306955,1.00000000
3426.40300000,0.30282447,0.31301800,1.00000000
3426.88500000,0.30307376,0.31296584,1.00000000
3427.36700000,0.30288194,0.31291308,1.00000000
3427.85000000,0.30317210,0.31285962,1.00000000
3428.33200000,0.30289595,0.31280567,1.00000000
3428.81400000,0.30300815,0.31275114,1.00000000
3429.29600000,0.30282849,0.31269602,1.00000000
3429.77800000,0.30296164,0.31264031,1.00000000
3430.26000000,0.30275747,0.31258403,1.00000000
3430.74200000,0.30276869,0.31252717,1.00000000
3431.22400000,0.30285664,0.31246973,1.00000000
3431.70700000,0.30264379,0.31241160,1.00000000
3432.18900000,0.30264155,0.31235302,1.00000000
3432.67100000,0.30249991,0.31229388,1.00000000
3433.15300000,0.30262924,0.31223417,1.00000000
3433.63500000,0.30290765,0.31217391,1.00000000
3434.11700000,0.30256748,0.31211309,1.00000000
3434.59900000,0.30275999,0.31205172,1.00000000
3435.08100000,0.30247593,0.31198980,1.00000000
3435.56300000,0.30250710,0.31192733,1.00000000
3436.04600000,0.30265891,0.31186419,1.00000000
3436.52800000,0.30266392,0.31180064,1.00000000
3437.01000000,0.30271165,0.31173655,1.00000000
3437.49200000,0.30265598,0.31167193,1.00000000
3437.97400000,0.30257560,0.31160678,1.00000000
3438.45600000,0.30272281,0.31154111,1.00000000
3438.93800000,0.30285566,0.31147491,1.00000000
3439.42000000,0.30299505,0.31140820,1.00000000
3439.90300000,0.30270262,0.31134083,1.00000000
3440.38500000,0.30286555,0.31127309,1.00000000
3440.86700000,0.30301002,0.31120484,1.00000000
3441.34900000,0.30302149,0.31113609,1.00000000
3441.83100000,0.30283764,0.31106683,1.00000000
3442.31300000,0.30313336,0.31099708,1.00000000
3442.79500000,0.30299838,0.31092684,1.00000000
3443.27700000,0.30289362,0.31085610,1.00000000
3443.76000000,0.30296244,0.31078473,1.00000000
3444.24100000,0.30286193,0.31071318,1.00000000
3444.72400000,0.30290089,0.31064085,1.00000000
3445.20600000,0.30279533,0.31056820,1.00000000
3445.68800000,0.30299734,0.31049507,1.00000000
3446.17000000,0.30297569,0.31042148,1.00000000
3446.65200000,0.30291569,0.31034742,1.00000000
3447.13400000,0.30273673,0.31027291,1.00000000
3447.61600000,0.30264909,0.31019794,1.00000000
3448.09800000,0.30274832,0.31012252,1.00000000
3448.58100000,0.30265646,0.31004650,1.00000000
3449.06300000,0.30257252,0.30997019,1.00000000
3449.54500000,0.30268205,0.30989344,1.00000000
3450.02700000,0.30238529,0.30981625,1.00000000
3450.50900000,0.30280249,0.30973864,1.00000000
3450.99100000,0.30267446,0.30966060,1.00000000
3451.47300000,0.30269162,0.30958213,1.00000000
3451.95500000,0.30260157,0.30950325,1.00000000
3452.43800000,0.30262737,0.30942379,1.00000000
3452.92000000,0.30252678,0.30934408,1.00000000
3453.40200000,0.30260851,0.30926397,1.00000000
3453.88400000,0.30260448,0.30918346,1.00000000
3454.36600000,0.30267543,0.30910255,1.00000000
3454.84800000,0.30248019,0.30902124,1.00000000
3455.33000000,0.30254873,0.30893955,1.00000000
3455.81200000,0.30274646,0.30885747,1.00000000
3456.29400000,0.30244481,0.30877502,1.00000000
3456.77700000,0.30272274,0.30869201,1.00000000
3457.25900000,0.30269230,0.30860881,1.00000000
3457.74100000,0.30248052,0.30852523,1.00000000
3458.22300000,0.30261484,0.30844130,1.00000000
3458.70500000,0.30264381,0.30835701,1.00000000
3459.18700000,0.30249788,0.30827236,1.00000000
3459.66900000,0.30270488,0.30818737,1.00000000
3460.15100000,0.30271441,0.30810203,1.00000000
3460.63400000,0.30280395,0.30801617,1.00000000
3461.11600000,0.30271987,0.30793015,1.00000000
3461.59800000,0.30259314,0.30784381,1.00000000
3462.08000000,0.30249708,0.30775713,1.00000000
3462.56200000,0.30249945,0.30767014,1.00000000
3463.04400000,0.30261437,0.30758283,1.00000000
3463.52600000,0.30271248,0.30749520,1.00000000
3464.00800000,0.30273700,0.30740727,1.00000000
3464.49000000,0.30274186,0.30731903,1.00000000
3464.97300000,0.30272138,0.30723031,1.00000000
3465.45500000,0.30264064,0.30714148,1.00000000
3465.93700000,0.30261280,0.30705236,1.00000000
3466.41900000,0.30246784,0.30696296,1.00000000
3466.90100000,0.30277557,0.30687327,1.00000000
3467.38300000,0.30270708,0.30678331,1.00000000
3467.86500000,0.30268355,0.30669308,1.00000000
3468.34700000,0.30264424,0.30660258,1.00000000
3468.83000000,0.30279080,0.30651164,1.00000000
3469.31200000,0.30256381,0.30642062,1.00000000
3469.79400000,0.30281426,0.30632936,1.00000000
3470.27600000,0.30287186,0.30623785,1.00000000
3470.75800000,0.30275094,0.30614609,1.00000000
3471.24000000,0.30260871,0.30605410,1.00000000
3471.72200000,0.30271135,0.30596188,1.00000000
3472.20400000,0.30274010,0.30586943,1.00000000
3472.68700000,0.30286900,0.30577656,1.00000000
3473.16800000,0.30277125,0.30568386,1.00000000
3473.65100000,0.30250815,0.30559057,1.00000000
3474.13300000,0.30293780,0.30549726,1.00000000
3474.61500000,0.30291142,0.30540374,1.00000000
3475.09700000,0.30285557,0.30531003,1.00000000
3475.57900000,0.30297943,0.30521612,1.00000000
3476.06100000,0.30288337,0.30512203,1.00000000
3476.54300000,0.30288071,0.30502775,1.00000000
3477.02500000,0.30278702,0.30493330,1.00000000
3477.50800000,0.30302704,0.30483848,1.00000000
3477.99000000,0.30299979,0.30474368,1.00000000
3478.47200000,0.30301793,0.30464872,1.00000000
3478.95400000,0.30295656,0.30455360,1.00000000
3479.43600000,0.30294557,0.30445833,1.00000000
3479.91800000,0.30286644,0.30436291,1.00000000
3480.40000000,0.30327068,0.30426735,1.00000000
3480.88200000,0.30317802,0.30417165,1.00000000
3481.36500000,0.30310112,0.30407562,1.00000000
3481.84700000,0.30324116,0.30397966,1.00000000
3482.32900000,0.30339169,0.30388357,1.00000000
3482.81100000,0.30325618,0.30378737,1.00000000
3483.29300000,0.30337046,0.30369106,1.00000000
3483.77500000,0.30330771,0.30359463,1.00000000
3484.25700000,0.30353733,0.30349811,1.00000000
3484.73900000,0.30323400,0.30340148,1.00000000
3485.22100000,0.30362827,0.30330477,1.00000000
3485.70400000,0.30333916,0.30320776,1.00000000
3486.18600000,0.30350963,0.30311088,1.00000000
3486.66800000,0.30359952,0.30301391,1.00000000
3487.15000000,0.30343075,0.30291688,1.00000000
3487.63200000,0.30345285,0.30281977,1.00000000
3488.11400000,0.30326032,0.30272261,1.00000000
3488.59600000,0.30341899,0.30262539,1.00000000
3489.07800000,0.30337282,0.30252811,1.00000000
3489.56100000,0.30344721,0.30243059,1.00000000
3490.04300000,0.30326338,0.30233323,1.00000000
3490.52500000,0.30349228,0.30223583,1.00000000
3491.00700000,0.30368647,0.30213840,1.00000000
3491.48900000,0.30344233,0.30204095,1.00000000
3491.97100000,0.30368713,0.30194347,1.00000000
3492.45300000,0.30362069,0.30184597,1.00000000
3492.93500000,0.30368128,0.30174847,1.00000000
3493.41700000,0.30372941,0.30165096,1.00000000
3493.90000000,0.30395758,0.30155325,1.00000000
3494.38200000,0.30380423,0.30145574,1.00000000
3494.86400000,0.30409415,0.30135825,1.00000000
3495.34600000,0.30393134,0.30126076,1.00000000
3495.82800000,0.30386180,0.30116330,1.00000000
3496.31000000,0.30414695,0.30106587,1.00000000
3496.79200000,0.30384819,0.30096846,1.00000000
3497.27400000,0.30417478,0.30087109,1.00000000
3497.75700000,0.30432880,0.30077355,1.00000000
3498.23900000,0.30408616,0.30067627,1.00000000
3498.72100000,0.30381284,0.30057903,1.00000000
3499.20300000,0.30421786,0.30048185,1.00000000
3499.68500000,0.30413855,0.30038473,1.00000000
3500.16700000,0.30418309,0.30028768,1.00000000
3500.64900000,0.30451077,0.30019070,1.00000000
3501.13100000,0.30446391,0.30009379,1.00000000
3501.61400000,0.30439838,0.29999677,1.00000000
3502.09500000,0.30437958,0.29990023,1.00000000
3502.57800000,0.30458742,0.29980338,1.00000000
3503.06000000,0.30470681,0.29970683,1.00000000
3503.54200000,0.30454484,0.29961038,1.00000000
3504.02400000,0.30453342,0.29951404,1.00000000
3504.50600000,0.30443281,0.29941781,1.00000000
3504.98800000,0.30450073,0.29932169,1.00000000
3505.47000000,0.30458639,0.29922570,1.00000000
3505.95200000,0.30477827,0.29912983,1.00000000
3506.43500000,0.30448803,0.29903389,1.00000000
3506.91700000,0.30463489,0.29893830,1.00000000
3507.39900000,0.30446928,0.29884284,1.00000000
3507.88100000,0.30463374,0.29874753,1.00000000
3508.36300000,0.30457139,0.29865237,1.00000000
3508.84500000,0.30456639,0.29855737,1.00000000
3509.32700000,0.30438265,0.29846253,1.00000000
3509.80900000,0.30455134,0.29836786,1.00000000
3510.29200000,0.30457976,0.29827316,1.00000000
3510.77400000,0.30452728,0.29817883,1.00000000
3511.25600000,0.30456606,0.29808469,1.00000000
3511.73800000,0.30448604,0.29799073,1.00000000
3512.22000000,0.30438373,0.29789697,1.00000000
3512.70200000,0.30473887,0.29780340,1.00000000
3513.18400000,0.30464756,0.29771003,1.00000000
3513.66600000,0.30478771,0.29761687,1.00000000
3514.14800000,0.30484102,0.29752391,1.00000000
3514.63100000,0.30459977,0.29743099,1.00000000
3515.11300000,0.30479006,0.29733847,1.00000000
3515.59500000,0.30491900,0.29724618,1.00000000
3516.07700000,0.30480590,0.29715412,1.00000000
3516.55900000,0.30492852,0.29706230,1.00000000
3517.04100000,0.30475735,0.29697072,1.00000000
3517.52300000,0.30504278,0.29687938,1.00000000
3518.00500000,0.30504014,0.29678829,1.00000000
3518.48800000,0.30509600,0.29669726,1.00000000
3518.97000000,0.30532463,0.29660669,1.00000000
3519.45200000,0.30523197,0.29651638,1.00000000
3519.93400000,0.30547976,0.29642634,1.00000000
3520.41600000,0.30566592,0.29633657,1.00000000
3520.89800000,0.30572825,0.29624707,1.00000000
3521.38000000,0.30572521,0.29615786,1.00000000
3521.86200000,0.30591673,0.29606894,1.00000000
3522.34400000,0.30577728,0.29598031,1.00000000
3522.82700000,0.30595965,0.29589180,1.00000000
3523.30900000,0.30598114,0.29580377,1.00000000
3523.79100000,0.30605903,0.29571604,1.00000000
3524.27300000,0.30613911,0.29562863,1.00000000
3524.75500000,0.30615098,0.29554153,1.00000000
3525.23700000,0.30592412,0.29545475,1.00000000
3525.71900000,0.30631194,0.29536829,1.00000000
3526.20100000,0.30620456,0.29528216,1.00000000
3526.68400000,0.30623685,0.29519619,1.00000000
3527.16600000,0.30610793,0.29511073,1.00000000
3527.64800000,0.30615262,0.29502562,1.00000000
3528.13000000,0.30623695,0.29494085,1.00000000
3528.61200000,0.30610112,0.29485644,1.00000000
3529.09400000,0.30617712,0.29477237,1.00000000
3529.57600000,0.30597486,0.29468867,1.00000000
3530.05800000,0.30597997,0.29460534,1.00000000
3530.54100000,0.30609640,0.29452220,1.00000000
3531.02200000,0.30596280,0.29443977,1.00000000
3531.50500000,0.30602343,0.29435738,1.00000000
3531.98700000,0.30608440,0.29427555,1.00000000
3532.46900000,0.30639859,0.29419410,1.00000000
3532.95100000,0.30616936,0.29411304,1.00000000
3533.43300000,0.30623847,0.29403237,1.00000000
3533.91500000,0.30651147,0.29395210,1.00000000
3534.39700000,0.30650192,0.29387224,1.00000000
3534.87900000,0.30648569,0.29379278,1.00000000
3535.36200000,0.30675702,0.29371357,1.00000000
3535.84400000,0.30658053,0.29363494,1.00000000
3536.32600000,0.30660436,0.29355673,1.00000000
3536.80800000,0.30660039,0.29347894,1.00000000
3537.29000000,0.30666374,0.29340158,1.00000000
3537.77200000,0.30670298,0.29332465,1.00000000
3538.25400000,0.30697810,0.29324815,1.00000000
3538.73600000,0.30697782,0.29317210,1.00000000
3539.21900000,0.30702095,0.29309633,1.00000000
3539.70100000,0.30712968,0.29302117,1.00000000
3540.18300000,0.30724006,0.29294646,1.00000000
3540.66500000,0.30717493,0.29287220,1.00000000
3541.14700000,0.30727378,0.29279841,1.00000000
3541.62900000,0.30722665,0.29272507,1.00000000
3542.11100000,0.30766620,0.29265220,1.00000000
3542.59300000,0.30759985,0.29257981,1.00000000
3543.07500000,0.30746255,0.29250789,1.00000000
3543.55800000,0.30754796,0.29243629,1.00000000
3544.04000000,0.30781703,0.29236533,1.00000000
3544.52200000,0.30777776,0.29229486,1.00000000
3545.00400000,0.30793218,0.29222487,1.00000000
3545.48600000,0.30756226,0.29215538,1.00000000
3545.96800000,0.30770684,0.29208638,1.00000000
3546.45000000,0.30783264,0.29201788,1.00000000
3546.93200000,0.30787116,0.29194989,1.00000000
3547.41500000,0.30767662,0.29188226,1.00000000
3547.89700000,0.30768477,0.29181529,1.00000000
3548.37900000,0.30755448,0.29174883,1.00000000
3548.86100000,0.30768547,0.29168289,1.00000000
3549.34300000,0.30772173,0.29161747,1.00000000
3549.82500000,0.30764098,0.29155257,1.00000000
3550.30700000,0.30789520,0.29148820,1.00000000
3550.78900000,0.30773477,0.29142437,1.00000000
3551.27100000,0.30795344,0.29136106,1.00000000
3551.75400000,0.30797079,0.29129817,1.00000000
3552.23600000,0.30788043,0.29123595,1.00000000
3552.71800000,0.30797948,0.29117427,1.00000000
3553.20000000,0.30788349,0.29111314,1.00000000
3553.68200000,0.30809068,0.29105256,1.00000000
3554.16400000,0.30806205,0.29099254,1.00000000
3554.64600000,0.30820924,0.29093307,1.00000000
3555.12800000,0.30810599,0.29087416,1.00000000
3555.61100000,0.30827097,0.29081570,1.00000000
3556.09300000,0.30818693,0.29075792,1.00000000
3556.57500000,0.30824755,0.29070071,1.00000000
3557.05700000,0.30819656,0.29064408,1.00000000
3557.53900000,0.30851158,0.29058802,1.00000000
3558.02100000,0.30838609,0.29053254,1.00000000
3558.50300000,0.30840118,0.29047764,1.00000000
3558.98500000,0.30838000,0.29042332,1.00000000
3559.46800000,0.30863168,0.29036948,1.00000000
3559.94900000,0.30876602,0.29031645,1.00000000
3560.43200000,0.30875663,0.29026380,1.00000000
3560.91400000,0.30858910,0.29021185,1.00000000
3561.39600000,0.30888308,0.29016049,1.00000000
3561.87800000,0.30895841,0.29010974,1.00000000
3562.36000000,0.30924951,0.29005959,1.00000000
3562.84200000,0.30923574,0.29001005,1.00000000
3563.32400000,0.30929624,0.28996111,1.00000000
3563.80600000,0.30948925,0.28991279,1.00000000
3564.28900000,0.30956672,0.28986498,1.00000000
3564.77100000,0.30969025,0.28981789,1.00000000
3565.25300000,0.30968890,0.28977141,1.00000000
3565.73500000,0.30966869,0.28972555,1.00000000
3566.21700000,0.30954372,0.28968032,1.00000000
3566.69900000,0.30936504,0.28963572,1.00000000
3567.18100000,0.30936126,0.28959174,1.00000000
3567.66300000,0.30930823,0.28954839,1.00000000
3568.14600000,0.30931183,0.28950559,1.00000000
3568.62800000,0.30948383,0.28946350,1.00000000
3569.11000000,0.30929036,0.28942206,1.00000000
3569.59200000,0.30930537,0.28938126,1.00000000
3570.07400000,0.30925059,0.28934109,1.00000000
3570.55600000,0.30934436,0.28930157,1.00000000
3571.03800000,0.30934140,0.28926270,1.00000000
3571.52000000,0.30942982,0.28922447,1.00000000
3572.00200000,0.30966935,0.28918689,1.00000000
3572.48500000,0.30963953,0.28914989,1.00000000
3572.96700000,0.30961426,0.28911361,1.00000000
3573.44900000,0.30967779,0.28907799,1.00000000
3573.93100000,0.30974662,0.28904303,1.00000000
3574.41300000,0.31009791,0.28900873,1.00000000
3574.89500000,0.30975025,0.28897508,1.00000000
3575.37700000,0.30978116,0.28894210,1.00000000
3575.85900000,0.30998142,0.28890978,1.00000000
3576.34200000,0.30989944,0.28887807,1.00000000
3576.82400000,0.30992982,0.28884708,1.00000000
3577.30600000,0.31000709,0.28881677,1.00000000
3577.78800000,0.30996924,0.28878712,1.00000000
3578.27000000,0.31008920,0.28875815,1.00000000
3578.75200000,0.31017950,0.28872985,1.00000000
3579.23400000,0.31033441,0.28870223,1.00000000
3579.71600000,0.31050760,0.28867528,1.00000000
3580.19800000,0.31040755,0.28864901,1.00000000
3580.68100000,0.31041340,0.28862336,1.00000000
3581.16300000,0.31035463,0.28859845,1.00000000
3581.64500000,0.31060611,0.28857422,1.00000000
3582.12700000,0.31067399,0.28855068,1.00000000
3582.60900000,0.31061311,0.28852781,1.00000000
3583.09100000,0.31072039,0.28850564,1.00000000
3583.57300000,0.31060573,0.28848414,1.00000000
3584.05500000,0.31076163,0.28846334,1.00000000
3584.53800000,0.31082277,0.28844318,1.00000000
3585.02000000,0.31067536,0.28842376,1.00000000
3585.50200000,0.31077418,0.28840503,1.00000000
3585.98400000,0.31074679,0.28838698,1.00000000
3586.46600000,0.31063876,0.28836963,1.00000000
3586.94800000,0.31089322,0.28835298,1.00000000
3587.43000000,0.31065058,0.28833702,1.00000000
3587.91200000,0.31077954,0.28832175,1.00000000
3588.39500000,0.31071508,0.28830715,1.00000000
3588.87600000,0.31060259,0.28829330,1.00000000
3589.35900000,0.31073519,0.28828010,1.00000000
3589.84100000,0.31087330,0.28826762,1.00000000
3590.32300000,0.31093775,0.28825584,1.00000000
3590.80500000,0.31104374,0.28824475,1.00000000
3591.28700000,0.31107672,0.28823437,1.00000000
3591.76900000,0.31117589,0.28822469,1.00000000
3592.25100000,0.31124185,0.28821571,1.00000000
3592.73300000,0.31110851,0.28820743,1.00000000
3593.21600000,0.31104123,0.28819984,1.00000000
3593.69800000,0.31130384,0.28819296,1.00000000
3594.18000000,0.31130943,0.28818679,1.00000000
3594.66200000,0.31159277,0.28818132,1.00000000
3595.14400000,0.31126818,0.28817655,1.00000000
3595.62600000,0.31142784,0.28817249,1.00000000
3596.10800000,0.31142417,0.28816912,1.00000000
3596.59000000,0.31128611,0.28816647,1.00000000
3597.07300000,0.31142022,0.28816451,1.00000000
3597.55500000,0.31158174,0.28816326,1.00000000
3598.03700000,0.31141519,0.28816271,1.00000000
3598.51900000,0.31142336,0.28816287,1.00000000
3599.00100000,0.31120028,0.28816373,1.00000000
3599.48300000,0.31127377,0.28816530,1.00000000
3599.96500000,0.31099869,0.28816756,1.00000000
3600.44700000,0.31100849,0.28817054,1.00000000
3600.92900000,0.31118777,0.28817421,1.00000000
3601.41200000,0.31114012,0.28817860,1.00000000
3601.89400000,0.31110502,0.28818368,1.00000000
3602.37600000,0.31127682,0.28818946,1.00000000
3602.85800000,0.31124923,0.28819595,1.00000000
3603.34000000,0.31138411,0.28820314,1.00000000
3603.82200000,0.31121108,0.28821103,1.00000000
3604.30400000,0.31163490,0.28821961,1.00000000
3604.78600000,0.31140571,0.28822890,1.00000000
3605.26900000,0.31159118,0.28823892,1.00000000
3605.75100000,0.31186088,0.28824961,1.00000000
3606.23300000,0.31176214,0.28826100,1.00000000
3606.71500000,0.31204809,0.28827308,1.00000000
3607.19700000,0.31191933,0.28828587,1.00000000
3607.67900000,0.31217195,0.28829935,1.00000000
3608.16100000,0.31213577,0.28831353,1.00000000
3608.64300000,0.31236942,0.28832840,1.00000000
3609.12500000,0.31227690,0.28834397,1.00000000
3609.60800000,0.31243182,0.28836026,1.00000000
3610.09000000,0.31247147,0.28837722,1.00000000
3610.57200000,0.31252516,0.28839487,1.00000000
3611.05400000,0.31278996,0.28841321,1.00000000
3611.53600000,0.31279039,0.28843223,1.00000000
3612.01800000,0.31288039,0.28845195,1.00000000
3612.50000000,0.31316048,0.28847236,1.00000000
3612.98200000,0.31312902,0.28849345,1.00000000
3613.46500000,0.31307587,0.28851527,1.00000000
3613.94700000,0.31301094,0.28853773,1.00000000
3614.42900000,0.31306954,0.28856088,1.00000000
3614.91100000,0.31310905,0.28858471,1.00000000
3615.39300000,0.31328288,0.28860922,1.00000000
3615.87500000,0.31314913,0.28863441,1.00000000
3616.35700000,0.31317468,0.28866028,1.00000000
3616.83900000,0.31309072,0.28868682,1.00000000
3617.32200000,0.31325003,0.28871410,1.00000000
3617.80300000,0.31317605,0.28874193,1.00000000
3618.28600000,0.31316994,0.28877056,1.00000000
3618.76800000,0.31289858,0.28879980,1.00000000
3619.25000000,0.31293484,0.28882970,1.00000000
3619.73200000,0.31286250,0.28886028,1.00000000
3620.21400000,0.31298925,0.28889152,1.00000000
3620.69600000,0.31281713,0.28892343,1.00000000
3621.17800000,0.31263854,0.28895600,1.00000000
3621.66000000,0.31271938,0.28898923,1.00000000
3622.14300000,0.31283980,0.28902319,1.00000000
3622.62500000,0.31271981,0.28905774,1.00000000
3623.10700000,0.31280065,0.28909294,1.00000000
3623.58900000,0.31264192,0.28912880,1.00000000
3624.07100000,0.31269446,0.28916531,1.00000000
3624.55300000,0.31251311,0.28920247,1.00000000
3625.03500000,0.31260130,0.28924028,1.00000000
3625.51700000,0.31260235,0.28927874,1.00000000
3626.00000000,0.31257862,0.28931792,1.00000000
3626.48200000,0.31246657,0.28935766,1.00000000
3626.96400000,0.31235365,0.28939804,1.00000000
3627.44600000,0.31255384,0.28943906,1.00000000
3627.92800000,0.31231985,0.28948072,1.00000000
3628.41000000,0.31241412,0.28952301,1.00000000
3628.89200000,0.31242857,0.28956593,1.00000000
3629.37400000,0.31220184,0.28960948,1.00000000
3629.85600000,0.31223575,0.28965365,1.00000000
3630.33900000,0.31247563,0.28969855,1.00000000
3630.82100000,0.31284189,0.28974397,1.00000000
3631.30300000,0.31280395,0.28979001,1.00000000
3631.78500000,0.31280635,0.28983667,1.00000000
3632.26700000,0.31315679,0.28988395,1.00000000
3632.74900000,0.31296212,0.28993183,1.00000000
3633.23100000,0.31315543,0.28998033,1.00000000
3633.71300000,0.31322109,0.29002944,1.00000000
3634.19600000,0.31313017,0.29007925,1.00000000
3634.67800000,0.31325713,0.29012956,1.00000000
3635.16000000,0.31325617,0.29018047,1.00000000
3635.64200000,0.31328386,0.29023198,1.00000000
3636.12400000,0.31353400,0.29028408,1.00000000
3636.60600000,0.31334176,0.29033677,1.00000000
3637.08800000,0.31331458,0.29039005,1.00000000
3637.57000000,0.31343470,0.29044392,1.00000000
3638.05200000,0.31361232,0.29049837,1.00000000
3638.53500000,0.31357932,0.29055351,1.00000000
3639.01700000,0.31352534,0.29060912,1.00000000
3639.49900000,0.31371796,0.29066530,1.00000000
3639.98100000,0.31393470,0.29072206,1.00000000
3640.46300000,0.31369541,0.29077938,1.00000000
3640.94500000,0.31381890,0.29083726,1.00000000
3641.42700000,0.31389726,0.29089571,1.00000000
3641.90900000,0.31413874,0.29095472,1.00000000
3642.39200000,0.31431562,0.29101440,1.00000000
3642.87400000,0.31425791,0.29107452,1.00000000
3643.35600000,0.31440696,0.29113519,1.00000000
3643.83800000,0.31453916,0.29119640,1.00000000
3644.32000000,0.31464894,0.29125815,1.00000000
3644.80200000,0.31462414,0.29132045,1.00000000
3645.28400000,0.31479177,0.29138328,1.00000000
3645.76600000,0.31532180,0.29144665,1.00000000
3646.24900000,0.31532601,0.29151068,1.00000000
3646.73000000,0.31551351,0.29157497,1.00000000
3647.21300000,0.31565536,0.29164005,1.00000000
3647.69500000,0.31561005,0.29170552,1.00000000
3648.17700000,0.31557711,0.29177150,1.00000000
3648.65900000,0.31536747,0.29183800,1.00000000
3649.14100000,0.31511639,0.29190500,1.00000000
3649.62300000,0.31497727,0.29197251,1.00000000
3650.10500000,0.31474951,0.29204053,1.00000000
3650.58700000,0.31449786,0.29210904,1.00000000
3651.07000000,0.31471899,0.29217819,1.00000000
3651.55200000,0.31481299,0.29224770,1.00000000
3652.03400000,0.31473811,0.29231768,1.00000000
3652.51600000,0.31512551,0.29238816,1.00000000
3652.99800000,0.31487458,0.29245911,1.00000000
3653.48000000,0.31498451,0.29253054,1.00000000
3653.96200000,0.31508168,0.29260245,1.00000000
3654.44400000,0.31495781,0.29267482,1.00000000
3654.92700000,0.31479076,0.29274781,1.00000000
3655.40900000,0.31504661,0.29282112,1.00000000
3655.89100000,0.31486927,0.29289488,1.00000000
3656.37300000,0.31495151,0.29296909,1.00000000
3656.85500000,0.31485936,0.29304375,1.00000000
3657.33700000,0.31491219,0.29311887,1.00000000
3657.81900000,0.31482257,0.29319442,1.00000000
3658.30100000,0.31501325,0.29327041,1.00000000
3658.78300000,0.31478925,0.29334684,1.00000000
3659.26600000,0.31471345,0.29342385,1.00000000
3659.74800000,0.31471358,0.29350114,1.00000000
3660.23000000,0.31454242,0.29357884,1.00000000
3660.71200000,0.31458095,0.29365697,1.00000000
3661.19400000,0.31463680,0.29373550,1.00000000
3661.67600000,0.31455623,0.29381445,1.00000000
3662.15800000,0.31437014,0.29389381,1.00000000
3662.64000000,0.31440281,0.29397356,1.00000000
3663.12300000,0.31445557,0.29405388,1.00000000
3663.60500000,0.31452236,0.29413443,1.00000000
3664.08700000,0.31449315,0.29421537,1.00000000
3664.56900000,0.31452145,0.29429669,1.00000000
3665.05100000,0.31454077,0.29437839,1.00000000
3665.53300000,0.31444274,0.29446047,1.00000000
3666.01500000,0.31432074,0.29454292,1.00000000
3666.49700000,0.31470057,0.29462574,1.00000000
3666.97900000,0.31469398,0.29470892,1.00000000
3667.46200000,0.31479899,0.29479264,1.00000000
3667.94400000,0.31462846,0.29487653,1.00000000
3668.42600000,0.31470323,0.29496078,1.00000000
3668.90800000,0.31469479,0.29504537,1.00000000
3669.39000000,0.31483035,0.29513031,1.00000000
3669.87200000,0.31481262,0.29521558,1.00000000
3670.35400000,0.31488120,0.29530118,1.00000000
3670.83600000,0.31487871,0.29538712,1.00000000
3671.31900000,0.31486840,0.29547355,1.00000000
3671.80100000,0.31494725,0.29556013,1.00000000
3672.28300000,0.31493939,0.29564702,1.00000000
3672.76500000,0.31507659,0.29573422,1.00000000
3673.24700000,0.31524680,0.29582172,1.00000000
3673.72900000,0.31515006,0.29590953,1.00000000
3674.21100000,0.31535675,0.29599763,1.00000000
3674.69300000,0.31561442,0.29608602,1.00000000
3675.17600000,0.31554803,0.29617489,1.00000000
3675.65700000,0.31559614,0.29626367,1.00000000
3676.14000000,0.31571544,0.29635309,1.00000000
3676.62200000,0.31564877,0.29644261,1.00000000
3677.10400000,0.31549789,0.29653239,1.00000000
3677.58600000,0.31551365,0.29662244,1.00000000
3678.06800000,0.31542116,0.29671274,1.00000000
3678.55000000,0.31540747,0.29680330,1.00000000
3679.03200000,0.31526437,0.29689411,1.00000000
3679.51400000,0.31518430,0.29698517,1.00000000
3679.99700000,0.31516200,0.29707665,1.00000000
3680.47900000,0.31524790,0.29716818,1.00000000
3680.96100000,0.31509422,0.29725994,1.00000000
3681.44300000,0.31497508,0.29735193,1.00000000
3681.92500000,0.31481713,0.29744414,1.00000000
3682.40700000,0.31470652,0.29753656,1.00000000
3682.88900000,0.31482125,0.29762919,1.00000000
3683.37100000,0.31473532,0.29772203,1.00000000
3683.85400000,0.31480846,0.29781527,1.00000000
3684.33600000,0.31481870,0.29790851,1.00000000
3684.81800000,0.31458153,0.29800194,1.00000000
3685.30000000,0.31473144,0.29809556,1.00000000
3685.78200000,0.31455339,0.29818936,1.00000000
3686.26400000,0.31467803,0.29828333,1.00000000
3686.74600000,0.31456701,0.29837748,1.00000000
3687.22800000,0.31475924,0.29847180,1.00000000
3687.71000000,0.31477040,0.29856628,1.00000000
3688.19300000,0.31470901,0.29866111,1.00000000
3688.67500000,0.31446329,0.29875590,1.00000000
3689.15700000,0.31426848,0.29885084,1.00000000
3689.63900000,0.31412147,0.29894591,1.00000000
3690.12100000,0.31404755,0.29904113,1.00000000
3690.60300000,0.31387975,0.29913648,1.00000000
3691.08500000,0.31384811,0.29923196,1.00000000
3691.56700000,0.31392268,0.29932756,1.00000000
3692.05000000,0.31394949,0.29942347,1.00000000
3692.53200000,0.31414369,0.29951930,1.00000000
3693.01400000,0.31410776,0.29961524,1.00000000
3693.49600000,0.31412371,0.29971128,1.00000000
3693.97800000,0.31406325,0.29980742,1.00000000
3694.46000000,0.31395189,0.29990365,1.00000000
3694.94200000,0.31407403,0.29999997,1.00000000
3695.42400000,0.31392909,0.30009637,1.00000000
3695.90600000,0.31389793,0.30019285,1.00000000
3696.38900000,0.31380955,0.30028960,1.00000000
3696.87100000,0.31360035,0.30038622,1.00000000
3697.35300000,0.31361212,0.30048290,1.00000000
3697.83500000,0.31351213,0.30057964,1.00000000
3698.31700000,0.31363840,0.30067643,1.00000000
3698.79900000,0.31349107,0.30077327,1.00000000
3699.28100000,0.31333053,0.30087015,1.00000000
3699.76300000,0.31319309,0.30096707,1.00000000
3700.24600000,0.31364664,0.30106422,1.00000000
3700.72800000,0.31336326,0.30116120,1.00000000
3701.21000000,0.31338106,0.30125820,1.00000000
3701.69200000,0.31356925,0.30135521,1.00000000
3702.17400000,0.31336719,0.30145224,1.00000000
3702.65600000,0.31345893,0.30154927,1.00000000
3703.13800000,0.31366971,0.30164631,1.00000000
3703.62000000,0.31337329,0.30174334,1.00000000
3704.10300000,0.31337610,0.30184057,1.00000000
3704.58400000,0.31368646,0.30193738,1.00000000
3705.06700000,0.31343039,0.30203458,1.00000000
3705.54900000,0.31333944,0.30213155,1.00000000
3706.03100000,0.31371319,0.30222849,1.00000000
3706.51300000,0.31373778,0.30232540,1.00000000
3706.99500000,0.31380567,0.30242226,1.00000000
3707.47700000,0.31386155,0.30251909,1.00000000
3707.95900000,0.31386820,0.30261587,1.00000000
3708.44100000,0.31405417,0.30271259,1.00000000
3708.92400000,0.31416017,0.30280945,1.00000000
3709.40600000,0.31410151,0.30290605,1.00000000
3709.88800000,0.31397565,0.30300259,1.00000000
3710.37000000,0.31393556,0.30309904,1.00000000
3710.85200000,0.31377118,0.30319542,1.00000000
3711.33400000,0.31375523,0.30329172,1.00000000
3711.81600000,0.31377681,0.30338792,1.00000000
3712.29800000,0.31358012,0.30348403,1.00000000
3712.78100000,0.31374636,0.30358025,1.00000000
3713.26300000,0.31366250,0.30367616,1.00000000
3713.74500000,0.31387169,0.30377195,1.00000000
3714.22700000,0.31393203,0.30386764,1.00000000
3714.70900000,0.31385403,0.30396321,1.00000000
3715.19100000,0.31380511,0.30405865,1.00000000
3715.67300000,0.31390289,0.30415396,1.00000000
3716.15500000,0.31411751,0.30424914,1.00000000
3716.63700000,0.31389651,0.30434419,1.00000000
3717.12000000,0.31383921,0.30443928,1.00000000
3717.60200000,0.31363382,0.30453403,1.00000000
3718.08400000,0.31363670,0.30462862,1.00000000
3718.56600000,0.31358575,0.30472306,1.00000000
3719.04800000,0.31359063,0.30481733,1.00000000
3719.53000000,0.31382620,0.30491144,1.00000000
3720.01200000,0.31350611,0.30500537,1.00000000
3720.49400000,0.31357387,0.30509913,1.00000000
3720.97700000,0.31329798,0.30519289,1.00000000
3721.45900000,0.31352129,0.30528627,1.00000000
3721.94100000,0.31360399,0.30537946,1.00000000
3722.42300000,0.31337704,0.30547246,1.00000000
3722.90500000,0.31341115,0.30556525,1.00000000
3723.38700000,0.31329688,0.30565783,1.00000000
3723.86900000,0.31322913,0.30575020,1.00000000
3724.35100000,0.31307524,0.30584235,1.00000000
3724.83300000,0.31287963,0.30593429,1.00000000
3725.31600000,0.31286542,0.30602618,1.00000000
3725.79800000,0.31274566,0.30611766,1.00000000
3726.28000000,0.31265840,0.30620890,1.00000000
3726.76200000,0.31247041,0.30629989,1.00000000
3727.24400000,0.31234140,0.30639065,1.00000000
3727.72600000,0.31232714,0.30648115,1.00000000
3728.20800000,0.31243416,0.30657140,1.00000000
3728.69000000,0.31218638,0.30666138,1.00000000
3729.17300000,0.31218988,0.30675130,1.00000000
3729.65500000,0.31234075,0.30684075,1.00000000
3730.13700000,0.31204342,0.30692993,1.00000000
3730.61900000,0.31224793,0.30701884,1.00000000
3731.10100000,0.31230135,0.30710746,1.00000000
3731.58300000,0.31217386,0.30719579,1.00000000
3732.06500000,0.31252939,0.30728383,1.00000000
3732.54700000,0.31245066,0.30737158,1.00000000
3733.03000000,0.31247991,0.30745920,1.00000000
3733.51100000,0.31236324,0.30754616,1.00000000
3733.99400000,0.31236389,0.30763317,1.00000000
3734.47600000,0.31229577,0.30771968,1.00000000
3734.95800000,0.31233210,0.30780588,1.00000000
3735.44000000,0.31226763,0.30789175,1.00000000
3735.92200000,0.31270012,0.30797729,1.00000000
3736.40400000,0.31262891,0.30806251,1.00000000
3736.88600000,0.31294083,0.30814738,1.00000000
3737.36800000,0.31287733,0.30823191,1.00000000
3737.85100000,0.31324234,0.30831628,1.00000000
3738.33300000,0.31326335,0.30840011,1.00000000
3738.81500000,0.31337926,0.30848360,1.00000000
3739.29700000,0.31329813,0.30856672,1.00000000
3739.77900000,0.31345648,0.30864948,1.00000000
3740.26100000,0.31332888,0.30873188,1.00000000
3740.74300000,0.31314002,0.30881390,1.00000000
3741.22500000,0.31299812,0.30889555,1.00000000
3741.70800000,0.31270344,0.30897698,1.00000000
3742.19000000,0.31274230,0.30905787,1.00000000
3742.67200000,0.31263087,0.30913836,1.00000000
3743.15400000,0.31278316,0.30921846,1.00000000
3743.63600000,0.31284534,0.30929817,1.00000000
3744.11800000,0.31293556,0.30937747,1.00000000
3744.60000000,0.31321830,0.30945637,1.00000000
3745.08200000,0.31338083,0.30953486,1.00000000
3745.56400000,0.31346779,0.30961294,1.00000000
3746.04700000,0.31371452,0.30969076,1.00000000
3746.52900000,0.31391464,0.30976800,1.00000000
3747.01100000,0.31404523,0.30984481,1.00000000
3747.49300000,0.31408857,0.30992120,1.00000000
3747.97500000,0.31421120,0.30999715,1.00000000
3748.45700000,0.31380522,0.31007267,1.00000000
3748.93900000,0.31385637,0.31014774,1.00000000
3749.42100000,0.31376585,0.31022237,1.00000000
3749.90400000,0.31358741,0.31029671,1.00000000
3750.38600000,0.31321412,0.31037043,1.00000000
3750.86800000,0.31297549,0.31044371,1.00000000
3751.35000000,0.31286290,0.31051652,1.00000000
3751.83200000,0.31276078,0.31058887,1.00000000
3752.31400000,0.31261238,0.31066075,1.00000000
3752.79600000,0.31295071,0.31073216,1.00000000
3753.27800000,0.31287644,0.31080309,1.00000000
3753.76000000,0.31324431,0.31087355,1.00000000
3754.24300000,0.31342718,0.31094367,1.00000000
3754.72500000,0.31329470,0.31101316,1.00000000
3755.20700000,0.31349335,0.31108216,1.00000000
3755.68900000,0.31333522,0.31115066,1.00000000
3756.17100000,0.31318071,0.31121867,1.00000000
3756.65300000,0.31301883,0.31128618,1.00000000
3757.13500000,0.31294111,0.31135319,1.00000000
3757.61700000,0.31258316,0.31141969,1.00000000
3758.10000000,0.31259296,0.31148582,1.00000000
3758.58200000,0.31240390,0.31155129,1.00000000
3759.06400000,0.31235874,0.31161625,1.00000000
3759.54600000,0.31235948,0.31168069,1.00000000
3760.02800000,0.31244932,0.31174460,1.00000000
3760.51000000,0.31210782,0.31180799,1.00000000
3760.99200000,0.31231469,0.31187085,1.00000000
3761.47400000,0.31235968,0.31193317,1.00000000
3761.95700000,0.31228909,0.31199509,1.00000000
3762.43800000,0.31245413,0.31205621,1.00000000
3762.92100000,0.31242151,0.31211704,1.00000000
3763.40300000,0.31230652,0.31217719,1.00000000
3763.88500000,0.31224189,0.31223680,1.00000000
3764.36700000,0.31214515,0.31229586,1.00000000
3764.84900000,0.31210960,0.31235436,1.00000000
3765.33100000,0.31253233,0.31241230,1.00000000
3765.81300000,0.31210654,0.31246968,1.00000000
3766.29500000,0.31246019,0.31252650,1.00000000
3766.77800000,0.31216732,0.31258287,1.00000000
3767.26000000,0.31213485,0.31263855,1.00000000
3767.74200000,0.31206509,0.31269366,1.00000000
3768.22400000,0.31207987,0.31274819,1.00000000
3768.70600000,0.31206313,0.31280214,1.00000000
3769.18800000,0.31191308,0.31285551,1.00000000
3769.67000000,0.31189862,0.31290830,1.00000000
3770.15200000,0.31189855,0.31296050,1.00000000
3770.63500000,0.31186151,0.31301222,1.00000000
3771.11700000,0.31167142,0.31306324,1.00000000
3771.59900000,0.31136097,0.31311367,1.00000000
3772.08100000,0.31158441,0.31316350,1.00000000
3772.56300000,0.31152747,0.31321272,1.00000000
3773.04500000,0.31142065,0.31326135,1.00000000
3773.52700000,0.31152995,0.31330937,1.00000000
3774.00900000,0.31133721,0.31335679,1.00000000
3774.49100000,0.31135016,0.31340359,1.00000000
3774.97400000,0.31154711,0.31344988,1.00000000
3775.45600000,0.31143519,0.31349546,1.00000000
3775.93800000,0.31148695,0.31354042,1.00000000
3776.42000000,0.31154920,0.31358477,1.00000000
3776.90200000,0.31168294,0.31362849,1.00000000
3777.38400000,0.31164707,0.31367159,1.00000000
3777.86600000,0.31175062,0.31371406,1.00000000
3778.34800000,0.31180353,0.31375591,1.00000000
3778.83100000,0.31179122,0.31379721,1.00000000
3779.31300000,0.31182788,0.31383780,1.00000000
3779.79500000,0.31170680,0.31387775,1.00000000
3780.27700000,0.31161620,0.31391706,1.00000000
3780.75900000,0.31148222,0.31395574,1.00000000
3781.24100000,0.31140353,0.31399377,1.00000000
3781.72300000,0.31140615,0.31403117,1.00000000
3782.20500000,0.31159268,0.31406792,1.00000000
3782.68800000,0.31146829,0.31410410,1.00000000
3783.17000000,0.31151639,0.31413956,1.00000000
3783.65200000,0.31124920,0.31417437,1.00000000
3784.13400000,0.31123815,0.31420852,1.00000000
3784.61600000,0.31107582,0.31424203,1.00000000
3785.09800000,0.31091466,0.31427488,1.00000000
3785.58000000,0.31082186,0.31430708,1.00000000
3786.06200000,0.31062865,0.31433861,1.00000000
3786.54400000,0.31051627,0.31436949,1.00000000
3787.02700000,0.31057854,0.31439977,1.00000000
3787.50900000,0.31053940,0.31442933,1.00000000
3787.99100000,0.31050946,0.31445822,1.00000000
3788.47300000,0.31037161,0.31448645,1.00000000
3788.95500000,0.31044620,0.31451401,1.00000000
3789.43700000,0.31037362,0.31454090,1.00000000
3789.91900000,0.31036178,0.31456712,1.00000000
3790.40100000,0.31027118,0.31459268,1.00000000
3790.88400000,0.31032119,0.31461761,1.00000000
3791.36500000,0.31042410,0.31464177,1.00000000
3791.84800000,0.31045128,0.31466535,1.00000000
3792.33000000,0.31042239,0.31468821,1.00000000
3792.81200000,0.31059134,0.31471039,1.00000000
3793.29400000,0.31071576,0.31473190,1.00000000
3793.77600000,0.31080831,0.31475272,1.00000000
3794.25800000,0.31095307,0.31477287,1.00000000
3794.74000000,0.31119642,0.31479234,1.00000000
3795.22200000,0.31114692,0.31481112,1.00000000
3795.70500000,0.31127082,0.31482926,1.00000000
3796.18700000,0.31129473,0.31484668,1.00000000
3796.66900000,0.31133045,0.31486342,1.00000000
3797.15100000,0.31145052,0.31487947,1.00000000
3797.63300000,0.31122511,0.31489483,1.00000000
3798.11500000,0.31139913,0.31490951,1.00000000
3798.59700000,0.31122512,0.31492350,1.00000000
3799.07900000,0.31132002,0.31493680,1.00000000
3799.56200000,0.31130567,0.31494944,1.00000000
3800.04400000,0.31136286,0.31496137,1.00000000
3800.52600000,0.31110749,0.31497260,1.00000000
3801.00800000,0.31128205,0.31498315,1.00000000
3801.49000000,0.31103881,0.31499301,1.00000000
3801.97200000,0.31041359,0.31500217,1.00000000
3802.45400000,0.31059674,0.31501065,1.00000000
3802.93600000,0.31034705,0.31501843,1.00000000
3803.41800000,0.31004136,0.31502552,1.00000000
3803.90100000,0.31014336,0.31503193,1.00000000
3804.38300000,0.30995654,0.31503764,1.00000000
3804.86500000,0.30978348,0.31504265,1.00000000
3805.34700000,0.30992434,0.31504697,1.00000000
3805.82900000,0.30984724,0.31505059,1.00000000
3806.31100000,0.31000430,0.31505353,1.00000000
3806.79300000,0.30944984,0.31505577,1.00000000
3807.27500000,0.30945324,0.31505732,1.00000000
3807.75800000,0.30981724,0.31505817,1.00000000
3808.24000000,0.30961428,0.31505833,1.00000000
3808.72200000,0.30973040,0.31505780,1.00000000
3809.20400000,0.30969878,0.31505657,1.00000000
3809.68600000,0.30985894,0.31505465,1.00000000
3810.16800000,0.30964077,0.31505204,1.00000000
3810.65000000,0.30975725,0.31504874,1.00000000
3811.13200000,0.30982157,0.31504474,1.00000000
3811.61500000,0.30964843,0.31504005,1.00000000
3812.09700000,0.30958200,0.31503467,1.00000000
3812.57900000,0.30941520,0.31502860,1.00000000
3813.06100000,0.30956817,0.31502183,1.00000000
3813.54300000,0.30967253,0.31501438,1.00000000
3814.02500000,0.30937977,0.31500624,1.00000000
3814.50700000,0.30950619,0.31499741,1.00000000
3814.98900000,0.30949470,0.31498789,1.00000000
3815.47100000,0.30958408,0.31497768,1.00000000
3815.95400000,0.30947481,0.31496676,1.00000000
3816.43600000,0.30944061,0.31495518,1.00000000
3816.91800000,0.30967487,0.31494291,1.00000000
3817.40000000,0.30943996,0.31492995,1.00000000
3817.88200000,0.30951309,0.31491631,1.00000000
3818.36400000,0.30958025,0.31490199,1.00000000
3818.84600000,0.30962125,0.31488698,1.00000000
3819.32800000,0.30949783,0.31487129,1.00000000
3819.81100000,0.30933445,0.31485489,1.00000000
3820.29200000,0.30969687,0.31483787,1.00000000
3820.77500000,0.30926482,0.31482011,1.00000000
3821.25700000,0.30927248,0.31480170,1.00000000
3821.73900000,0.30934928,0.31478261,1.00000000
3822.22100000,0.30949828,0.31476285,1.00000000
3822.70300000,0.30951817,0.31474241,1.00000000
3823.18500000,0.30964070,0.31472130,1.00000000
3823.66700000,0.30987548,0.31469951,1.00000000
3824.14900000,0.30961849,0.31467706,1.00000000
3824.63200000,0.30948394,0.31465388,1.00000000
3825.11400000,0.30961982,0.31463009,1.00000000
3825.59600000,0.30948192,0.31460562,1.00000000
3826.07800000,0.30957964,0.31458049,1.00000000
3826.56000000,0.30923678,0.31455470,1.00000000
3827.04200000,0.30931023,0.31452824,1.00000000
3827.52400000,0.30906382,0.31450112,1.00000000
3828.00600000,0.30900253,0.31447334,1.00000000
3828.48900000,0.30916059,0.31444484,1.00000000
3828.97100000,0.30891289,0.31441574,1.00000000
3829.45300000,0.30895351,0.31438598,1.00000000
3829.93500000,0.30905815,0.31435558,1.00000000
3830.41700000,0.30898141,0.31432452,1.00000000
3830.89900000,0.30921661,0.31429281,1.00000000
3831.38100000,0.30892097,0.31426045,1.00000000
3831.86300000,0.30923884,0.31422744,1.00000000
3832.34500000,0.30898250,0.31419379,1.00000000
3832.82800000,0.30918378,0.31415942,1.00000000
3833.31000000,0.30922190,0.31412448,1.00000000
3833.79200000,0.30929036,0.31408890,1.00000000
3834.27400000,0.30905007,0.31405269,1.00000000
3834.75600000,0.30921973,0.31401583,1.00000000
3835.23800000,0.30899736,0.31397835,1.00000000
3835.72000000,0.30901499,0.31394023,1.00000000
3836.20200000,0.30904660,0.31390149,1.00000000
3836.68500000,0.30921721,0.31386203,1.00000000
3837.16700000,0.30909804,0.31382203,1.00000000
3837.64900000,0.30913219,0.31378141,1.00000000
3838.13100000,0.30909963,0.31374016,1.00000000
3838.61300000,0.30918703,0.31369830,1.00000000
3839.09500000,0.30905462,0.31365582,1.00000000
3839.57700000,0.30893379,0.31361273,1.00000000
3840.05900000,0.30885695,0.31356902,1.00000000
3840.54200000,0.30890569,0.31352461,1.00000000
3841.02400000,0.30872436,0.31347969,1.00000000
3841.50600000,0.30876723,0.31343416,1.00000000
3841.98800000,0.30868800,0.31338803,1.00000000
3842.47000000,0.30855625,0.31334130,1.00000000
3842.95200000,0.30827929,0.31329398,1.00000000
3843.43400000,0.30852707,0.31324606,1.00000000
3843.91600000,0.30813337,0.31319755,1.00000000
3844.39800000,0.30817504,0.31314845,1.00000000
3844.88100000,0.30832669,0.31309865,1.00000000
3845.36300000,0.30797592,0.31304838,1.00000000
3845.84500000,0.30834330,0.31299753,1.00000000
3846.32700000,0.30823956,0.31294610,1.00000000
3846.80900000,0.30827297,0.31289409,1.00000000
3847.29100000,0.30841082,0.31284151,1.00000000
3847.77300000,0.30815780,0.31278836,1.00000000
3848.25500000,0.30817589,0.31273464,1.00000000
3848.73800000,0.30811207,0.31268024,1.00000000
3849.21900000,0.30799116,0.31262551,1.00000000
3849.70200000,0.30779440,0.31257000,1.00000000
3850.18400000,0.30774876,0.31251404,1.00000000
3850.66600000,0.30774648,0.31245753,1.00000000
3851.14800000,0.30765734,0.31240047,1.00000000
3851.63000000,0.30751581,0.31234286,1.00000000
3852.11200000,0.30749516,0.31228472,1.00000000
3852.59400000,0.30735859,0.31222603,1.00000000
3853.07600000,0.30705550,0.31216680,1.00000000
3853.55900000,0.30718171,0.31210692,1.00000000
3854.04100000,0.30691824,0.31204663,1.00000000
3854.52300000,0.30730201,0.31198581,1.00000000
3855.00500000,0.30751506,0.31192447,1.00000000
3855.48700000,0.30743491,0.31186261,1.00000000
3855.96900000,0.30776871,0.31180023,1.00000000
3856.45100000,0.30774946,0.31173733,1.00000000
3856.93300000,0.30788547,0.31167393,1.00000000
3857.41600000,0.30794233,0.31160989,1.00000000
3857.89800000,0.30796117,0.31154547,1.00000000
3858.38000000,0.30811098,0.31148056,1.00000000
3858.86200000,0.30802881,0.31141514,1.00000000
3859.34400000,0.30800511,0.31134924,1.00000000
3859.82600000,0.30803367,0.31128284,1.00000000
3860.30800000,0.30831640,0.31121596,1.00000000
3860.79000000,0.30824014,0.31114860,1.00000000
3861.27200000,0.30836416,0.31108076,1.00000000
3861.75500000,0.30813975,0.31101229,1.00000000
3862.23700000,0.30819208,0.31094350,1.00000000
3862.71900000,0.30840530,0.31087425,1.00000000
3863.20100000,0.30820349,0.31080452,1.00000000
3863.68300000,0.30799661,0.31073434,1.00000000
3864.16500000,0.30806712,0.31066370,1.00000000
3864.64700000,0.30823812,0.31059261,1.00000000
3865.12900000,0.30786532,0.31052106,1.00000000
3865.61200000,0.30803638,0.31044893,1.00000000
3866.09400000,0.30786867,0.31037650,1.00000000
3866.57600000,0.30784106,0.31030363,1.00000000
3867.05800000,0.30782398,0.31023033,1.00000000
3867.54000000,0.30766465,0.31015660,1.00000000
3868.02200000,0.30799944,0.31008244,1.00000000
3868.50400000,0.30774851,0.31000786,1.00000000
3868.98600000,0.30800446,0.30993286,1.00000000
3869.46900000,0.30787904,0.30985730,1.00000000
3869.95100000,0.30801204,0.30978147,1.00000000
3870.43300000,0.30803000,0.30970525,1.00000000
3870.91500000,0.30770774,0.30962862,1.00000000
3871.39700000,0.30782567,0.30955159,1.00000000
3871.87900000,0.30761551,0.30947417,1.00000000
3872.36100000,0.30781700,0.30939636,1.00000000
3872.84300000,0.30764904,0.30931817,1.00000000
3873.32500000,0.30723006,0.30923959,1.00000000
3873.80800000,0.30739462,0.30916048,1.00000000
3874.29000000,0.30722302,0.30908115,1.00000000
3874.77200000,0.30726679,0.30900146,1.00000000
3875.25400000,0.30742581,0.30892140,1.00000000
3875.73600000,0.30757404,0.30884098,1.00000000
3876.21800000,0.30753564,0.30876021,1.00000000
3876.70000000,0.30766771,0.30867908,1.00000000
3877.18200000,0.30759540,0.30859761,1.00000000
3877.66500000,0.30747433,0.30851562,1.00000000
3878.14600000,0.30765716,0.30843364,1.00000000
3878.62900000,0.30769563,0.30835098,1.00000000
3879.11100000,0.30773087,0.30826817,1.00000000
3879.59300000,0.30794662,0.30818502,1.00000000
3880.07500000,0.30785912,0.30810156,1.00000000
3880.55700000,0.30805707,0.30801778,1.00000000
3881.03900000,0.30801874,0.30793369,1.00000000
3881.52100000,0.30800917,0.30784929,1.00000000
3882.00300000,0.30812571,0.30776459,1.00000000
3882.48600000,0.30808695,0.30767942,1.00000000
3882.96800000,0.30793310,0.30759413,1.00000000
3883.45000000,0.30802637,0.30750854,1.00000000
3883.93200000,0.30773261,0.30742268,1.00000000
3884.41400000,0.30749591,0.30733653,1.00000000
3884.89600000,0.30768918,0.30725011,1.00000000
3885.37800000,0.30724910,0.30716341,1.00000000
3885.86000000,0.30753328,0.30707645,1.00000000
3886.34300000,0.30748697,0.30698905,1.00000000
3886.82500000,0.30736657,0.30690157,1.00000000
3887.30700000,0.30741429,0.30681384,1.00000000
3887.78900000,0.30739316,0.30672586,1.00000000
3888.27100000,0.30747133,0.30663764,1.00000000
3888.75300000,0.30755004,0.30654918,1.00000000
3889.23500000,0.30745616,0.30646049,1.00000000
3889.71700000,0.30761662,0.30637157,1.00000000
3890.19900000,0.30746607,0.30628242,1.00000000
3890.68200000,0.30760081,0.30619287,1.00000000
3891.16400000,0.30723462,0.30610329,1.00000000
3891.64600000,0.30736162,0.30601350,1.00000000
3892.12800000,0.30734031,0.30592350,1.00000000
3892.61000000,0.30729967,0.30583331,1.00000000
3893.09200000,0.30735748,0.30574292,1.00000000
3893.57400000,0.30718346,0.30565234,1.00000000
3894.05600000,0.30734934,0.30556157,1.00000000
3894.53900000,0.30745599,0.30547043,1.00000000
3895.02100000,0.30729600,0.30537930,1.00000000
3895.50300000,0.30732757,0.30528801,1.00000000
3895.98500000,0.30746869,0.30519654,1.00000000
3896.46700000,0.30722700,0.30510492,1.00000000
3896.94900000,0.30771513,0.30501314,1.00000000
3897.43100000,0.30772771,0.30492120,1.00000000
3897.91300000,0.30745740,0.30482912,1.00000000
3898.39600000,0.30760022,0.30473671,1.00000000
3898.87800000,0.30768093,0.30464434,1.00000000
3899.36000000,0.30763403,0.30455185,1.00000000
3899.84200000,0.30764646,0.30445923,1.00000000
3900.32400000,0.30761448,0.30436649,1.00000000
3900.80600000,0.30777107,0.30427363,1.00000000
3901.28800000,0.30780733,0.30418065,1.00000000
3901.77000000,0.30754254,0.30408757,1.00000000
3902.25200000,0.30773312,0.30399439,1.00000000
3902.73500000,0.30773039,0.30390091,1.00000000
3903.21700000,0.30759532,0.30380754,1.00000000
3903.69900000,0.30762767,0.30371407,1.00000000
3904.18100000,0.30747592,0.30362053,1.00000000
3904.66300000,0.30727280,0.30352690,1.00000000
3905.14500000,0.30720116,0.30343321,1.00000000
3905.62700000,0.30734839,0.30333944,1.00000000
3906.10900000,0.30710008,0.30324561,1.00000000
3906.59200000,0.30729961,0.30315153,1.00000000
3907.07300000,0.30700275,0.30305779,1.00000000
3907.55600000,0.30719310,0.30296360,1.00000000
3908.03800000,0.30709387,0.30286957,1.00000000
3908.52000000,0.30699665,0.30277550,1.00000000
3909.00200000,0.30715926,0.30268140,1.00000000
3909.48400000,0.30712658,0.30258727,1.00000000
3909.96600000,0.30688593,0.30249311,1.00000000
3910.44800000,0.30722544,0.30239894,1.00000000
3910.93000000,0.30748843,0.30230475,1.00000000
3911.41300000,0.30721754,0.30221036,1.00000000
3911.89500000,0.30701387,0.30211617,1.00000000
3912.37700000,0.30717122,0.30202197,1.00000000
3912.85900000,0.30716235,0.30192778,1.00000000
3913.34100000,0.30733068,0.30183360,1.00000000
3913.82300000,0.30743644,0.30173944,1.00000000
3914.30500000,0.30726747,0.30164530,1.00000000
3914.78700000,0.30733313,0.30155119,1.00000000
3915.27000000,0.30733919,0.30145691,1.00000000
3915.75200000,0.30734477,0.30136287,1.00000000
3916.23400000,0.30746728,0.30126887,1.00000000
3916.71600000,0.30733031,0.30117491,1.00000000
3917.19800000,0.30750592,0.30108101,1.00000000
3917.68000000,0.30758827,0.30098716,1.00000000
3918.16200000,0.30770267,0.30089337,1.00000000
3918.64400000,0.30763971,0.30079965,1.00000000
3919.12600000,0.30737644,0.30070600,1.00000000
3919.60900000,0.30740081,0.30061223,1.00000000
3920.09100000,0.30748204,0.30051874,1.00000000
3920.57300000,0.30753102,0.30042534,1.00000000
3921.05500000,0.30753518,0.30033202,1.00000000
3921.53700000,0.30769150,0.30023881,1.00000000
3922.01900000,0.30757776,0.30014569,1.00000000
3922.50100000,0.30776722,0.30005268,1.00000000
3922.98300000,0.30762478,0.29995978,1.00000000
3923.46600000,0.30745033,0.29986680,1.00000000
3923.94800000,0.30778323,0.29977414,1.00000000
3924.43000000,0.30775567,0.29968160,1.00000000
3924.91200000,0.30803320,0.29958920,1.00000000
3925.39400000,0.30804170,0.29949692,1.00000000
3925.87600000,0.30782975,0.29940479,1.00000000
3926.35800000,0.30784454,0.29931281,1.00000000
3926.84000000,0.30802413,0.29922097,1.00000000
3927.32300000,0.30802684,0.29912910,1.00000000
3927.80500000,0.30783777,0.29903758,1.00000000
3928.28700000,0.30780365,0.29894622,1.00000000
3928.76900000,0.30800132,0.29885504,1.00000000
3929.25100000,0.30809098,0.29876402,1.00000000
3929.73300000,0.30803741,0.29867319,1.00000000
3930.21500000,0.30789553,0.29858254,1.00000000
3930.69700000,0.30777230,0.29849208,1.00000000
3931.17900000,0.30794399,0.29840181,1.00000000
3931.66200000,0.30782235,0.29831155,1.00000000
3932.14400000,0.30792522,0.29822169,1.00000000
3932.62600000,0.30789947,0.29813203,1.00000000
3933.10800000,0.30793351,0.29804258,1.00000000
3933.59000000,0.30788086,0.29795335,1.00000000
3934.07200000,0.30786998,0.29786435,1.00000000
3934.55400000,0.30800842,0.29777557,1.00000000
3935.03600000,0.30784033,0.29768702,1.00000000
3935.51900000,0.30769922,0.29759852,1.00000000
3936.00000000,0.30782458,0.29751063,1.00000000
3936.48300000,0.30790536,0.29742262,1.00000000
3936.96500000,0.30768443,0.29733504,1.00000000
3937.44700000,0.30797797,0.29724772,1.00000000
3937.92900000,0.30784685,0.29716066,1.00000000
3938.41100000,0.30775305,0.29707386,1.00000000
3938.89300000,0.30778813,0.29698733,1.00000000
3939.37500000,0.30791045,0.29690107,1.00000000
3939.85700000,0.30803832,0.29681509,1.00000000
3940.34000000,0.30811775,0.29672921,1.00000000
3940.82200000,0.30796845,0.29664380,1.00000000
3941.30400000,0.30808621,0.29655868,1.00000000
3941.78600000,0.30821980,0.29647385,1.00000000
3942.26800000,0.30848849,0.29638933,1.00000000
3942.75000000,0.30840304,0.29630511,1.00000000
3943.23200000,0.30856564,0.29622119,1.00000000
3943.71400000,0.30860192,0.29613760,1.00000000
3944.19700000,0.30883183,0.29605414,1.00000000
3944.67900000,0.30860096,0.29597118,1.00000000
3945.16100000,0.30851900,0.29588855,1.00000000
3945.64300000,0.30862809,0.29580625,1.00000000
3946.12500000,0.30868529,0.29572428,1.00000000
3946.60700000,0.30860087,0.29564266,1.00000000
3947.08900000,0.30871697,0.29556138,1.00000000
3947.57100000,0.30869155,0.29548044,1.00000000
3948.05300000,0.30865147,0.29539986,1.00000000
3948.53600000,0.30872429,0.29531947,1.00000000
3949.01800000,0.30872451,0.29523960,1.00000000
3949.50000000,0.30871433,0.29516010,1.00000000
3949.98200000,0.30859613,0.29508098,1.00000000
3950.46400000,0.30855794,0.29500222,1.00000000
3950.94600000,0.30853973,0.29492384,1.00000000
3951.42800000,0.30843599,0.29484584,1.00000000
3951.91000000,0.30868499,0.29476823,1.00000000
3952.39300000,0.30845909,0.29469085,1.00000000
3952.87500000,0.30863994,0.29461403,1.00000000
3953.35700000,0.30838903,0.29453760,1.00000000
3953.83900000,0.30852971,0.29446157,1.00000000
3954.32100000,0.30842447,0.29438595,1.00000000
3954.80300000,0.30842616,0.29431074,1.00000000
3955.28500000,0.30837801,0.29423594,1.00000000
3955.76700000,0.30829580,0.29416157,1.00000000
3956.25000000,0.30848364,0.29408746,1.00000000
3956.73200000,0.30847281,0.29401393,1.00000000
3957.21400000,0.30858500,0.29394083,1.00000000
3957.69600000,0.30859119,0.29386816,1.00000000
3958.17800000,0.30870151,0.29379593,1.00000000
3958.66000000,0.30872283,0.29372414,1.00000000
3959.14200000,0.30884026,0.29365280,1.00000000
3959.62400000,0.30887119,0.29358191,1.00000000
3960.10600000,0.30897532,0.29351146,1.00000000
3960.58900000,0.30907861,0.29344133,1.00000000
3961.07100000,0.30888796,0.29337181,1.00000000
3961.55300000,0.30913771,0.29330274,1.00000000
3962.03500000,0.30933631,0.29323415,1.00000000
3962.51700000,0.30894873,0.29316603,1.00000000
3962.99900000,0.30910746,0.29309838,1.00000000
3963.48100000,0.30908189,0.29303120,1.00000000
3963.96300000,0.30923358,0.29296451,1.00000000
3964.44600000,0.30914522,0.29289817,1.00000000
3964.92700000,0.30921195,0.29283259,1.00000000
3965.41000000,0.30904355,0.29276723,1.00000000
3965.89200000,0.30901917,0.29270250,1.00000000
3966.37400000,0.30911305,0.29263827,1.00000000
3966.85600000,0.30896594,0.29257454,1.00000000
3967.33800000,0.30902701,0.29251132,1.00000000
3967.82000000,0.30889048,0.29244860,1.00000000
3968.30200000,0.30910142,0.29238640,1.00000000
3968.78400000,0.30897723,0.29232471,1.00000000
3969.26700000,0.30901498,0.29226341,1.00000000
3969.74900000,0.30919774,0.29220277,1.00000000
3970.23100000,0.30921323,0.29214265,1.00000000
3970.71300000,0.30936593,0.29208305,1.00000000
3971.19500000,0.30942097,0.29202399,1.00000000
3971.67700000,0.30938750,0.29196546,1.00000000
3972.15900000,0.30937521,0.29190747,1.00000000
3972.64100000,0.30960705,0.29185002,1.00000000
3973.12400000,0.30926031,0.29179300,1.00000000
3973.60600000,0.30942279,0.29173664,1.00000000
3974.08800000,0.30936707,0.29168083,1.00000000
3974.57000000,0.30943035,0.29162557,1.00000000
3975.05200000,0.30944238,0.29157087,1.00000000
3975.53400000,0.30933774,0.29151672,1.00000000
3976.01600000,0.30933118,0.29146314,1.00000000
3976.49800000,0.30930783,0.29141012,1.00000000
3976.98000000,0.30957144,0.29135767,1.00000000
3977.46300000,0.30934073,0.29130568,1.00000000
3977.94500000,0.30945431,0.29125437,1.00000000
3978.42700000,0.30940491,0.29120363,1.00000000
3978.90900000,0.30960379,0.29115347,1.00000000
3979.39100000,0.30941627,0.29110389,1.00000000
3979.87300000,0.30934042,0.29105489,1.00000000
3980.35500000,0.30939889,0.29100648,1.00000000
3980.83700000,0.30928213,0.29095866,1.00000000
3981.32000000,0.30926560,0.29091133,1.00000000
3981.80200000,0.30930232,0.29086469,1.00000000
3982.28400000,0.30919142,0.29081865,1.00000000
3982.76600000,0.30932336,0.29077320,1.00000000
3983.24800000,0.30950717,0.29072835,1.00000000
3983.73000000,0.30949859,0.29068411,1.00000000
3984.21200000,0.30954528,0.29064047,1.00000000
3984.69400000,0.30950386,0.29059743,1.00000000
3985.17700000,0.30962595,0.29055492,1.00000000
3985.65900000,0.30959260,0.29051311,1.00000000
3986.14100000,0.30966574,0.29047191,1.00000000
3986.62300000,0.30997608,0.29043133,1.00000000
3987.10500000,0.31014018,0.29039136,1.00000000
3987.58700000,0.31010841,0.29035202,1.00000000
3988.06900000,0.31006339,0.29031329,1.00000000
3988.55100000,0.31000798,0.29027520,1.00000000
3989.03300000,0.31014314,0.29023772,1.00000000
3989.51600000,0.31021245,0.29020080,1.00000000
3989.99800000,0.31014060,0.29016459,1.00000000
3990.48000000,0.31034082,0.29012900,1.00000000
3990.96200000,0.31038592,0.29009405,1.00000000
3991.44400000,0.31030771,0.29005974,1.00000000
3991.92600000,0.31023390,0.29002606,1.00000000
3992.40800000,0.31036074,0.28999303,1.00000000
3992.89000000,0.31025413,0.28996063,1.00000000
3993.37300000,0.31042742,0.28992881,1.00000000
3993.85400000,0.31040472,0.28989776,1.00000000
3994.33700000,0.31039990,0.28986724,1.00000000
3994.81900000,0.31049413,0.28983742,1.00000000
3995.30100000,0.31040265,0.28980825,1.00000000
3995.78300000,0.31050330,0.28977973,1.00000000
3996.26500000,0.31051771,0.28975187,1.00000000
3996.74700000,0.31062465,0.28972466,1.00000000
3997.22900000,0.31050480,0.28969810,1.00000000
3997.71100000,0.31028758,0.28967220,1.00000000
3998.19400000,0.31070372,0.28964690,1.00000000
3998.67600000,0.31067197,0.28962231,1.00000000
3999.15800000,0.31085755,0.28959839,1.00000000
3999.64000000,0.31072175,0.28957513,1.00000000
